identifier,task_type,task_description,item_index,item_text,session_id,created_at,json_path,audio_file
S02110,a_repeat_senior,아 반복 발음 과제 (어르신),,,session_1765019465052_lliakjqnti,2025-12-06T11:11:05.106633+00:00,media/audio/senior/S02110/681b8b4df1d8484ab206ec1cf2f76426.json,audio/senior/S02110/681b8b4df1d8484ab206ec1cf2f76426.wav
S02110,repeat_senior,퍼터커 반복 발음 과제 (어르신),4,커,senior_repeat_1765019625561_wdak6fhwu,2025-12-06T11:13:45.573473+00:00,media/audio/senior/S02110/390faacdbc7847abaad88534c1fa74e5.json,audio/senior/S02110/390faacdbc7847abaad88534c1fa74e5.wav
S02110,repeat_senior,퍼터커 반복 발음 과제 (어르신),2,터,senior_repeat_1765019546716_g374onip1,2025-12-06T11:12:26.723411+00:00,media/audio/senior/S02110/8e0f8919e50b4b1bbed6f0c9de0b2d7f.json,audio/senior/S02110/8e0f8919e50b4b1bbed6f0c9de0b2d7f.wav
S02110,repeat_senior,퍼터커 반복 발음 과제 (어르신),0,퍼,senior_repeat_1765019519150_sfugv3ks0,2025-12-06T11:11:59.167017+00:00,media/audio/senior/S02110/7ab0bf17981c40229b6f58b9e8d0e878.json,audio/senior/S02110/7ab0bf17981c40229b6f58b9e8d0e878.wav
S02110,repeat_senior,퍼터커 반복 발음 과제 (어르신),5,커,senior_repeat_1765019636823_bz4f68or5,2025-12-06T11:13:56.830249+00:00,media/audio/senior/S02110/65f5c8f84b9040e286e8f7d1279af0f8.json,audio/senior/S02110/65f5c8f84b9040e286e8f7d1279af0f8.wav
S02110,repeat_senior,퍼터커 반복 발음 과제 (어르신),3,터,senior_repeat_1765019610240_fyjoee0ve,2025-12-06T11:13:30.231322+00:00,media/audio/senior/S02110/e6d95abcfa13430fa96efc8bccef63dd.json,audio/senior/S02110/e6d95abcfa13430fa96efc8bccef63dd.wav
S02110,a_repeat_senior,아 반복 발음 과제 (어르신),,,session_1765019402495_f7w3e951si,2025-12-06T11:10:02.503412+00:00,media/audio/senior/S02110/ea52c244d3524fe0b2958cdb295d9eec.json,audio/senior/S02110/ea52c244d3524fe0b2958cdb295d9eec.wav
S02110,a_repeat_senior,아 반복 발음 과제 (어르신),,,session_1765019378768_mn4c4lfyba,2025-12-06T11:09:38.969979+00:00,media/audio/senior/S02110/a8efd7e2cd3747be9dedfa63c94617ed.json,audio/senior/S02110/a8efd7e2cd3747be9dedfa63c94617ed.wav
S02110,a_repeat_senior,아 반복 발음 과제 (어르신),,,session_1765019496548_p7gziihgrm,2025-12-06T11:11:36.546667+00:00,media/audio/senior/S02110/74d7e48039e64b82941fec4454841215.json,audio/senior/S02110/74d7e48039e64b82941fec4454841215.wav
S02110,repeat_senior,퍼터커 반복 발음 과제 (어르신),7,퍼터커,senior_repeat_1765019676452_08tdhv6x5,2025-12-06T11:14:36.469603+00:00,media/audio/senior/S02110/042767f5ac5a4c7f8be285418d4a496e.json,audio/senior/S02110/042767f5ac5a4c7f8be285418d4a496e.wav
S02110,repeat_senior,퍼터커 반복 발음 과제 (어르신),1,퍼,senior_repeat_1765019529286_0g1xtwd44,2025-12-06T11:12:09.258486+00:00,media/audio/senior/S02110/fccfab8ca3744a489515b68e7f1df5ad.json,audio/senior/S02110/fccfab8ca3744a489515b68e7f1df5ad.wav
S02110,repeat_senior,퍼터커 반복 발음 과제 (어르신),6,퍼터커,senior_repeat_1765019663845_t5kl3rzr5,2025-12-06T11:14:23.856702+00:00,media/audio/senior/S02110/91eb6d7ac48f4d3b96ead9417e1e740b.json,audio/senior/S02110/91eb6d7ac48f4d3b96ead9417e1e740b.wav
S71394,a_repeat_senior,아 반복 발음 과제 (어르신),,,session_1769734343344_qki31vkcpzk,2026-01-30T00:52:21.134164+00:00,media/audio/senior/S71394/d5c176682ffa46d19a0d44711916efd8.json,audio/senior/S71394/d5c176682ffa46d19a0d44711916efd8.wav
S71394,repeat_senior,퍼터커 반복 발음 과제 (어르신),2,터,senior_repeat_1769734386768_mi8235x5d,2026-01-30T00:53:04.461185+00:00,media/audio/senior/S71394/36e2c741632d49d6be906249b6b4b1da.json,audio/senior/S71394/36e2c741632d49d6be906249b6b4b1da.wav
S71394,repeat_senior,퍼터커 반복 발음 과제 (어르신),4,커,senior_repeat_1769734407733_3e0bqeecf,2026-01-30T00:53:25.422044+00:00,media/audio/senior/S71394/bb0cac09db9f42f295096c50ac8cf36d.json,audio/senior/S71394/bb0cac09db9f42f295096c50ac8cf36d.wav
S71394,repeat_senior,퍼터커 반복 발음 과제 (어르신),1,퍼,senior_repeat_1769734374996_czzeulceh,2026-01-30T00:52:52.676193+00:00,media/audio/senior/S71394/880ad18f837f4673bf71614e1ebcb456.json,audio/senior/S71394/880ad18f837f4673bf71614e1ebcb456.wav
S71394,repeat_senior,퍼터커 반복 발음 과제 (어르신),0,퍼,senior_repeat_1769734363817_n7z3hsmna,2026-01-30T00:52:41.507876+00:00,media/audio/senior/S71394/6da73099f8424f169d26618e01829ad8.json,audio/senior/S71394/6da73099f8424f169d26618e01829ad8.wav
S71394,repeat_senior,퍼터커 반복 발음 과제 (어르신),7,퍼터커,senior_repeat_1769734446242_jo65zkt25,2026-01-30T00:54:03.944959+00:00,media/audio/senior/S71394/a3b8a599958248cba3632bc6f14c0af7.json,audio/senior/S71394/a3b8a599958248cba3632bc6f14c0af7.wav
S71394,repeat_senior,퍼터커 반복 발음 과제 (어르신),5,커,senior_repeat_1769734418690_lr0oj8as2,2026-01-30T00:53:36.408519+00:00,media/audio/senior/S71394/ffe48efa4c814979a6f2387454ae9c4b.json,audio/senior/S71394/ffe48efa4c814979a6f2387454ae9c4b.wav
S71394,repeat_senior,퍼터커 반복 발음 과제 (어르신),6,퍼터커,senior_repeat_1769734432933_igkinuopa,2026-01-30T00:53:50.623596+00:00,media/audio/senior/S71394/b37473c68f3e4dc0a4e265c4aeb33440.json,audio/senior/S71394/b37473c68f3e4dc0a4e265c4aeb33440.wav
S71394,a_repeat_senior,아 반복 발음 과제 (어르신),,,session_1769734332324_f60qehh3sqc,2026-01-30T00:52:10.060208+00:00,media/audio/senior/S71394/39666ac9abe64203890a7266441a8fdb.json,audio/senior/S71394/39666ac9abe64203890a7266441a8fdb.wav
S71394,repeat_senior,퍼터커 반복 발음 과제 (어르신),3,터,senior_repeat_1769734396995_9xpmze8fp,2026-01-30T00:53:14.696396+00:00,media/audio/senior/S71394/707f982eb46b44d586c2945aa2be8fe7.json,audio/senior/S71394/707f982eb46b44d586c2945aa2be8fe7.wav
S65228,a_repeat_senior,아 반복 발음 과제 (어르신),,,session_1763692232267_huef08usc06,2025-11-21T02:30:32.522268+00:00,media/audio/senior/S65228/d2c14b22310947f58f735056c34b7b50.json,audio/senior/d2c14b22310947f58f735056c34b7b50.wav
S65228,a_repeat_senior,아 반복 발음 과제 (어르신),,,session_1763692219002_dndz2wfyl56,2025-11-21T02:30:19.308411+00:00,media/audio/senior/S65228/49813f5feee640288f6a7b7832d0152b.json,audio/senior/49813f5feee640288f6a7b7832d0152b.wav
S65228,repeat_senior,퍼터커 반복 발음 과제 (어르신),0,퍼,senior_repeat_1763692255281_d6kbe92d1,2025-11-21T02:30:55.527707+00:00,media/audio/senior/S65228/3d13f17387c34cbe98abb96ac05d7935.json,audio/senior/3d13f17387c34cbe98abb96ac05d7935.wav
S65228,repeat_senior,퍼터커 반복 발음 과제 (어르신),3,터,senior_repeat_1763692287877_9eya3zbb7,2025-11-21T02:31:28.133463+00:00,media/audio/senior/S65228/4d941d01b87642599c1d10853124ab4b.json,audio/senior/4d941d01b87642599c1d10853124ab4b.wav
S65228,repeat_senior,퍼터커 반복 발음 과제 (어르신),4,커,senior_repeat_1763692298784_nntvqn7ab,2025-11-21T02:31:39.031053+00:00,media/audio/senior/S65228/ded11c01a39e4b6ab9c092ebd6f8942e.json,audio/senior/ded11c01a39e4b6ab9c092ebd6f8942e.wav
S65228,repeat_senior,퍼터커 반복 발음 과제 (어르신),6,퍼터커,senior_repeat_1763692324570_ifili2l4c,2025-11-21T02:32:04.817142+00:00,media/audio/senior/S65228/c095e74ae709460fb017df82a5bfdbae.json,audio/senior/c095e74ae709460fb017df82a5bfdbae.wav
S65228,repeat_senior,퍼터커 반복 발음 과제 (어르신),7,퍼터커,senior_repeat_1763692334391_8mlbv6d7r,2025-11-21T02:32:14.640518+00:00,media/audio/senior/S65228/9f044d7f203348a0ab028984c450fc4d.json,audio/senior/9f044d7f203348a0ab028984c450fc4d.wav
S65228,repeat_senior,퍼터커 반복 발음 과제 (어르신),5,커,senior_repeat_1763692307327_4o6dj8fab,2025-11-21T02:31:47.566826+00:00,media/audio/senior/S65228/ae7ff77e8be7440eae5777a4f04db10c.json,audio/senior/ae7ff77e8be7440eae5777a4f04db10c.wav
S65228,repeat_senior,퍼터커 반복 발음 과제 (어르신),2,터,senior_repeat_1763692278358_f5shr50k9,2025-11-21T02:31:18.611187+00:00,media/audio/senior/S65228/8010f5a209624cfea14a348e832d0a58.json,audio/senior/8010f5a209624cfea14a348e832d0a58.wav
S65228,repeat_senior,퍼터커 반복 발음 과제 (어르신),1,퍼,senior_repeat_1763692266856_fbnlrtxbz,2025-11-21T02:31:07.100546+00:00,media/audio/senior/S65228/e22712ddc25e4b7f83e37a70670528d6.json,audio/senior/e22712ddc25e4b7f83e37a70670528d6.wav
S82501,repeat_senior,퍼터커 반복 발음 과제 (어르신),0,퍼,senior_repeat_1768316341046_8gymmktym,2026-01-13T14:59:03.401574+00:00,media/audio/senior/S82501/5868c639b9a34cbdb16bb488ff8440ce.json,audio/senior/S82501/5868c639b9a34cbdb16bb488ff8440ce.wav
S77645,a_repeat_senior,아 반복 발음 과제 (어르신),,,session_1765957343343_spoaht6f0v9,2025-12-17T07:42:22.355702+00:00,media/audio/senior/S77645/93b4590eb67e4a57a697e307d7ad3bd1.json,audio/senior/S77645/93b4590eb67e4a57a697e307d7ad3bd1.wav
S77645,repeat_senior,퍼터커 반복 발음 과제 (어르신),0,퍼,senior_repeat_1765957366393_i7zygzm2v,2025-12-17T07:42:45.056380+00:00,media/audio/senior/S77645/e10041c173fa490fb7006624c61d8768.json,audio/senior/S77645/e10041c173fa490fb7006624c61d8768.wav
S77645,a_repeat_senior,아 반복 발음 과제 (어르신),,,session_1765957327928_3hwizdh7z29,2025-12-17T07:42:06.771586+00:00,media/audio/senior/S77645/1ea79298551f4d98b2db0cee4f56b6d0.json,audio/senior/S77645/1ea79298551f4d98b2db0cee4f56b6d0.wav
S77645,repeat_senior,퍼터커 반복 발음 과제 (어르신),7,퍼터커,senior_repeat_1765957471632_mcn8a2bnv,2025-12-17T07:44:30.722675+00:00,media/audio/senior/S77645/910cd191f629484981ac46438c5e5b5e.json,audio/senior/S77645/910cd191f629484981ac46438c5e5b5e.wav
S77645,repeat_senior,퍼터커 반복 발음 과제 (어르신),6,퍼터커,senior_repeat_1765957452206_vapqn5e4u,2025-12-17T07:44:11.334509+00:00,media/audio/senior/S77645/e7b98261ed60401d80834f68ed6479dc.json,audio/senior/S77645/e7b98261ed60401d80834f68ed6479dc.wav
S77645,repeat_senior,퍼터커 반복 발음 과제 (어르신),3,터,senior_repeat_1765957410069_mke3s5n54,2025-12-17T07:43:29.543498+00:00,media/audio/senior/S77645/27e4d145205d4ea79781fcf199a37d0b.json,audio/senior/S77645/27e4d145205d4ea79781fcf199a37d0b.wav
S77645,repeat_senior,퍼터커 반복 발음 과제 (어르신),4,커,senior_repeat_1765957422845_tdbozpfgt,2025-12-17T07:43:43.041084+00:00,media/audio/senior/S77645/bee340f4a85a41dca70ca495c2b28631.json,audio/senior/S77645/bee340f4a85a41dca70ca495c2b28631.wav
S77645,repeat_senior,퍼터커 반복 발음 과제 (어르신),2,터,senior_repeat_1765957395018_g788olpeu,2025-12-17T07:43:13.943363+00:00,media/audio/senior/S77645/acc15cd560b64c928525feaa59d4fe23.json,audio/senior/S77645/acc15cd560b64c928525feaa59d4fe23.wav
S77645,repeat_senior,퍼터커 반복 발음 과제 (어르신),5,커,senior_repeat_1765957438439_o64x6o898,2025-12-17T07:43:57.168980+00:00,media/audio/senior/S77645/02af4c3c11a743deb3c11b4b4d652dac.json,audio/senior/S77645/02af4c3c11a743deb3c11b4b4d652dac.wav
S77645,repeat_senior,퍼터커 반복 발음 과제 (어르신),1,퍼,senior_repeat_1765957379827_7g7y2ttq3,2025-12-17T07:42:58.664101+00:00,media/audio/senior/S77645/96f70f3404e843d88ffdcdd98af1c845.json,audio/senior/S77645/96f70f3404e843d88ffdcdd98af1c845.wav
S82437,repeat_senior,퍼터커 반복 발음 과제 (어르신),6,퍼터커,senior_repeat_1769167391992_mm0akq87h,2026-01-23T11:23:12.555124+00:00,media/audio/senior/S82437/d39c1f073b5a4075957b57452995763f.json,audio/senior/S82437/d39c1f073b5a4075957b57452995763f.wav
S82437,repeat_senior,퍼터커 반복 발음 과제 (어르신),3,터,senior_repeat_1769167309493_kw697rj9o,2026-01-23T11:21:50.051739+00:00,media/audio/senior/S82437/7b28de38a6a944db950d5ba0682fa7d7.json,audio/senior/S82437/7b28de38a6a944db950d5ba0682fa7d7.wav
S82437,repeat_senior,퍼터커 반복 발음 과제 (어르신),1,퍼,senior_repeat_1769167256768_4vuk2im0v,2026-01-23T11:20:57.333000+00:00,media/audio/senior/S82437/4cf6df24dcfd4586b8649ca7a914e449.json,audio/senior/S82437/4cf6df24dcfd4586b8649ca7a914e449.wav
S82437,repeat_senior,퍼터커 반복 발음 과제 (어르신),0,퍼,senior_repeat_1769167229321_qydc84wu7,2026-01-23T11:20:29.884058+00:00,media/audio/senior/S82437/7d88e76785844d989b5fb15fa5479707.json,audio/senior/S82437/7d88e76785844d989b5fb15fa5479707.wav
S82437,a_repeat_senior,아 반복 발음 과제 (어르신),,,session_1769167162592_f9xemgyfhqm,2026-01-23T11:19:23.148820+00:00,media/audio/senior/S82437/c5c868953dbb45fc9ffd6bfde40eeaf1.json,audio/senior/S82437/c5c868953dbb45fc9ffd6bfde40eeaf1.wav
S82437,a_repeat_senior,아 반복 발음 과제 (어르신),,,session_1769167186947_9nlosmj3pfs,2026-01-23T11:19:47.526274+00:00,media/audio/senior/S82437/050a110a8ac04b02ba8350a00272445f.json,audio/senior/S82437/050a110a8ac04b02ba8350a00272445f.wav
S82437,repeat_senior,퍼터커 반복 발음 과제 (어르신),2,터,senior_repeat_1769167282635_h5vx4p1gk,2026-01-23T11:21:23.204744+00:00,media/audio/senior/S82437/a8bdc23593ab4c46a943b14ec7eb19bf.json,audio/senior/S82437/a8bdc23593ab4c46a943b14ec7eb19bf.wav
S82437,repeat_senior,퍼터커 반복 발음 과제 (어르신),5,커,senior_repeat_1769167364018_afqzcsirz,2026-01-23T11:22:44.584278+00:00,media/audio/senior/S82437/4c1afd52931b49a6ad5ff808f7c7337a.json,audio/senior/S82437/4c1afd52931b49a6ad5ff808f7c7337a.wav
S82437,repeat_senior,퍼터커 반복 발음 과제 (어르신),7,퍼터커,senior_repeat_1769167417038_z6tot1u4e,2026-01-23T11:23:37.723159+00:00,media/audio/senior/S82437/50728bff2b0d4ad59a4f8a13a848fac1.json,audio/senior/S82437/50728bff2b0d4ad59a4f8a13a848fac1.wav
S82437,repeat_senior,퍼터커 반복 발음 과제 (어르신),4,커,senior_repeat_1769167335372_ubmknxtzu,2026-01-23T11:22:15.950312+00:00,media/audio/senior/S82437/e7127ad02cab46678f8885bc8fa86d6d.json,audio/senior/S82437/e7127ad02cab46678f8885bc8fa86d6d.wav
S65624,repeat_senior,퍼터커 반복 발음 과제 (어르신),0,퍼,senior_repeat_1768282211229_pyxwbz71i,2026-01-13T05:30:09.707777+00:00,media/audio/senior/S65624/a565515e12554f278bda97303da578aa.json,audio/senior/S65624/a565515e12554f278bda97303da578aa.wav
S65624,repeat_senior,퍼터커 반복 발음 과제 (어르신),1,퍼,senior_repeat_1768282225346_fya1p8iey,2026-01-13T05:30:23.879005+00:00,media/audio/senior/S65624/fc17c17ed0b34979bedb8990d7e18446.json,audio/senior/S65624/fc17c17ed0b34979bedb8990d7e18446.wav
S65624,a_repeat_senior,아 반복 발음 과제 (어르신),,,session_1768282179554_xjcgi3qmnz,2026-01-13T05:29:38.293894+00:00,media/audio/senior/S65624/8ff9145240f2469abbe7414e076e01ec.json,audio/senior/S65624/8ff9145240f2469abbe7414e076e01ec.wav
S65624,repeat_senior,퍼터커 반복 발음 과제 (어르신),5,커,senior_repeat_1768282278022_3lffnhk7e,2026-01-13T05:31:16.368372+00:00,media/audio/senior/S65624/7b508a28255c4e64b4cdbbd90d962d37.json,audio/senior/S65624/7b508a28255c4e64b4cdbbd90d962d37.wav
S65624,repeat_senior,퍼터커 반복 발음 과제 (어르신),7,퍼터커,senior_repeat_1768282304343_415j6yf3k,2026-01-13T05:31:42.747408+00:00,media/audio/senior/S65624/9a8481f2d82d453eb86d82c3610d8513.json,audio/senior/S65624/9a8481f2d82d453eb86d82c3610d8513.wav
S65624,repeat_senior,퍼터커 반복 발음 과제 (어르신),2,터,senior_repeat_1768282241521_6ar9ln3lc,2026-01-13T05:30:39.923574+00:00,media/audio/senior/S65624/f5a931e9166a40c5860198cf629bf2a3.json,audio/senior/S65624/f5a931e9166a40c5860198cf629bf2a3.wav
S65624,repeat_senior,퍼터커 반복 발음 과제 (어르신),4,커,senior_repeat_1768282266693_vkz4s7dw6,2026-01-13T05:31:05.427451+00:00,media/audio/senior/S65624/749e19bba4dc4493aa2e0464073d23db.json,audio/senior/S65624/749e19bba4dc4493aa2e0464073d23db.wav
S65624,repeat_senior,퍼터커 반복 발음 과제 (어르신),6,퍼터커,senior_repeat_1768282293975_jbeutdcl2,2026-01-13T05:31:32.390757+00:00,media/audio/senior/S65624/02749fd8e3784cde8622c80f3109b1f6.json,audio/senior/S65624/02749fd8e3784cde8622c80f3109b1f6.wav
S65624,a_repeat_senior,아 반복 발음 과제 (어르신),,,session_1768282164620_niyto4ftem,2026-01-13T05:29:23.321363+00:00,media/audio/senior/S65624/d87e1b89dc72415c8900acd3a1dfe7f4.json,audio/senior/S65624/d87e1b89dc72415c8900acd3a1dfe7f4.wav
S65624,repeat_senior,퍼터커 반복 발음 과제 (어르신),3,터,senior_repeat_1768282252118_77dnrtthq,2026-01-13T05:30:50.466149+00:00,media/audio/senior/S65624/d3792e0fa1f0436aa68313f1451b7ba2.json,audio/senior/S65624/d3792e0fa1f0436aa68313f1451b7ba2.wav
S33838,repeat_senior,퍼터커 반복 발음 과제 (어르신),3,터,senior_repeat_1765610911959_stl9mhi25,2025-12-13T07:28:32.510907+00:00,media/audio/senior/S33838/28b65a1fbdde4e5d9ffd43b41ca0e26f.json,audio/senior/S33838/28b65a1fbdde4e5d9ffd43b41ca0e26f.wav
S33838,repeat_senior,퍼터커 반복 발음 과제 (어르신),6,퍼터커,senior_repeat_1765610962479_zaposvlra,2025-12-13T07:29:23.204988+00:00,media/audio/senior/S33838/ef887d943988477fb9e3ee7a9bea2ff9.json,audio/senior/S33838/ef887d943988477fb9e3ee7a9bea2ff9.wav
S33838,repeat_senior,퍼터커 반복 발음 과제 (어르신),5,커,senior_repeat_1765610941645_p2c4gnq2r,2025-12-13T07:29:02.486222+00:00,media/audio/senior/S33838/0b56098962884ae197d0c78d1ef029a2.json,audio/senior/S33838/0b56098962884ae197d0c78d1ef029a2.wav
S33838,repeat_senior,퍼터커 반복 발음 과제 (어르신),1,퍼,senior_repeat_1765610877800_yxl27f9hd,2025-12-13T07:27:58.402725+00:00,media/audio/senior/S33838/e899566c826147b88cc06b1719393750.json,audio/senior/S33838/e899566c826147b88cc06b1719393750.wav
S33838,a_repeat_senior,아 반복 발음 과제 (어르신),,,session_1765610829596_fpgamkw1bx,2025-12-13T07:27:10.363791+00:00,media/audio/senior/S33838/ac7c2bcebc164da29656b0bcfa691cb6.json,audio/senior/S33838/ac7c2bcebc164da29656b0bcfa691cb6.wav
S33838,repeat_senior,퍼터커 반복 발음 과제 (어르신),2,터,senior_repeat_1765610894778_q7l1mp1hl,2025-12-13T07:28:15.331237+00:00,media/audio/senior/S33838/ecff9f8a88644cb5b9a0281a612edf36.json,audio/senior/S33838/ecff9f8a88644cb5b9a0281a612edf36.wav
S33838,repeat_senior,퍼터커 반복 발음 과제 (어르신),7,퍼터커,senior_repeat_1765610977841_w5mcwevly,2025-12-13T07:29:38.787240+00:00,media/audio/senior/S33838/09c765df40dd44c490473606b1b4c88d.json,audio/senior/S33838/09c765df40dd44c490473606b1b4c88d.wav
S33838,repeat_senior,퍼터커 반복 발음 과제 (어르신),4,커,senior_repeat_1765610927749_c08jif3my,2025-12-13T07:28:48.306012+00:00,media/audio/senior/S33838/917041f04af44c33906aa5259a0193a3.json,audio/senior/S33838/917041f04af44c33906aa5259a0193a3.wav
S33838,repeat_senior,퍼터커 반복 발음 과제 (어르신),0,퍼,senior_repeat_1765610862419_3nn607935,2025-12-13T07:27:43.031139+00:00,media/audio/senior/S33838/1eec753827144f5d8e075fb9eeaa8bd7.json,audio/senior/S33838/1eec753827144f5d8e075fb9eeaa8bd7.wav
S33838,a_repeat_senior,아 반복 발음 과제 (어르신),,,session_1765610841143_z2xitug62kb,2025-12-13T07:27:21.791892+00:00,media/audio/senior/S33838/49a4002efb034172b6cd56af6d6b64b8.json,audio/senior/S33838/49a4002efb034172b6cd56af6d6b64b8.wav
S03169,repeat_senior,퍼터커 반복 발음 과제 (어르신),7,퍼터커,senior_repeat_1761305428807_plwzii1rk,2025-10-24T11:30:29.059201+00:00,media/audio/senior/S03169/f114096c53734592996151b06922b790.json,audio/senior/f114096c53734592996151b06922b790.wav
S03169,repeat_senior,퍼터커 반복 발음 과제 (어르신),3,터,senior_repeat_1761305378180_22avsje5k,2025-10-24T11:29:38.517104+00:00,media/audio/senior/S03169/8ba08fdac26247a299c53124be801620.json,audio/senior/8ba08fdac26247a299c53124be801620.wav
S03169,a_repeat_senior,아 반복 발음 과제 (어르신),,,session_1761305312699_2bql46sl6ih,2025-10-24T11:28:32.926703+00:00,media/audio/senior/S03169/eab9e4f299514f6ca7214c6aa71f3d87.json,audio/senior/eab9e4f299514f6ca7214c6aa71f3d87.wav
S03169,a_repeat_senior,아 반복 발음 과제 (어르신),,,session_1761305322604_jtboc66pyz,2025-10-24T11:28:42.818224+00:00,media/audio/senior/S03169/2c21f98cf28e478d9360c4c9fafc85e3.json,audio/senior/2c21f98cf28e478d9360c4c9fafc85e3.wav
S03169,repeat_senior,퍼터커 반복 발음 과제 (어르신),0,퍼,senior_repeat_1761305339269_0zplj7u03,2025-10-24T11:28:59.505067+00:00,media/audio/senior/S03169/7c984f03f5bd446ab67aafcb2a6d8274.json,audio/senior/7c984f03f5bd446ab67aafcb2a6d8274.wav
S03169,repeat_senior,퍼터커 반복 발음 과제 (어르신),6,퍼터커,senior_repeat_1761305417142_ec5qzxl5k,2025-10-24T11:30:17.408861+00:00,media/audio/senior/S03169/aceb83747bca45c2995bb1fa40320bb9.json,audio/senior/aceb83747bca45c2995bb1fa40320bb9.wav
S03169,repeat_senior,퍼터커 반복 발음 과제 (어르신),2,터,senior_repeat_1761305365101_tjuamzli1,2025-10-24T11:29:25.333889+00:00,media/audio/senior/S03169/f722d4c204344485a2f5975534346f69.json,audio/senior/f722d4c204344485a2f5975534346f69.wav
S03169,repeat_senior,퍼터커 반복 발음 과제 (어르신),4,커,senior_repeat_1761305390124_znizy56t3,2025-10-24T11:29:50.369908+00:00,media/audio/senior/S03169/0c2a38dc13bb42b3aff3f0cbf5ebe7ae.json,audio/senior/0c2a38dc13bb42b3aff3f0cbf5ebe7ae.wav
S03169,repeat_senior,퍼터커 반복 발음 과제 (어르신),1,퍼,senior_repeat_1761305351212_akihdjjqc,2025-10-24T11:29:11.461340+00:00,media/audio/senior/S03169/30408d1e0a03466c8dade7f6c05411f3.json,audio/senior/30408d1e0a03466c8dade7f6c05411f3.wav
S03169,repeat_senior,퍼터커 반복 발음 과제 (어르신),5,커,senior_repeat_1761305402695_7kuiyugfg,2025-10-24T11:30:02.964006+00:00,media/audio/senior/S03169/4713bb0a601e4bb085c33c1e041ed468.json,audio/senior/4713bb0a601e4bb085c33c1e041ed468.wav
S11512,repeat_senior,퍼터커 반복 발음 과제 (어르신),7,퍼터커,senior_repeat_1765092813411_q31ck46fr,2025-12-07T07:33:33.895882+00:00,media/audio/senior/S11512/4b21e5a118264bc3a4c695354fb529f4.json,audio/senior/S11512/4b21e5a118264bc3a4c695354fb529f4.wav
S11512,repeat_senior,퍼터커 반복 발음 과제 (어르신),1,퍼,senior_repeat_1765092679465_do44cgdpd,2025-12-07T07:31:19.937940+00:00,media/audio/senior/S11512/5e99f6ae565c4a849fa437bc21ad3bb3.json,audio/senior/S11512/5e99f6ae565c4a849fa437bc21ad3bb3.wav
S11512,repeat_senior,퍼터커 반복 발음 과제 (어르신),6,퍼터커,senior_repeat_1765092789441_wevu8nygg,2025-12-07T07:33:09.892117+00:00,media/audio/senior/S11512/3fafcc4eb0af4cacaf90473afad93475.json,audio/senior/S11512/3fafcc4eb0af4cacaf90473afad93475.wav
S11512,repeat_senior,퍼터커 반복 발음 과제 (어르신),3,터,senior_repeat_1765092727203_d9nv3ijim,2025-12-07T07:32:07.610303+00:00,media/audio/senior/S11512/0c2cd8e4535d49439d9292dfe6b595b1.json,audio/senior/S11512/0c2cd8e4535d49439d9292dfe6b595b1.wav
S11512,a_repeat_senior,아 반복 발음 과제 (어르신),,,session_1765092579271_hjsdm3jgthj,2025-12-07T07:29:39.897958+00:00,media/audio/senior/S11512/7ca3079c198e4d2296c8b65419901bc0.json,audio/senior/S11512/7ca3079c198e4d2296c8b65419901bc0.wav
S11512,repeat_senior,퍼터커 반복 발음 과제 (어르신),0,퍼,senior_repeat_1765092661912_i7walg2iu,2025-12-07T07:31:02.309795+00:00,media/audio/senior/S11512/5b81ede0d75f4c52b812da4695e0dd60.json,audio/senior/S11512/5b81ede0d75f4c52b812da4695e0dd60.wav
S11512,repeat_senior,퍼터커 반복 발음 과제 (어르신),2,터,senior_repeat_1765092709086_bgebxo2zj,2025-12-07T07:31:49.564264+00:00,media/audio/senior/S11512/b338da9afe89441399dbc7dca1da8df1.json,audio/senior/S11512/b338da9afe89441399dbc7dca1da8df1.wav
S11512,a_repeat_senior,아 반복 발음 과제 (어르신),,,session_1765092626998_zm4i1un341c,2025-12-07T07:30:27.512866+00:00,media/audio/senior/S11512/3e261bda4ff04c02b82f0b8d5862195a.json,audio/senior/S11512/3e261bda4ff04c02b82f0b8d5862195a.wav
S11512,repeat_senior,퍼터커 반복 발음 과제 (어르신),4,커,senior_repeat_1765092751941_o5sem90hb,2025-12-07T07:32:32.335548+00:00,media/audio/senior/S11512/5f1d0ad2e509411d8b3ea3d2306e9a40.json,audio/senior/S11512/5f1d0ad2e509411d8b3ea3d2306e9a40.wav
S11512,repeat_senior,퍼터커 반복 발음 과제 (어르신),5,커,senior_repeat_1765092766800_dcf39arn9,2025-12-07T07:32:47.204756+00:00,media/audio/senior/S11512/f6ab5a1c041142baa195dbdb0e0d9973.json,audio/senior/S11512/f6ab5a1c041142baa195dbdb0e0d9973.wav
S67401,repeat_senior,퍼터커 반복 발음 과제 (어르신),3,터,senior_repeat_1763106207043_u9obbdb73,2025-11-14T07:43:26.760467+00:00,media/audio/senior/S67401/d55196bcd8214158b60ba930a68ddb59.json,audio/senior/d55196bcd8214158b60ba930a68ddb59.wav
S67401,a_repeat_senior,아 반복 발음 과제 (어르신),,,session_1763106119365_294t6ffe0lm,2025-11-14T07:41:59.149946+00:00,media/audio/senior/S67401/d59db77cf7e6451c828e6eadb68bd403.json,audio/senior/d59db77cf7e6451c828e6eadb68bd403.wav
S67401,repeat_senior,퍼터커 반복 발음 과제 (어르신),1,퍼,senior_repeat_1763106183936_sug5nv45i,2025-11-14T07:43:03.656782+00:00,media/audio/senior/S67401/c9529b7fc02540169ae44a3a6bcce0c0.json,audio/senior/c9529b7fc02540169ae44a3a6bcce0c0.wav
S67401,repeat_senior,퍼터커 반복 발음 과제 (어르신),2,터,senior_repeat_1763106197934_6dvaciz9g,2025-11-14T07:43:17.649722+00:00,media/audio/senior/S67401/dd6a50b4ecb8444e8b6963afbb94c2e8.json,audio/senior/dd6a50b4ecb8444e8b6963afbb94c2e8.wav
S67401,repeat_senior,퍼터커 반복 발음 과제 (어르신),0,퍼,senior_repeat_1763106163471_pbffrfp9r,2025-11-14T07:42:43.203858+00:00,media/audio/senior/S67401/3c40f96f52d44ecaa6b7dd17c3132021.json,audio/senior/3c40f96f52d44ecaa6b7dd17c3132021.wav
S67401,repeat_senior,퍼터커 반복 발음 과제 (어르신),6,퍼터커,senior_repeat_1763106242007_lvnr8x730,2025-11-14T07:44:01.728815+00:00,media/audio/senior/S67401/3e47cd763c3542609842ba36236197d0.json,audio/senior/3e47cd763c3542609842ba36236197d0.wav
S67401,a_repeat_senior,아 반복 발음 과제 (어르신),,,session_1763106127892_m3qgm093toj,2025-11-14T07:42:07.612439+00:00,media/audio/senior/S67401/6e04d835b7814c62b1a30d6929f20fb7.json,audio/senior/6e04d835b7814c62b1a30d6929f20fb7.wav
S67401,repeat_senior,퍼터커 반복 발음 과제 (어르신),7,퍼터커,senior_repeat_1763106252708_iuf7th0bl,2025-11-14T07:44:12.424264+00:00,media/audio/senior/S67401/94daa3c5e31646f48dd96d8bb8439fe1.json,audio/senior/94daa3c5e31646f48dd96d8bb8439fe1.wav
S67401,repeat_senior,퍼터커 반복 발음 과제 (어르신),4,커,senior_repeat_1763106219196_1ij0g9kq2,2025-11-14T07:43:38.915388+00:00,media/audio/senior/S67401/89f90b739c6e4992a693e9f23b644519.json,audio/senior/89f90b739c6e4992a693e9f23b644519.wav
S67401,repeat_senior,퍼터커 반복 발음 과제 (어르신),5,커,senior_repeat_1763106229798_jcs97srs2,2025-11-14T07:43:49.516612+00:00,media/audio/senior/S67401/5e02c13a0caa482fb52b0f0adc386cec.json,audio/senior/5e02c13a0caa482fb52b0f0adc386cec.wav
S78725,repeat_senior,퍼터커 반복 발음 과제 (어르신),2,터,senior_repeat_1763272940044_djph6d7uv,2025-11-16T06:02:20.220985+00:00,media/audio/senior/S78725/062e27f0e5f24075af784ad6a9000abb.json,audio/senior/062e27f0e5f24075af784ad6a9000abb.wav
S78725,a_repeat_senior,아 반복 발음 과제 (어르신),,,session_1763272889456_tg6d2jtcthn,2025-11-16T06:01:29.695517+00:00,media/audio/senior/S78725/6a45f352d33643e1b4d662956724f992.json,audio/senior/6a45f352d33643e1b4d662956724f992.wav
S78725,repeat_senior,퍼터커 반복 발음 과제 (어르신),1,퍼,senior_repeat_1763272928119_g4qp6torf,2025-11-16T06:02:08.294194+00:00,media/audio/senior/S78725/f5c4da61d9b74e5da5783b77e07b0a2c.json,audio/senior/f5c4da61d9b74e5da5783b77e07b0a2c.wav
S78725,repeat_senior,퍼터커 반복 발음 과제 (어르신),6,퍼터커,senior_repeat_1763272985192_hjlaaq1ji,2025-11-16T06:03:05.386670+00:00,media/audio/senior/S78725/7058115031824767b2ed62494e715fbf.json,audio/senior/7058115031824767b2ed62494e715fbf.wav
S78725,repeat_senior,퍼터커 반복 발음 과제 (어르신),4,커,senior_repeat_1763272963092_fcoo07grn,2025-11-16T06:02:43.260332+00:00,media/audio/senior/S78725/519af0a06d1746a28b9ea64c8a3795df.json,audio/senior/519af0a06d1746a28b9ea64c8a3795df.wav
S78725,repeat_senior,퍼터커 반복 발음 과제 (어르신),0,퍼,senior_repeat_1763272917354_imks0zyii,2025-11-16T06:01:57.523113+00:00,media/audio/senior/S78725/e7225552aa52449cbe5935a91943244e.json,audio/senior/e7225552aa52449cbe5935a91943244e.wav
S78725,a_repeat_senior,아 반복 발음 과제 (어르신),,,session_1763272901518_ogmw54s98t,2025-11-16T06:01:41.700564+00:00,media/audio/senior/S78725/27a7e5fbb22c4bba92e32bda52f61026.json,audio/senior/27a7e5fbb22c4bba92e32bda52f61026.wav
S78725,repeat_senior,퍼터커 반복 발음 과제 (어르신),7,퍼터커,senior_repeat_1763272994942_xnr3dzra9,2025-11-16T06:03:15.125245+00:00,media/audio/senior/S78725/c495751b6f2d4b3b8f83ea0a158aeb44.json,audio/senior/c495751b6f2d4b3b8f83ea0a158aeb44.wav
S78725,repeat_senior,퍼터커 반복 발음 과제 (어르신),5,커,senior_repeat_1763272971693_plrsi8z02,2025-11-16T06:02:51.857596+00:00,media/audio/senior/S78725/72d8f4fe870e49e48116198d655d4f39.json,audio/senior/72d8f4fe870e49e48116198d655d4f39.wav
S78725,repeat_senior,퍼터커 반복 발음 과제 (어르신),3,터,senior_repeat_1763272951984_lbqnwcr93,2025-11-16T06:02:32.176462+00:00,media/audio/senior/S78725/d8ffec0b676148f292cd6aa01681480d.json,audio/senior/d8ffec0b676148f292cd6aa01681480d.wav
S85515,a_repeat_senior,아 반복 발음 과제 (어르신),,,session_1761281588055_hplh6b04fa,2025-10-24T04:53:08.284896+00:00,media/audio/senior/S85515/e9bfed3da1e840968d78b8a574c4b3c2.json,audio/senior/e9bfed3da1e840968d78b8a574c4b3c2.wav
S85515,repeat_senior,퍼터커 반복 발음 과제 (어르신),3,터,senior_repeat_1761281639458_pd1bjinyy,2025-10-24T04:53:59.632617+00:00,media/audio/senior/S85515/86c0c30d6da445909542138a18cb947e.json,audio/senior/86c0c30d6da445909542138a18cb947e.wav
S85515,repeat_senior,퍼터커 반복 발음 과제 (어르신),0,퍼,senior_repeat_1761281611338_3huwvwgmk,2025-10-24T04:53:31.515607+00:00,media/audio/senior/S85515/b34e8fb44cf040208482b0c4606cc146.json,audio/senior/b34e8fb44cf040208482b0c4606cc146.wav
S85515,repeat_senior,퍼터커 반복 발음 과제 (어르신),4,커,senior_repeat_1761281648830_8kpm9svvm,2025-10-24T04:54:09.007744+00:00,media/audio/senior/S85515/cd13229dad694e5594204f5cde3c501f.json,audio/senior/cd13229dad694e5594204f5cde3c501f.wav
S85515,a_repeat_senior,아 반복 발음 과제 (어르신),,,session_1761281573624_mph9ivv5pos,2025-10-24T04:52:53.851353+00:00,media/audio/senior/S85515/adb8930ee8fa4a19b28381ac09e91508.json,audio/senior/adb8930ee8fa4a19b28381ac09e91508.wav
S85515,repeat_senior,퍼터커 반복 발음 과제 (어르신),7,퍼터커,senior_repeat_1761281679649_147wchnzo,2025-10-24T04:54:39.839263+00:00,media/audio/senior/S85515/e7a19ae2f46d418dac28bfcd45882a16.json,audio/senior/e7a19ae2f46d418dac28bfcd45882a16.wav
S85515,repeat_senior,퍼터커 반복 발음 과제 (어르신),5,커,senior_repeat_1761281658106_hqzpminln,2025-10-24T04:54:18.289171+00:00,media/audio/senior/S85515/058796fd182e4ab997340bf761b15492.json,audio/senior/058796fd182e4ab997340bf761b15492.wav
S85515,repeat_senior,퍼터커 반복 발음 과제 (어르신),6,퍼터커,senior_repeat_1761281668235_xbr5tetp0,2025-10-24T04:54:28.421078+00:00,media/audio/senior/S85515/5ce8bb6ad1a2449387cb458c8ccac396.json,audio/senior/5ce8bb6ad1a2449387cb458c8ccac396.wav
S85515,repeat_senior,퍼터커 반복 발음 과제 (어르신),1,퍼,senior_repeat_1761281620512_keyrdv6la,2025-10-24T04:53:40.690233+00:00,media/audio/senior/S85515/fd770e8a9a0649c88d2b2f363a5c33b5.json,audio/senior/fd770e8a9a0649c88d2b2f363a5c33b5.wav
S85515,repeat_senior,퍼터커 반복 발음 과제 (어르신),2,터,senior_repeat_1761281630511_s54gw1iu4,2025-10-24T04:53:50.698325+00:00,media/audio/senior/S85515/f938435d65644a5abd21b356a194b9c4.json,audio/senior/f938435d65644a5abd21b356a194b9c4.wav
S36177,a_repeat_senior,아 반복 발음 과제 (어르신),,,session_1761727721037_tjexrvcdws,2025-10-29T08:48:41.195634+00:00,media/audio/senior/S36177/7d7db2e78e2f4ef9895e081920b003e6.json,audio/senior/7d7db2e78e2f4ef9895e081920b003e6.wav
S16409,repeat_senior,퍼터커 반복 발음 과제 (어르신),2,터,senior_repeat_1761456397845_gd7j9yj0x,2025-10-26T05:26:34.937624+00:00,media/audio/senior/S16409/ac412a84c2724d3098215e0a0344e220.json,audio/senior/ac412a84c2724d3098215e0a0344e220.wav
S16409,repeat_senior,퍼터커 반복 발음 과제 (어르신),6,퍼터커,senior_repeat_1761456447506_yuydsb6xx,2025-10-26T05:27:24.632499+00:00,media/audio/senior/S16409/14deae07630040b0a7e9d69cd2badf99.json,audio/senior/14deae07630040b0a7e9d69cd2badf99.wav
S16409,repeat_senior,퍼터커 반복 발음 과제 (어르신),1,퍼,senior_repeat_1761456384754_qug89wj60,2025-10-26T05:26:21.649149+00:00,media/audio/senior/S16409/42339ffa04c54612adf8ff7ecd247a91.json,audio/senior/42339ffa04c54612adf8ff7ecd247a91.wav
S16409,repeat_senior,퍼터커 반복 발음 과제 (어르신),3,터,senior_repeat_1761456409288_9m0hjmdlp,2025-10-26T05:26:48.678123+00:00,media/audio/senior/S16409/50faf3c669db489c9c05d742b6df7f59.json,audio/senior/50faf3c669db489c9c05d742b6df7f59.wav
S16409,a_repeat_senior,아 반복 발음 과제 (어르신),,,session_1761456343991_4x85nhvktvs,2025-10-26T05:25:41.038123+00:00,media/audio/senior/S16409/deb0312e7b44476ea93a244e26760b37.json,audio/senior/deb0312e7b44476ea93a244e26760b37.wav
S16409,a_repeat_senior,아 반복 발음 과제 (어르신),,,session_1761456352010_atn2vrjmb8j,2025-10-26T05:25:49.626779+00:00,media/audio/senior/S16409/406f8f07938f44a8a7af0a9efa565d2a.json,audio/senior/406f8f07938f44a8a7af0a9efa565d2a.wav
S16409,repeat_senior,퍼터커 반복 발음 과제 (어르신),4,커,senior_repeat_1761456423483_tc7vz2d1o,2025-10-26T05:27:00.540253+00:00,media/audio/senior/S16409/bbc9ea8aaea844718b59bed1f818ee6c.json,audio/senior/bbc9ea8aaea844718b59bed1f818ee6c.wav
S16409,repeat_senior,퍼터커 반복 발음 과제 (어르신),5,커,senior_repeat_1761456434411_gipqu1jdr,2025-10-26T05:27:11.398567+00:00,media/audio/senior/S16409/fb0d80c200234730a52ca21bc3ea2f7b.json,audio/senior/fb0d80c200234730a52ca21bc3ea2f7b.wav
S16409,repeat_senior,퍼터커 반복 발음 과제 (어르신),0,퍼,senior_repeat_1761456371895_70ffmdjus,2025-10-26T05:26:08.768518+00:00,media/audio/senior/S16409/608d9e388bb446a79f9d1d34869923ff.json,audio/senior/608d9e388bb446a79f9d1d34869923ff.wav
S16409,repeat_senior,퍼터커 반복 발음 과제 (어르신),7,퍼터커,senior_repeat_1761456457984_y7joea3l8,2025-10-26T05:27:34.915959+00:00,media/audio/senior/S16409/f9eb78d1081b45ca97e75442f883db81.json,audio/senior/f9eb78d1081b45ca97e75442f883db81.wav
S05519,repeat_senior,퍼터커 반복 발음 과제 (어르신),6,퍼터커,senior_repeat_1761457783218_4t9ha4wxy,2025-10-26T05:49:40.387233+00:00,media/audio/senior/S05519/b80bca97198c461893033c017ea0bb21.json,audio/senior/b80bca97198c461893033c017ea0bb21.wav
S05519,repeat_senior,퍼터커 반복 발음 과제 (어르신),1,퍼,senior_repeat_1761457731753_9aql4b6ll,2025-10-26T05:48:48.536911+00:00,media/audio/senior/S05519/75adae25e3604433ba2c54e5f2081ca0.json,audio/senior/75adae25e3604433ba2c54e5f2081ca0.wav
S05519,a_repeat_senior,아 반복 발음 과제 (어르신),,,session_1761457694274_jupr2qkl93,2025-10-26T05:48:11.211865+00:00,media/audio/senior/S05519/015702bc3ec042739101dd785e7e60a7.json,audio/senior/015702bc3ec042739101dd785e7e60a7.wav
S05519,repeat_senior,퍼터커 반복 발음 과제 (어르신),0,퍼,senior_repeat_1761457722190_5l5w3i3uu,2025-10-26T05:48:39.055088+00:00,media/audio/senior/S05519/41c9d755c54f47f6bf2251fde8c83ccb.json,audio/senior/41c9d755c54f47f6bf2251fde8c83ccb.wav
S05519,repeat_senior,퍼터커 반복 발음 과제 (어르신),4,커,senior_repeat_1761457762132_mj3is4c42,2025-10-26T05:49:18.976911+00:00,media/audio/senior/S05519/74b29ae3c3454e2fa7574124a28dafea.json,audio/senior/74b29ae3c3454e2fa7574124a28dafea.wav
S05519,repeat_senior,퍼터커 반복 발음 과제 (어르신),7,퍼터커,senior_repeat_1761457794733_br6nsaetn,2025-10-26T05:49:52.565949+00:00,media/audio/senior/S05519/1579a4fd1dbf433f950b39519cca7696.json,audio/senior/1579a4fd1dbf433f950b39519cca7696.wav
S05519,repeat_senior,퍼터커 반복 발음 과제 (어르신),3,터,senior_repeat_1761457751883_9yzmqyoz5,2025-10-26T05:49:08.733560+00:00,media/audio/senior/S05519/44e6a6ea094d48608ed0cc3ff66aea09.json,audio/senior/44e6a6ea094d48608ed0cc3ff66aea09.wav
S05519,repeat_senior,퍼터커 반복 발음 과제 (어르신),2,터,senior_repeat_1761457742254_pqzbgrmir,2025-10-26T05:48:59.770494+00:00,media/audio/senior/S05519/cad418395d0a477f967dcd16d6d0f418.json,audio/senior/cad418395d0a477f967dcd16d6d0f418.wav
S05519,a_repeat_senior,아 반복 발음 과제 (어르신),,,session_1761457702723_60mhceqkrjm,2025-10-26T05:48:19.525287+00:00,media/audio/senior/S05519/f1a6299a4c3a4250a15c1d6cea65d203.json,audio/senior/f1a6299a4c3a4250a15c1d6cea65d203.wav
S05519,repeat_senior,퍼터커 반복 발음 과제 (어르신),5,커,senior_repeat_1761457770980_6a5anq5wt,2025-10-26T05:49:27.845144+00:00,media/audio/senior/S05519/d31ec54dab4e4c4eb25110c2947ccbbf.json,audio/senior/d31ec54dab4e4c4eb25110c2947ccbbf.wav
S92521,repeat_senior,퍼터커 반복 발음 과제 (어르신),4,커,senior_repeat_1764935321523_9jnkfnfpq,2025-12-05T11:48:42.199671+00:00,media/audio/senior/S92521/74471e024ac44ec78604ae4bd96ee3e5.json,audio/senior/S92521/74471e024ac44ec78604ae4bd96ee3e5.wav
S92521,repeat_senior,퍼터커 반복 발음 과제 (어르신),5,커,senior_repeat_1764935332196_lv44zjiv2,2025-12-05T11:48:52.824305+00:00,media/audio/senior/S92521/569a5ce566844d4fb389c0b5456dc7e3.json,audio/senior/S92521/569a5ce566844d4fb389c0b5456dc7e3.wav
S92521,a_repeat_senior,아 반복 발음 과제 (어르신),,,session_1764935241184_qtrmzk5gzbk,2025-12-05T11:47:22.025116+00:00,media/audio/senior/S92521/a01ae93352874d45b51a61fb898a4fff.json,audio/senior/S92521/a01ae93352874d45b51a61fb898a4fff.wav
S92521,repeat_senior,퍼터커 반복 발음 과제 (어르신),3,터,senior_repeat_1764935308928_sjitqqyw5,2025-12-05T11:48:29.534974+00:00,media/audio/senior/S92521/073be9036529415287505d6c7c25dcb9.json,audio/senior/S92521/073be9036529415287505d6c7c25dcb9.wav
S92521,repeat_senior,퍼터커 반복 발음 과제 (어르신),0,퍼,senior_repeat_1764935273954_kvgmuz1mu,2025-12-05T11:47:54.712219+00:00,media/audio/senior/S92521/8b48f6b694b6444c8e061292616dfcf3.json,audio/senior/S92521/8b48f6b694b6444c8e061292616dfcf3.wav
S92521,repeat_senior,퍼터커 반복 발음 과제 (어르신),6,퍼터커,senior_repeat_1764935345175_0ias9avxa,2025-12-05T11:49:06.026058+00:00,media/audio/senior/S92521/1691f58e6b1a45d895257cae661a4574.json,audio/senior/S92521/1691f58e6b1a45d895257cae661a4574.wav
S92521,repeat_senior,퍼터커 반복 발음 과제 (어르신),7,퍼터커,senior_repeat_1764935357060_y1r5x6ok3,2025-12-05T11:49:17.739521+00:00,media/audio/senior/S92521/0ecdc74572cb43208b4bcbf394dc0eab.json,audio/senior/S92521/0ecdc74572cb43208b4bcbf394dc0eab.wav
S92521,repeat_senior,퍼터커 반복 발음 과제 (어르신),2,터,senior_repeat_1764935297328_cxwwyc4at,2025-12-05T11:48:17.896848+00:00,media/audio/senior/S92521/4a9beda1dabd47ef91191c206f28a195.json,audio/senior/S92521/4a9beda1dabd47ef91191c206f28a195.wav
S92521,a_repeat_senior,아 반복 발음 과제 (어르신),,,session_1764935253674_aif2gxcas4,2025-12-05T11:47:34.551832+00:00,media/audio/senior/S92521/3d7e345e0aef426790b4a3e466a92492.json,audio/senior/S92521/3d7e345e0aef426790b4a3e466a92492.wav
S92521,repeat_senior,퍼터커 반복 발음 과제 (어르신),1,퍼,senior_repeat_1764935285766_d8kl3l3ff,2025-12-05T11:48:06.490560+00:00,media/audio/senior/S92521/e903caa025634ab1aa7cbed9a8ab71a3.json,audio/senior/S92521/e903caa025634ab1aa7cbed9a8ab71a3.wav
S2602121309,a_repeat_senior,아 반복 발음 과제 (어르신),,,session_1770869626388_8wdxam7vmgc,2026-02-12T04:13:44.023631+00:00,media/audio/senior/S2602121309/6bb639478fc74b39a9985d57b9a51d31.json,audio/senior/S2602121309/6bb639478fc74b39a9985d57b9a51d31.wav
S2602121309,repeat_senior,퍼터커 반복 발음 과제 (어르신),7,퍼터커,senior_repeat_1770869748642_h2n26os4w,2026-02-12T04:15:46.384202+00:00,media/audio/senior/S2602121309/c8eccec879d34cd5abd5d38306328339.json,audio/senior/S2602121309/c8eccec879d34cd5abd5d38306328339.wav
S2602121309,repeat_senior,퍼터커 반복 발음 과제 (어르신),5,커,senior_repeat_1770869715926_glo0o2zje,2026-02-12T04:15:13.538389+00:00,media/audio/senior/S2602121309/f3608e668d14446185608fcbe30a7370.json,audio/senior/S2602121309/f3608e668d14446185608fcbe30a7370.wav
S2602121309,repeat_senior,퍼터커 반복 발음 과제 (어르신),4,커,senior_repeat_1770869704070_gvjcqthit,2026-02-12T04:15:01.668365+00:00,media/audio/senior/S2602121309/c839feb385864851a9ef908e9f5b39ee.json,audio/senior/S2602121309/c839feb385864851a9ef908e9f5b39ee.wav
S2602121309,repeat_senior,퍼터커 반복 발음 과제 (어르신),3,터,senior_repeat_1770869688654_w761xs7vz,2026-02-12T04:14:46.294596+00:00,media/audio/senior/S2602121309/36c584fa834c4e62b77c7d5450136604.json,audio/senior/S2602121309/36c584fa834c4e62b77c7d5450136604.wav
S2602121309,repeat_senior,퍼터커 반복 발음 과제 (어르신),2,터,senior_repeat_1770869676323_d23sa2jc4,2026-02-12T04:14:33.952392+00:00,media/audio/senior/S2602121309/dca3a26a578c4b26aa425d6337440494.json,audio/senior/S2602121309/dca3a26a578c4b26aa425d6337440494.wav
S2602121309,repeat_senior,퍼터커 반복 발음 과제 (어르신),1,퍼,senior_repeat_1770869661568_n6lf0lj24,2026-02-12T04:14:19.228245+00:00,media/audio/senior/S2602121309/c5c4b9adeaee451e918d49d0edc7e432.json,audio/senior/S2602121309/c5c4b9adeaee451e918d49d0edc7e432.wav
S2602121309,a_repeat_senior,아 반복 발음 과제 (어르신),,,session_1770869614051_q3y9nncqm99,2026-02-12T04:13:31.782110+00:00,media/audio/senior/S2602121309/f8836aa14acf4459bece798b42c8cf0c.json,audio/senior/S2602121309/f8836aa14acf4459bece798b42c8cf0c.wav
S2602121309,repeat_senior,퍼터커 반복 발음 과제 (어르신),0,퍼,senior_repeat_1770869647154_igekxul4i,2026-02-12T04:14:04.798444+00:00,media/audio/senior/S2602121309/d5412a36c0a640c897afb3eaf2dcc390.json,audio/senior/S2602121309/d5412a36c0a640c897afb3eaf2dcc390.wav
S2602121309,repeat_senior,퍼터커 반복 발음 과제 (어르신),6,퍼터커,senior_repeat_1770869734597_rw09efl9t,2026-02-12T04:15:32.251186+00:00,media/audio/senior/S2602121309/9805d995a8dc4030b133619f273696ee.json,audio/senior/S2602121309/9805d995a8dc4030b133619f273696ee.wav
S90046,repeat_senior,퍼터커 반복 발음 과제 (어르신),1,퍼,senior_repeat_1764663209581_ihwjox60o,2025-12-02T08:13:32.362471+00:00,media/audio/senior/S90046/6c32533b3eda491e9f726009ea4a862b.json,audio/senior/S90046/6c32533b3eda491e9f726009ea4a862b.wav
S90046,repeat_senior,퍼터커 반복 발음 과제 (어르신),0,퍼,senior_repeat_1764663180060_79smlizvn,2025-12-02T08:13:02.478210+00:00,media/audio/senior/S90046/d0647cbe8e81421db7e45acf4c7f1696.json,audio/senior/S90046/d0647cbe8e81421db7e45acf4c7f1696.wav
S90046,a_repeat_senior,아 반복 발음 과제 (어르신),,,session_1764663153162_0hj5fo2302f6,2025-12-02T08:12:38.948714+00:00,media/audio/senior/S90046/c58a2f090e084344aac6904ea07f544f.json,audio/senior/S90046/c58a2f090e084344aac6904ea07f544f.wav
S90046,repeat_senior,퍼터커 반복 발음 과제 (어르신),5,커,senior_repeat_1764663280014_q93wz5iof,2025-12-02T08:14:42.837431+00:00,media/audio/senior/S90046/fc728d1b6fa04107bfc8ed2f7a04b0f8.json,audio/senior/S90046/fc728d1b6fa04107bfc8ed2f7a04b0f8.wav
S90046,a_repeat_senior,아 반복 발음 과제 (어르신),,,session_1764663109217_gp3zkz4z51b,2025-12-02T08:12:04.651225+00:00,media/audio/senior/S90046/48603ab573f54044877a10270f42a41a.json,audio/senior/S90046/48603ab573f54044877a10270f42a41a.wav
S90046,repeat_senior,퍼터커 반복 발음 과제 (어르신),4,커,senior_repeat_1764663263617_jd9n27iyg,2025-12-02T08:14:27.229747+00:00,media/audio/senior/S90046/c31664d1ef164f938878232d02ca1688.json,audio/senior/S90046/c31664d1ef164f938878232d02ca1688.wav
S90046,repeat_senior,퍼터커 반복 발음 과제 (어르신),3,터,senior_repeat_1764663248481_sdcoi0ec3,2025-12-02T08:14:12.099611+00:00,media/audio/senior/S90046/cad47d5d48844b4cb5a0a31748e985a8.json,audio/senior/S90046/cad47d5d48844b4cb5a0a31748e985a8.wav
S90046,repeat_senior,퍼터커 반복 발음 과제 (어르신),7,퍼터커,senior_repeat_1764663323826_704jw4c2i,2025-12-02T08:15:28.294312+00:00,media/audio/senior/S90046/a8757b5ce16d4549b36857772a11d775.json,audio/senior/S90046/a8757b5ce16d4549b36857772a11d775.wav
S90046,repeat_senior,퍼터커 반복 발음 과제 (어르신),6,퍼터커,senior_repeat_1764663304198_tv1a36c1p,2025-12-02T08:15:06.160989+00:00,media/audio/senior/S90046/43c619b8188a45a2beba207c6736088d.json,audio/senior/S90046/43c619b8188a45a2beba207c6736088d.wav
S90046,repeat_senior,퍼터커 반복 발음 과제 (어르신),2,터,senior_repeat_1764663233415_ulvfv5nnf,2025-12-02T08:13:56.686230+00:00,media/audio/senior/S90046/ef53d276b415482c8c5f1d64b978f9d1.json,audio/senior/S90046/ef53d276b415482c8c5f1d64b978f9d1.wav
S85618,repeat_senior,퍼터커 반복 발음 과제 (어르신),1,퍼,senior_repeat_1767242617558_c0p9ueunk,2026-01-01T04:43:35.911421+00:00,media/audio/senior/S85618/7a95c8f036214bf0a03a761ad21c431f.json,audio/senior/S85618/7a95c8f036214bf0a03a761ad21c431f.wav
S85618,a_repeat_senior,아 반복 발음 과제 (어르신),,,session_1767242565408_28hytl0pkbb,2026-01-01T04:42:43.790286+00:00,media/audio/senior/S85618/5476d41985b84ce38bad64ffae7a7460.json,audio/senior/S85618/5476d41985b84ce38bad64ffae7a7460.wav
S85618,repeat_senior,퍼터커 반복 발음 과제 (어르신),5,커,senior_repeat_1767242677552_phodsdsnx,2026-01-01T04:44:35.906609+00:00,media/audio/senior/S85618/9e6ebd223c644d489f6c0ff4abe4d53f.json,audio/senior/S85618/9e6ebd223c644d489f6c0ff4abe4d53f.wav
S85618,repeat_senior,퍼터커 반복 발음 과제 (어르신),3,터,senior_repeat_1767242649179_yn1rb346f,2026-01-01T04:44:07.534772+00:00,media/audio/senior/S85618/363552281d124134a1feafa49cbad635.json,audio/senior/S85618/363552281d124134a1feafa49cbad635.wav
S85618,a_repeat_senior,아 반복 발음 과제 (어르신),,,session_1767242577731_41g1zt57ut5,2026-01-01T04:42:56.129038+00:00,media/audio/senior/S85618/628340b44f434b69a9e4956d4f4521b9.json,audio/senior/S85618/628340b44f434b69a9e4956d4f4521b9.wav
S85618,repeat_senior,퍼터커 반복 발음 과제 (어르신),2,터,senior_repeat_1767242634411_vpar03x5h,2026-01-01T04:43:52.771336+00:00,media/audio/senior/S85618/8e63fec5022f49afb87cf9bbec104315.json,audio/senior/S85618/8e63fec5022f49afb87cf9bbec104315.wav
S85618,repeat_senior,퍼터커 반복 발음 과제 (어르신),6,퍼터커,senior_repeat_1767242695675_u87ppo8ho,2026-01-01T04:44:54.123241+00:00,media/audio/senior/S85618/038003e19716496d9a48b989bbdb84a7.json,audio/senior/S85618/038003e19716496d9a48b989bbdb84a7.wav
S85618,repeat_senior,퍼터커 반복 발음 과제 (어르신),7,퍼터커,senior_repeat_1767242709882_a0o44mqak,2026-01-01T04:45:08.240453+00:00,media/audio/senior/S85618/43940d5661b64c95b1bf65fb690447a2.json,audio/senior/S85618/43940d5661b64c95b1bf65fb690447a2.wav
S85618,repeat_senior,퍼터커 반복 발음 과제 (어르신),4,커,senior_repeat_1767242664565_x2g2y6ub4,2026-01-01T04:44:22.932994+00:00,media/audio/senior/S85618/49f0fa03f6d94723b66ce5936c0ce789.json,audio/senior/S85618/49f0fa03f6d94723b66ce5936c0ce789.wav
S85618,repeat_senior,퍼터커 반복 발음 과제 (어르신),0,퍼,senior_repeat_1767242602805_rax9ygam3,2026-01-01T04:43:21.159641+00:00,media/audio/senior/S85618/ee66edced41c4934b535beaff919e85c.json,audio/senior/S85618/ee66edced41c4934b535beaff919e85c.wav
S56955,repeat_senior,퍼터커 반복 발음 과제 (어르신),1,퍼,senior_repeat_1769216538723_gq88sqc3p,2026-01-24T01:02:15.846438+00:00,media/audio/senior/S56955/c468a875c3fa4968a197774c1cd26a62.json,audio/senior/S56955/c468a875c3fa4968a197774c1cd26a62.wav
S56955,repeat_senior,퍼터커 반복 발음 과제 (어르신),5,커,senior_repeat_1769216587899_fhjxm69jt,2026-01-24T01:03:04.965379+00:00,media/audio/senior/S56955/be0b5df62e784160ab97727d03229c0e.json,audio/senior/S56955/be0b5df62e784160ab97727d03229c0e.wav
S56955,a_repeat_senior,아 반복 발음 과제 (어르신),,,session_1769216492706_54snlb6zu28,2026-01-24T01:01:30.308709+00:00,media/audio/senior/S56955/1407dbb51621441fad6e3fb8ca2b5973.json,audio/senior/S56955/1407dbb51621441fad6e3fb8ca2b5973.wav
S56955,repeat_senior,퍼터커 반복 발음 과제 (어르신),2,터,senior_repeat_1769216552361_t6es57xfm,2026-01-24T01:02:29.906402+00:00,media/audio/senior/S56955/5046983e738c47c1a2f2cac179c4ff31.json,audio/senior/S56955/5046983e738c47c1a2f2cac179c4ff31.wav
S56955,repeat_senior,퍼터커 반복 발음 과제 (어르신),4,커,senior_repeat_1769216576805_8ucqg3ny0,2026-01-24T01:02:54.421170+00:00,media/audio/senior/S56955/d53e959c4f6a43a8ade529ea78757e27.json,audio/senior/S56955/d53e959c4f6a43a8ade529ea78757e27.wav
S56955,repeat_senior,퍼터커 반복 발음 과제 (어르신),0,퍼,senior_repeat_1769216527528_r17lepulz,2026-01-24T01:02:05.111520+00:00,media/audio/senior/S56955/233b54fdfb8d46a299620f766c674fdf.json,audio/senior/S56955/233b54fdfb8d46a299620f766c674fdf.wav
S56955,repeat_senior,퍼터커 반복 발음 과제 (어르신),6,퍼터커,senior_repeat_1769216604215_vd0gsluoq,2026-01-24T01:03:21.949907+00:00,media/audio/senior/S56955/65c840e81357456bbfd29da0e69fd739.json,audio/senior/S56955/65c840e81357456bbfd29da0e69fd739.wav
S56955,repeat_senior,퍼터커 반복 발음 과제 (어르신),7,퍼터커,senior_repeat_1769216616794_tlxkhzsld,2026-01-24T01:03:33.940460+00:00,media/audio/senior/S56955/0d3b0f64c818482b822cb381ad19d7a8.json,audio/senior/S56955/0d3b0f64c818482b822cb381ad19d7a8.wav
S56955,a_repeat_senior,아 반복 발음 과제 (어르신),,,session_1769216509637_ytim7xhl4,2026-01-24T01:01:46.813834+00:00,media/audio/senior/S56955/af014dc5042842878714b901bdac422f.json,audio/senior/S56955/af014dc5042842878714b901bdac422f.wav
S56955,repeat_senior,퍼터커 반복 발음 과제 (어르신),3,터,senior_repeat_1769216563744_go34hw8qx,2026-01-24T01:02:40.877716+00:00,media/audio/senior/S56955/cc310d0400604a9bb6811dd955160bc2.json,audio/senior/S56955/cc310d0400604a9bb6811dd955160bc2.wav
S78704,repeat_senior,퍼터커 반복 발음 과제 (어르신),7,퍼터커,senior_repeat_1764828847841_pr7h35ytq,2025-12-04T06:14:08.300445+00:00,media/audio/senior/S78704/a0643991fd4241b8b9146ac5e073f698.json,audio/senior/S78704/a0643991fd4241b8b9146ac5e073f698.wav
S78704,a_repeat_senior,아 반복 발음 과제 (어르신),,,session_1764828744894_edd9733a67t,2025-12-04T06:12:25.525139+00:00,media/audio/senior/S78704/10cfae2b57f14a20b40fc91b9c9fc012.json,audio/senior/S78704/10cfae2b57f14a20b40fc91b9c9fc012.wav
S78704,repeat_senior,퍼터커 반복 발음 과제 (어르신),4,커,senior_repeat_1764828809066_vsi20ly2d,2025-12-04T06:13:29.500824+00:00,media/audio/senior/S78704/60d41359bb09407aac75362683acfa6b.json,audio/senior/S78704/60d41359bb09407aac75362683acfa6b.wav
S78704,repeat_senior,퍼터커 반복 발음 과제 (어르신),3,터,senior_repeat_1764828795908_9h9kd9mrq,2025-12-04T06:13:16.330195+00:00,media/audio/senior/S78704/3d012a1fe99946458f85753129a5bb0d.json,audio/senior/S78704/3d012a1fe99946458f85753129a5bb0d.wav
S78704,a_repeat_senior,아 반복 발음 과제 (어르신),,,session_1764828735413_emoqdulggfj,2025-12-04T06:12:16.295174+00:00,media/audio/senior/S78704/1a7eb689a8e74cc1809dc761729300bf.json,audio/senior/S78704/1a7eb689a8e74cc1809dc761729300bf.wav
S78704,repeat_senior,퍼터커 반복 발음 과제 (어르신),5,커,senior_repeat_1764828819542_o2mwwow2z,2025-12-04T06:13:39.954591+00:00,media/audio/senior/S78704/9cbbec146e1a40deb2320460e2314b3f.json,audio/senior/S78704/9cbbec146e1a40deb2320460e2314b3f.wav
S78704,repeat_senior,퍼터커 반복 발음 과제 (어르신),6,퍼터커,senior_repeat_1764828833334_6d9i94m0q,2025-12-04T06:13:53.791533+00:00,media/audio/senior/S78704/123f18b38f8448eebf58c77356ab19bf.json,audio/senior/S78704/123f18b38f8448eebf58c77356ab19bf.wav
S78704,repeat_senior,퍼터커 반복 발음 과제 (어르신),2,터,senior_repeat_1764828784679_msayu0nxy,2025-12-04T06:13:05.114163+00:00,media/audio/senior/S78704/7bf27b17a24849ca909c66c250e3f789.json,audio/senior/S78704/7bf27b17a24849ca909c66c250e3f789.wav
S78704,repeat_senior,퍼터커 반복 발음 과제 (어르신),0,퍼,senior_repeat_1764828761739_brbqf84c4,2025-12-04T06:12:42.202278+00:00,media/audio/senior/S78704/1e56a0d0b6774891b96749df4a369f53.json,audio/senior/S78704/1e56a0d0b6774891b96749df4a369f53.wav
S78704,repeat_senior,퍼터커 반복 발음 과제 (어르신),1,퍼,senior_repeat_1764828773366_6722ie3hw,2025-12-04T06:12:53.770114+00:00,media/audio/senior/S78704/e1ce7af8d23f4bef978081fd77f41437.json,audio/senior/S78704/e1ce7af8d23f4bef978081fd77f41437.wav
S2602201803,repeat_senior,퍼터커 반복 발음 과제 (어르신),6,퍼터커,senior_repeat_1771578369966_w9ufh7kyf,2026-02-20T09:06:10.169719+00:00,media/audio/senior/S2602201803/d0523e691f8b4a8695f41e0935d8e5f6.json,audio/senior/S2602201803/d0523e691f8b4a8695f41e0935d8e5f6.wav
S2602201803,a_repeat_senior,아 반복 발음 과제 (어르신),,,session_1771578270582_7jk73jfu1an,2026-02-20T09:04:30.764583+00:00,media/audio/senior/S2602201803/6949594c2c894fb981c4443541f4c891.json,audio/senior/S2602201803/6949594c2c894fb981c4443541f4c891.wav
S2602201803,repeat_senior,퍼터커 반복 발음 과제 (어르신),4,커,senior_repeat_1771578343132_89nrz4jnu,2026-02-20T09:05:43.333275+00:00,media/audio/senior/S2602201803/b0721d2b9b4e4f3b9f2cbbab089402c0.json,audio/senior/S2602201803/b0721d2b9b4e4f3b9f2cbbab089402c0.wav
S2602201803,repeat_senior,퍼터커 반복 발음 과제 (어르신),7,퍼터커,senior_repeat_1771578381783_iylf0xsfs,2026-02-20T09:06:21.972541+00:00,media/audio/senior/S2602201803/8f6e814525c84dd59b54a4cfb16615b5.json,audio/senior/S2602201803/8f6e814525c84dd59b54a4cfb16615b5.wav
S2602201803,a_repeat_senior,아 반복 발음 과제 (어르신),,,session_1771578259107_9axw37e8u67,2026-02-20T09:04:19.266304+00:00,media/audio/senior/S2602201803/6c1ec3a5c2ec4f2e9e88a01c140789bf.json,audio/senior/S2602201803/6c1ec3a5c2ec4f2e9e88a01c140789bf.wav
S2602201803,repeat_senior,퍼터커 반복 발음 과제 (어르신),0,퍼,senior_repeat_1771578291324_3bfp2k6b1,2026-02-20T09:04:51.488284+00:00,media/audio/senior/S2602201803/45392c8b645a49a48aeaabb2b8596233.json,audio/senior/S2602201803/45392c8b645a49a48aeaabb2b8596233.wav
S2602201803,repeat_senior,퍼터커 반복 발음 과제 (어르신),1,퍼,senior_repeat_1771578304548_yl2to6k79,2026-02-20T09:05:04.744167+00:00,media/audio/senior/S2602201803/27b5b8d51a44420bad8963d0491ad073.json,audio/senior/S2602201803/27b5b8d51a44420bad8963d0491ad073.wav
S2602201803,repeat_senior,퍼터커 반복 발음 과제 (어르신),5,커,senior_repeat_1771578352867_h2e792tm9,2026-02-20T09:05:53.084858+00:00,media/audio/senior/S2602201803/7f61f4c53b184126bccc0511614b50d7.json,audio/senior/S2602201803/7f61f4c53b184126bccc0511614b50d7.wav
S2602201803,repeat_senior,퍼터커 반복 발음 과제 (어르신),3,터,senior_repeat_1771578330671_2qx58wlsy,2026-02-20T09:05:30.866117+00:00,media/audio/senior/S2602201803/408af9567d4f468e92f598521d3a8ca7.json,audio/senior/S2602201803/408af9567d4f468e92f598521d3a8ca7.wav
S2602201803,repeat_senior,퍼터커 반복 발음 과제 (어르신),2,터,senior_repeat_1771578318899_xvr8ah56u,2026-02-20T09:05:19.126145+00:00,media/audio/senior/S2602201803/a6b969668a264f908f987ad13ef868d1.json,audio/senior/S2602201803/a6b969668a264f908f987ad13ef868d1.wav
S85546,a_repeat_senior,아 반복 발음 과제 (어르신),,,session_1760437350355_5pew14o5fsq,2025-10-14T10:22:30.566696+00:00,media/audio/senior/S85546/5856892b3bc44db99520006fdf49145e.json,audio/senior/5856892b3bc44db99520006fdf49145e.wav
S85546,repeat_senior,퍼터커 반복 발음 과제 (어르신),1,퍼,senior_repeat_1760437357801_ncdzqcczd,2025-10-14T10:22:38.009756+00:00,media/audio/senior/S85546/0fca4741cdc741dab85b97d88c1669f4.json,audio/senior/0fca4741cdc741dab85b97d88c1669f4.wav
S85546,a_repeat_senior,아 반복 발음 과제 (어르신),,,session_1760437346401_2ky9vaxnw2e,2025-10-14T10:22:26.617546+00:00,media/audio/senior/S85546/5de3d75ea5774982abd56155450ded54.json,audio/senior/5de3d75ea5774982abd56155450ded54.wav
S85546,repeat_senior,퍼터커 반복 발음 과제 (어르신),2,터,senior_repeat_1760437361398_dwsov61v5,2025-10-14T10:22:41.597728+00:00,media/audio/senior/S85546/08fbc8d43d614e749517d9f856fd82a7.json,audio/senior/08fbc8d43d614e749517d9f856fd82a7.wav
S85546,repeat_senior,퍼터커 반복 발음 과제 (어르신),4,커,senior_repeat_1760437368317_kttyi23y6,2025-10-14T10:22:48.521679+00:00,media/audio/senior/S85546/7ae4205a216a47bea70c12c5cce8790d.json,audio/senior/7ae4205a216a47bea70c12c5cce8790d.wav
S85546,repeat_senior,퍼터커 반복 발음 과제 (어르신),0,퍼,senior_repeat_1760437354277_mureplljr,2025-10-14T10:22:34.487784+00:00,media/audio/senior/S85546/83939d8ea9cb42e9b1f7f66f487b2793.json,audio/senior/83939d8ea9cb42e9b1f7f66f487b2793.wav
S85546,repeat_senior,퍼터커 반복 발음 과제 (어르신),3,터,senior_repeat_1760437364848_q5kkwwk8o,2025-10-14T10:22:45.049521+00:00,media/audio/senior/S85546/dd1977dc791a4ea2a38af5e86471afec.json,audio/senior/dd1977dc791a4ea2a38af5e86471afec.wav
S12806,a_repeat_senior,아 반복 발음 과제 (어르신),,,session_1769224526739_f165jekp8nl,2026-01-24T03:15:27.986398+00:00,media/audio/senior/S12806/66f239c8d229459da05a43706b2d1164.json,audio/senior/S12806/66f239c8d229459da05a43706b2d1164.wav
S12806,repeat_senior,퍼터커 반복 발음 과제 (어르신),4,커,senior_repeat_1769224621283_3g2rfnu75,2026-01-24T03:17:01.893457+00:00,media/audio/senior/S12806/3aac1e72305e407f9f6b779abe1bcdd8.json,audio/senior/S12806/3aac1e72305e407f9f6b779abe1bcdd8.wav
S12806,repeat_senior,퍼터커 반복 발음 과제 (어르신),1,퍼,senior_repeat_1769224575504_fxx03lu9j,2026-01-24T03:16:16.696349+00:00,media/audio/senior/S12806/d8edc0ffc6434391a7dfa36c12301c9e.json,audio/senior/S12806/d8edc0ffc6434391a7dfa36c12301c9e.wav
S12806,a_repeat_senior,아 반복 발음 과제 (어르신),,,session_1769224542947_8qfdqxjisu,2026-01-24T03:15:43.997836+00:00,media/audio/senior/S12806/59e96b28e558449997bb7b4e1748aa11.json,audio/senior/S12806/59e96b28e558449997bb7b4e1748aa11.wav
S12806,repeat_senior,퍼터커 반복 발음 과제 (어르신),6,퍼터커,senior_repeat_1769224659029_x71o8dng5,2026-01-24T03:17:39.718435+00:00,media/audio/senior/S12806/583872f4d5244d5480fba8bf22c5e443.json,audio/senior/S12806/583872f4d5244d5480fba8bf22c5e443.wav
S12806,repeat_senior,퍼터커 반복 발음 과제 (어르신),5,커,senior_repeat_1769224635309_pt5p1dw2l,2026-01-24T03:17:16.145925+00:00,media/audio/senior/S12806/09bd247f89434550be42671ad3ecdbe7.json,audio/senior/S12806/09bd247f89434550be42671ad3ecdbe7.wav
S12806,repeat_senior,퍼터커 반복 발음 과제 (어르신),0,퍼,senior_repeat_1769224559759_2da6vlcu0,2026-01-24T03:16:00.640377+00:00,media/audio/senior/S12806/3b33cb719be54bbc9ee8cee0a1c789ed.json,audio/senior/S12806/3b33cb719be54bbc9ee8cee0a1c789ed.wav
S12806,repeat_senior,퍼터커 반복 발음 과제 (어르신),7,퍼터커,senior_repeat_1769224672063_an6qs7pn9,2026-01-24T03:17:52.950861+00:00,media/audio/senior/S12806/79bf0013544b474fad156c2a01ca5620.json,audio/senior/S12806/79bf0013544b474fad156c2a01ca5620.wav
S12806,repeat_senior,퍼터커 반복 발음 과제 (어르신),3,터,senior_repeat_1769224607679_3r2jbi3pi,2026-01-24T03:16:48.369786+00:00,media/audio/senior/S12806/571381f100e9402bac4f5695a7b3dcdc.json,audio/senior/S12806/571381f100e9402bac4f5695a7b3dcdc.wav
S12806,repeat_senior,퍼터커 반복 발음 과제 (어르신),2,터,senior_repeat_1769224592440_4duy39ru8,2026-01-24T03:16:33.614180+00:00,media/audio/senior/S12806/f9dc67f9e41c4868ae8de392b6bbeb47.json,audio/senior/S12806/f9dc67f9e41c4868ae8de392b6bbeb47.wav
S32298,repeat_senior,퍼터커 반복 발음 과제 (어르신),7,퍼터커,senior_repeat_1769650911652_lb62kfxzz,2026-01-29T01:41:52.022820+00:00,media/audio/senior/S32298/a058151969d6474e9be1583bc42a9d73.json,audio/senior/S32298/a058151969d6474e9be1583bc42a9d73.wav
S32298,repeat_senior,퍼터커 반복 발음 과제 (어르신),4,커,senior_repeat_1769650876765_rhiii27xz,2026-01-29T01:41:17.266422+00:00,media/audio/senior/S32298/819b32276e9341c1a50dc7f082cdc1c2.json,audio/senior/S32298/819b32276e9341c1a50dc7f082cdc1c2.wav
S32298,repeat_senior,퍼터커 반복 발음 과제 (어르신),1,퍼,senior_repeat_1769650837517_22ln9l3b1,2026-01-29T01:40:38.059560+00:00,media/audio/senior/S32298/422c657ecbf54a9bbca893f91ab0df28.json,audio/senior/S32298/422c657ecbf54a9bbca893f91ab0df28.wav
S32298,a_repeat_senior,아 반복 발음 과제 (어르신),,,session_1769650788046_6wmtiy95xh4,2026-01-29T01:39:48.601807+00:00,media/audio/senior/S32298/dc26aa88c0574916aa44c90d634e2cb1.json,audio/senior/S32298/dc26aa88c0574916aa44c90d634e2cb1.wav
S32298,repeat_senior,퍼터커 반복 발음 과제 (어르신),3,터,senior_repeat_1769650865013_1lnt62oqi,2026-01-29T01:41:05.444490+00:00,media/audio/senior/S32298/ef30c2b59d6a42b9ad4a0c2fb562ece9.json,audio/senior/S32298/ef30c2b59d6a42b9ad4a0c2fb562ece9.wav
S32298,repeat_senior,퍼터커 반복 발음 과제 (어르신),5,커,senior_repeat_1769650887531_ilo43fi5x,2026-01-29T01:41:28.028991+00:00,media/audio/senior/S32298/b4ce53d1f1a04a9aac4098b95990b2b7.json,audio/senior/S32298/b4ce53d1f1a04a9aac4098b95990b2b7.wav
S32298,repeat_senior,퍼터커 반복 발음 과제 (어르신),6,퍼터커,senior_repeat_1769650900755_bmknvlvam,2026-01-29T01:41:41.171190+00:00,media/audio/senior/S32298/d9b7f5ba2248492ead187963087602b2.json,audio/senior/S32298/d9b7f5ba2248492ead187963087602b2.wav
S32298,repeat_senior,퍼터커 반복 발음 과제 (어르신),0,퍼,senior_repeat_1769650826375_f04axitzq,2026-01-29T01:40:26.950040+00:00,media/audio/senior/S32298/226e48749102436585b9908701b49c7a.json,audio/senior/S32298/226e48749102436585b9908701b49c7a.wav
S32298,a_repeat_senior,아 반복 발음 과제 (어르신),,,session_1769650800901_gv7qsfnaczm,2026-01-29T01:40:01.274315+00:00,media/audio/senior/S32298/44812e2e302f4e21ac59305a9c47015d.json,audio/senior/S32298/44812e2e302f4e21ac59305a9c47015d.wav
S32298,repeat_senior,퍼터커 반복 발음 과제 (어르신),2,터,senior_repeat_1769650852098_bt3bhqoyu,2026-01-29T01:40:52.530891+00:00,media/audio/senior/S32298/00d8b0bfe559408282c26084799142ad.json,audio/senior/S32298/00d8b0bfe559408282c26084799142ad.wav
S31778,repeat_senior,퍼터커 반복 발음 과제 (어르신),5,커,senior_repeat_1768284742058_nnfekcg4i,2026-01-13T06:12:20.746080+00:00,media/audio/senior/S31778/6dd88b75c0914fb09e4c4eb5e3e05266.json,audio/senior/S31778/6dd88b75c0914fb09e4c4eb5e3e05266.wav
S31778,repeat_senior,퍼터커 반복 발음 과제 (어르신),2,터,senior_repeat_1768284706187_tn6owu7if,2026-01-13T06:11:44.989447+00:00,media/audio/senior/S31778/dfe6306bbf0846ccbf58e0a9b8fccfde.json,audio/senior/S31778/dfe6306bbf0846ccbf58e0a9b8fccfde.wav
S31778,a_repeat_senior,아 반복 발음 과제 (어르신),,,session_1768284637095_uihjn5brvd,2026-01-13T06:10:35.678616+00:00,media/audio/senior/S31778/6f89cd723959444c9595875a4b804b4f.json,audio/senior/S31778/6f89cd723959444c9595875a4b804b4f.wav
S31778,repeat_senior,퍼터커 반복 발음 과제 (어르신),1,퍼,senior_repeat_1768284694432_5sqis3wka,2026-01-13T06:11:32.778415+00:00,media/audio/senior/S31778/42004dee7e7847689fa1499f4c3fda42.json,audio/senior/S31778/42004dee7e7847689fa1499f4c3fda42.wav
S31778,repeat_senior,퍼터커 반복 발음 과제 (어르신),7,퍼터커,senior_repeat_1768284770164_dzml3blr8,2026-01-13T06:12:48.445408+00:00,media/audio/senior/S31778/97451a933fdd4d0bb971613514a2b4f0.json,audio/senior/S31778/97451a933fdd4d0bb971613514a2b4f0.wav
S31778,repeat_senior,퍼터커 반복 발음 과제 (어르신),6,퍼터커,senior_repeat_1768284756972_c5u7753bl,2026-01-13T06:12:35.296243+00:00,media/audio/senior/S31778/906309b2ff5242c6b313a01312cd3b67.json,audio/senior/S31778/906309b2ff5242c6b313a01312cd3b67.wav
S31778,a_repeat_senior,아 반복 발음 과제 (어르신),,,session_1768284651210_1si35vejrkt,2026-01-13T06:10:49.934811+00:00,media/audio/senior/S31778/5f7ee4732c5f4293b649a191c43fc374.json,audio/senior/S31778/5f7ee4732c5f4293b649a191c43fc374.wav
S31778,repeat_senior,퍼터커 반복 발음 과제 (어르신),4,커,senior_repeat_1768284730153_95m4dqd1x,2026-01-13T06:12:08.806624+00:00,media/audio/senior/S31778/29b89883f444454287e590fc88a54f7f.json,audio/senior/S31778/29b89883f444454287e590fc88a54f7f.wav
S31778,repeat_senior,퍼터커 반복 발음 과제 (어르신),3,터,senior_repeat_1768284717198_dr33viqcu,2026-01-13T06:11:55.528082+00:00,media/audio/senior/S31778/84ed4cced67e480ca0e59c9c0205c8c2.json,audio/senior/S31778/84ed4cced67e480ca0e59c9c0205c8c2.wav
S31778,repeat_senior,퍼터커 반복 발음 과제 (어르신),0,퍼,senior_repeat_1768284683581_macqotlnp,2026-01-13T06:11:22.253740+00:00,media/audio/senior/S31778/2ed5f4fde91148129913f1fc61391309.json,audio/senior/S31778/2ed5f4fde91148129913f1fc61391309.wav
S68803,repeat_senior,퍼터커 반복 발음 과제 (어르신),6,퍼터커,senior_repeat_1766830704138_s6j54tte8,2025-12-27T10:18:24.771611+00:00,media/audio/senior/S68803/d8b5b9d878c34ecfbe7c9d14ce1558e7.json,audio/senior/S68803/d8b5b9d878c34ecfbe7c9d14ce1558e7.wav
S68803,a_repeat_senior,아 반복 발음 과제 (어르신),,,session_1766830575829_mytxt7fbwb,2025-12-27T10:16:16.762147+00:00,media/audio/senior/S68803/16184321cc6445ff83c557e1af82625c.json,audio/senior/S68803/16184321cc6445ff83c557e1af82625c.wav
S68803,repeat_senior,퍼터커 반복 발음 과제 (어르신),4,커,senior_repeat_1766830668814_3jbiyes82,2025-12-27T10:17:49.404781+00:00,media/audio/senior/S68803/880c6f3a75f143f2ab9dc978e65731c2.json,audio/senior/S68803/880c6f3a75f143f2ab9dc978e65731c2.wav
S68803,a_repeat_senior,아 반복 발음 과제 (어르신),,,session_1766830773010_ch3stooif4l,2025-12-27T10:19:33.787761+00:00,media/audio/senior/S68803/51db2cb749ba4207a9831b1271af7b69.json,audio/senior/S68803/51db2cb749ba4207a9831b1271af7b69.wav
S68803,a_repeat_senior,아 반복 발음 과제 (어르신),,,session_1766830751247_cjkh66ulg0a,2025-12-27T10:19:11.812357+00:00,media/audio/senior/S68803/f5e80d0abf2d4edb9305d1251693ee09.json,audio/senior/S68803/f5e80d0abf2d4edb9305d1251693ee09.wav
S68803,a_repeat_senior,아 반복 발음 과제 (어르신),,,session_1766830551534_4a5jp5rv9o8,2025-12-27T10:15:52.032118+00:00,media/audio/senior/S68803/86cdf2085f13489d88eda881bdef47e5.json,audio/senior/S68803/86cdf2085f13489d88eda881bdef47e5.wav
S68803,repeat_senior,퍼터커 반복 발음 과제 (어르신),2,터,senior_repeat_1766830635785_9cglt0z3n,2025-12-27T10:17:16.403881+00:00,media/audio/senior/S68803/b0042f33edef475d902f79209a673e4a.json,audio/senior/S68803/b0042f33edef475d902f79209a673e4a.wav
S68803,repeat_senior,퍼터커 반복 발음 과제 (어르신),0,퍼,senior_repeat_1766830599188_wk26zd1ll,2025-12-27T10:16:40.219600+00:00,media/audio/senior/S68803/dfd8f12641e7464a89e1ae308adcbd53.json,audio/senior/S68803/dfd8f12641e7464a89e1ae308adcbd53.wav
S68803,repeat_senior,퍼터커 반복 발음 과제 (어르신),3,터,senior_repeat_1766830652474_7ras76szu,2025-12-27T10:17:33.071450+00:00,media/audio/senior/S68803/046f96c958c741f88dbd5ce726c4a73a.json,audio/senior/S68803/046f96c958c741f88dbd5ce726c4a73a.wav
S68803,repeat_senior,퍼터커 반복 발음 과제 (어르신),5,커,senior_repeat_1766830684928_d56ecatz7,2025-12-27T10:18:05.585924+00:00,media/audio/senior/S68803/bf2209bd92884b5c809630c7839eebd0.json,audio/senior/S68803/bf2209bd92884b5c809630c7839eebd0.wav
S68803,repeat_senior,퍼터커 반복 발음 과제 (어르신),1,퍼,senior_repeat_1766830620305_xq6yxcuk7,2025-12-27T10:17:01.172436+00:00,media/audio/senior/S68803/21632fc71e07477b9aa50ad405cf9c7a.json,audio/senior/S68803/21632fc71e07477b9aa50ad405cf9c7a.wav
S68803,repeat_senior,퍼터커 반복 발음 과제 (어르신),7,퍼터커,senior_repeat_1766830723658_ezo8oqjn7,2025-12-27T10:18:44.253328+00:00,media/audio/senior/S68803/dbd573609150446abb6c069452414b4b.json,audio/senior/S68803/dbd573609150446abb6c069452414b4b.wav
S02834,repeat_senior,퍼터커 반복 발음 과제 (어르신),1,퍼,senior_repeat_1766740580454_98b0yr0jh,2025-12-26T09:16:17.518289+00:00,media/audio/senior/S02834/b6c9ceb1a98e4368a36518d9c3c0ad06.json,audio/senior/S02834/b6c9ceb1a98e4368a36518d9c3c0ad06.wav
S02834,repeat_senior,퍼터커 반복 발음 과제 (어르신),4,커,senior_repeat_1766740616959_dzh2gl3dy,2025-12-26T09:16:54.011346+00:00,media/audio/senior/S02834/0bb054b073c54814a8293d6327b185b0.json,audio/senior/S02834/0bb054b073c54814a8293d6327b185b0.wav
S02834,repeat_senior,퍼터커 반복 발음 과제 (어르신),3,터,senior_repeat_1766740604415_q6accthul,2025-12-26T09:16:41.479026+00:00,media/audio/senior/S02834/bb348ce1fa1e4963a923225a00bdfeab.json,audio/senior/S02834/bb348ce1fa1e4963a923225a00bdfeab.wav
S02834,repeat_senior,퍼터커 반복 발음 과제 (어르신),0,퍼,senior_repeat_1766740569558_5slspr3iv,2025-12-26T09:16:06.618628+00:00,media/audio/senior/S02834/1ab57bba7e634bea91aa6288e91e2eb0.json,audio/senior/S02834/1ab57bba7e634bea91aa6288e91e2eb0.wav
S02834,repeat_senior,퍼터커 반복 발음 과제 (어르신),5,커,senior_repeat_1766740628711_gq2e7viwy,2025-12-26T09:17:05.767228+00:00,media/audio/senior/S02834/400deb41e9ea4aa5933023cd47e24149.json,audio/senior/S02834/400deb41e9ea4aa5933023cd47e24149.wav
S02834,repeat_senior,퍼터커 반복 발음 과제 (어르신),7,퍼터커,senior_repeat_1766740653795_5r3hq8ps2,2025-12-26T09:17:30.851818+00:00,media/audio/senior/S02834/1d6c66b171eb4e298dcb3c2ef4fa50c3.json,audio/senior/S02834/1d6c66b171eb4e298dcb3c2ef4fa50c3.wav
S02834,a_repeat_senior,아 반복 발음 과제 (어르신),,,session_1766740529941_epu3e0rkg8n,2025-12-26T09:15:27.096043+00:00,media/audio/senior/S02834/c914d693ff744dd187ce950c2b6ed736.json,audio/senior/S02834/c914d693ff744dd187ce950c2b6ed736.wav
S02834,repeat_senior,퍼터커 반복 발음 과제 (어르신),6,퍼터커,senior_repeat_1766740642272_t00zurfoy,2025-12-26T09:17:19.330352+00:00,media/audio/senior/S02834/834bc10fe6644b51a1f162d3cd150ef2.json,audio/senior/S02834/834bc10fe6644b51a1f162d3cd150ef2.wav
S02834,repeat_senior,퍼터커 반복 발음 과제 (어르신),2,터,senior_repeat_1766740593479_4e9ieaxm4,2025-12-26T09:16:30.532233+00:00,media/audio/senior/S02834/13e1212f5c974aab872dc5f65f39b565.json,audio/senior/S02834/13e1212f5c974aab872dc5f65f39b565.wav
S02834,a_repeat_senior,아 반복 발음 과제 (어르신),,,session_1766740541230_aa9m5zwfd9f,2025-12-26T09:15:38.302987+00:00,media/audio/senior/S02834/4eb500d58d3f4ff1a90aef3cf26f6273.json,audio/senior/S02834/4eb500d58d3f4ff1a90aef3cf26f6273.wav
S15537,repeat_senior,퍼터커 반복 발음 과제 (어르신),6,퍼터커,senior_repeat_1766466077673_rh2yendq3,2025-12-23T05:01:17.586101+00:00,media/audio/senior/S15537/f28c3e11ef744794a9b8cd767ac677e1.json,audio/senior/S15537/f28c3e11ef744794a9b8cd767ac677e1.wav
S15537,a_repeat_senior,아 반복 발음 과제 (어르신),,,session_1766465980361_kyst8j720oj,2025-12-23T04:59:40.272626+00:00,media/audio/senior/S15537/8547e6095f58437bb8fa5675b3e95453.json,audio/senior/S15537/8547e6095f58437bb8fa5675b3e95453.wav
S15537,a_repeat_senior,아 반복 발음 과제 (어르신),,,session_1766465969380_aktjuuwxyy6,2025-12-23T04:59:29.566637+00:00,media/audio/senior/S15537/0bc18a8a9f574fe8aa87109a90fd5baf.json,audio/senior/S15537/0bc18a8a9f574fe8aa87109a90fd5baf.wav
S15537,repeat_senior,퍼터커 반복 발음 과제 (어르신),5,커,senior_repeat_1766466055660_3o9k9ggfn,2025-12-23T05:00:55.540403+00:00,media/audio/senior/S15537/83ee81523fda49f68de0f63e2f2a75f6.json,audio/senior/S15537/83ee81523fda49f68de0f63e2f2a75f6.wav
S15537,repeat_senior,퍼터커 반복 발음 과제 (어르신),7,퍼터커,senior_repeat_1766466089936_2s6ux86iv,2025-12-23T05:01:29.818990+00:00,media/audio/senior/S15537/dae8172644a44627b5666014199bfa94.json,audio/senior/S15537/dae8172644a44627b5666014199bfa94.wav
S15537,repeat_senior,퍼터커 반복 발음 과제 (어르신),1,퍼,senior_repeat_1766466012584_1uv5kmlm4,2025-12-23T05:00:12.468902+00:00,media/audio/senior/S15537/acec7bf63ecb48e69f90dd72595199e9.json,audio/senior/S15537/acec7bf63ecb48e69f90dd72595199e9.wav
S15537,repeat_senior,퍼터커 반복 발음 과제 (어르신),3,터,senior_repeat_1766466034742_jj44hmiqu,2025-12-23T05:00:34.626999+00:00,media/audio/senior/S15537/aab9d01539fc4e01b8c1f497640eb21a.json,audio/senior/S15537/aab9d01539fc4e01b8c1f497640eb21a.wav
S15537,repeat_senior,퍼터커 반복 발음 과제 (어르신),4,커,senior_repeat_1766466045639_un3ufravu,2025-12-23T05:00:45.534406+00:00,media/audio/senior/S15537/8b5a23c4bead4b54ac0b7b94169c242f.json,audio/senior/S15537/8b5a23c4bead4b54ac0b7b94169c242f.wav
S15537,repeat_senior,퍼터커 반복 발음 과제 (어르신),0,퍼,senior_repeat_1766465999970_b2krncife,2025-12-23T04:59:59.895887+00:00,media/audio/senior/S15537/e1348b9d2aab4d91a102f390f085cf1a.json,audio/senior/S15537/e1348b9d2aab4d91a102f390f085cf1a.wav
S15537,repeat_senior,퍼터커 반복 발음 과제 (어르신),2,터,senior_repeat_1766466024744_x7u9e62hi,2025-12-23T05:00:24.634982+00:00,media/audio/senior/S15537/1a79c1ead8e148a4b65718da6db82d09.json,audio/senior/S15537/1a79c1ead8e148a4b65718da6db82d09.wav
S02551,repeat_senior,퍼터커 반복 발음 과제 (어르신),0,퍼,senior_repeat_1764225290395_53chod3wb,2025-11-27T06:34:49.597173+00:00,media/audio/senior/S02551/c24bc928212941d98d26fe5bc7425355.json,audio/senior/c24bc928212941d98d26fe5bc7425355.wav
S02551,repeat_senior,퍼터커 반복 발음 과제 (어르신),5,커,senior_repeat_1764225355041_7m2qwi19w,2025-11-27T06:35:53.781556+00:00,media/audio/senior/S02551/6a266a734e1b4c16bc31b4a469482573.json,audio/senior/6a266a734e1b4c16bc31b4a469482573.wav
S02551,repeat_senior,퍼터커 반복 발음 과제 (어르신),1,퍼,senior_repeat_1764225302675_c3ahm622c,2025-11-27T06:35:01.692665+00:00,media/audio/senior/S02551/63085c59c6ab4b94ab2920f2a0c3d0f9.json,audio/senior/63085c59c6ab4b94ab2920f2a0c3d0f9.wav
S02551,a_repeat_senior,아 반복 발음 과제 (어르신),,,session_1764225269445_s5t32lo3z7,2025-11-27T06:34:28.458426+00:00,media/audio/senior/S02551/8a7bff2b4fa1498c9c6268b0e3c9088e.json,audio/senior/8a7bff2b4fa1498c9c6268b0e3c9088e.wav
S02551,a_repeat_senior,아 반복 발음 과제 (어르신),,,session_1764225255120_jx24noro5sr,2025-11-27T06:34:13.878163+00:00,media/audio/senior/S02551/3dc1ac75a0a548b0859df5b3d95466d2.json,audio/senior/3dc1ac75a0a548b0859df5b3d95466d2.wav
S02551,repeat_senior,퍼터커 반복 발음 과제 (어르신),7,퍼터커,senior_repeat_1764225380274_hwq3jrcyn,2025-11-27T06:36:19.192046+00:00,media/audio/senior/S02551/c572194c96b2426998b1d506c805e20c.json,audio/senior/c572194c96b2426998b1d506c805e20c.wav
S02551,repeat_senior,퍼터커 반복 발음 과제 (어르신),6,퍼터커,senior_repeat_1764225369291_djb2xpjpk,2025-11-27T06:36:08.383084+00:00,media/audio/senior/S02551/d30d67b9328a4b19a9abd34b61968f2f.json,audio/senior/d30d67b9328a4b19a9abd34b61968f2f.wav
S02551,repeat_senior,퍼터커 반복 발음 과제 (어르신),3,터,senior_repeat_1764225329589_tpzkkfetk,2025-11-27T06:35:28.330557+00:00,media/audio/senior/S02551/61a628e71fda44fc889e28593cb1ffb3.json,audio/senior/61a628e71fda44fc889e28593cb1ffb3.wav
S02551,repeat_senior,퍼터커 반복 발음 과제 (어르신),4,커,senior_repeat_1764225343934_2kdd39oik,2025-11-27T06:35:42.810489+00:00,media/audio/senior/S02551/e650a0d92aac432183176b6e53b01978.json,audio/senior/e650a0d92aac432183176b6e53b01978.wav
S02551,repeat_senior,퍼터커 반복 발음 과제 (어르신),2,터,senior_repeat_1764225317636_5fnyom7ng,2025-11-27T06:35:16.809565+00:00,media/audio/senior/S02551/5dfca53129c44709b61a4610afa8c036.json,audio/senior/5dfca53129c44709b61a4610afa8c036.wav
S10663,a_repeat_senior,아 반복 발음 과제 (어르신),,,session_1761444813865_9a6owc5qvwt,2025-10-26T02:13:32.894996+00:00,media/audio/senior/S10663/b3e1c7c063cc4fc9992ab5b8d4daf1d0.json,audio/senior/b3e1c7c063cc4fc9992ab5b8d4daf1d0.wav
S10663,repeat_senior,퍼터커 반복 발음 과제 (어르신),1,퍼,senior_repeat_1761444842132_jgo7oznrk,2025-10-26T02:14:01.130781+00:00,media/audio/senior/S10663/3e7903326c8745f5b0021f647807f573.json,audio/senior/3e7903326c8745f5b0021f647807f573.wav
S10663,repeat_senior,퍼터커 반복 발음 과제 (어르신),6,퍼터커,senior_repeat_1761444896145_wdfqfg3zd,2025-10-26T02:14:55.354604+00:00,media/audio/senior/S10663/1b493c9e43aa4cffaf58a573c0dfa21c.json,audio/senior/1b493c9e43aa4cffaf58a573c0dfa21c.wav
S10663,repeat_senior,퍼터커 반복 발음 과제 (어르신),2,터,senior_repeat_1761444852720_krpf5uuec,2025-10-26T02:14:12.539295+00:00,media/audio/senior/S10663/f9f4aa7593ac4d9c9131d5a2bbbd3d3b.json,audio/senior/f9f4aa7593ac4d9c9131d5a2bbbd3d3b.wav
S10663,repeat_senior,퍼터커 반복 발음 과제 (어르신),0,퍼,senior_repeat_1761444833237_a2c2nypnt,2025-10-26T02:13:52.248451+00:00,media/audio/senior/S10663/9729eac3d796433b9c2e2780a4241103.json,audio/senior/9729eac3d796433b9c2e2780a4241103.wav
S10663,repeat_senior,퍼터커 반복 발음 과제 (어르신),3,터,senior_repeat_1761444863720_35ovqt26v,2025-10-26T02:14:22.847092+00:00,media/audio/senior/S10663/be610332474e4a8593f9a342c7969161.json,audio/senior/be610332474e4a8593f9a342c7969161.wav
S10663,repeat_senior,퍼터커 반복 발음 과제 (어르신),5,커,senior_repeat_1761444885273_t1el8c7fe,2025-10-26T02:14:44.450215+00:00,media/audio/senior/S10663/86ff343be2e64592ab8c06294ff28fc5.json,audio/senior/86ff343be2e64592ab8c06294ff28fc5.wav
S10663,a_repeat_senior,아 반복 발음 과제 (어르신),,,session_1761444822255_k4gf3vp0xu,2025-10-26T02:13:41.253515+00:00,media/audio/senior/S10663/7ab5cb5378344a3daba6cdb4e3b51848.json,audio/senior/7ab5cb5378344a3daba6cdb4e3b51848.wav
S10663,repeat_senior,퍼터커 반복 발음 과제 (어르신),4,커,senior_repeat_1761444874174_13hvha379,2025-10-26T02:14:33.326144+00:00,media/audio/senior/S10663/d19245542c1f412ebb9ddfa23b122907.json,audio/senior/d19245542c1f412ebb9ddfa23b122907.wav
S10663,repeat_senior,퍼터커 반복 발음 과제 (어르신),7,퍼터커,senior_repeat_1761444907328_x4y6x9051,2025-10-26T02:15:06.506421+00:00,media/audio/senior/S10663/a391228be9ed4309b6847719018b2179.json,audio/senior/a391228be9ed4309b6847719018b2179.wav
S2602121120,a_repeat_senior,아 반복 발음 과제 (어르신),,,session_1770863026213_5vv82aky963,2026-02-12T02:23:41.729602+00:00,media/audio/senior/S2602121120/64b46bc1b2744f82a094f322c78a43f4.json,audio/senior/S2602121120/64b46bc1b2744f82a094f322c78a43f4.wav
S2602121120,repeat_senior,퍼터커 반복 발음 과제 (어르신),7,퍼터커,senior_repeat_1770863155561_jx6cao73n,2026-02-12T02:25:50.693172+00:00,media/audio/senior/S2602121120/7c6854f2ccce467797002559b651dd8a.json,audio/senior/S2602121120/7c6854f2ccce467797002559b651dd8a.wav
S2602121120,repeat_senior,퍼터커 반복 발음 과제 (어르신),4,커,senior_repeat_1770863116296_kobee8bap,2026-02-12T02:25:11.449084+00:00,media/audio/senior/S2602121120/f17d21210d1c40fca9a304b01294fbc5.json,audio/senior/S2602121120/f17d21210d1c40fca9a304b01294fbc5.wav
S2602121120,repeat_senior,퍼터커 반복 발음 과제 (어르신),0,퍼,senior_repeat_1770863069175_46z4j3y80,2026-02-12T02:24:24.449018+00:00,media/audio/senior/S2602121120/0dd5970df7604781a62c206b6fe396ab.json,audio/senior/S2602121120/0dd5970df7604781a62c206b6fe396ab.wav
S2602121120,repeat_senior,퍼터커 반복 발음 과제 (어르신),3,터,senior_repeat_1770863102895_y7f7la0t9,2026-02-12T02:24:57.876321+00:00,media/audio/senior/S2602121120/1c5b3335ef9d41d981147a7736f8f395.json,audio/senior/S2602121120/1c5b3335ef9d41d981147a7736f8f395.wav
S2602121120,repeat_senior,퍼터커 반복 발음 과제 (어르신),2,터,senior_repeat_1770863092912_lecoe6g0h,2026-02-12T02:24:48.071396+00:00,media/audio/senior/S2602121120/bd909bccca514e6e92421effa0a8f721.json,audio/senior/S2602121120/bd909bccca514e6e92421effa0a8f721.wav
S2602121120,a_repeat_senior,아 반복 발음 과제 (어르신),,,session_1770863043123_1a0b8elj3r1,2026-02-12T02:23:58.462248+00:00,media/audio/senior/S2602121120/46744cbd4b8540cbb1022ef5ee01e732.json,audio/senior/S2602121120/46744cbd4b8540cbb1022ef5ee01e732.wav
S2602121120,repeat_senior,퍼터커 반복 발음 과제 (어르신),1,퍼,senior_repeat_1770863080580_cp6qeeibh,2026-02-12T02:24:35.577553+00:00,media/audio/senior/S2602121120/28521fadf05c4434b11039229101b321.json,audio/senior/S2602121120/28521fadf05c4434b11039229101b321.wav
S2602121120,repeat_senior,퍼터커 반복 발음 과제 (어르신),5,커,senior_repeat_1770863126978_47w121186,2026-02-12T02:25:22.215017+00:00,media/audio/senior/S2602121120/160c16863ba942c19c09f8fa6fb53f33.json,audio/senior/S2602121120/160c16863ba942c19c09f8fa6fb53f33.wav
S2602121120,repeat_senior,퍼터커 반복 발음 과제 (어르신),6,퍼터커,senior_repeat_1770863143185_4mion31l5,2026-02-12T02:25:38.291893+00:00,media/audio/senior/S2602121120/f4b62b81410845d19f8f8a39b00ea996.json,audio/senior/S2602121120/f4b62b81410845d19f8f8a39b00ea996.wav
S57751,repeat_senior,퍼터커 반복 발음 과제 (어르신),4,커,senior_repeat_1765283753639_14nabvmtk,2025-12-09T12:35:53.940076+00:00,media/audio/senior/S57751/c76c38b8fc7a4905b4e232b416bd45f5.json,audio/senior/S57751/c76c38b8fc7a4905b4e232b416bd45f5.wav
S57751,a_repeat_senior,아 반복 발음 과제 (어르신),,,session_1765283682218_i8hk088fnr,2025-12-09T12:34:42.519081+00:00,media/audio/senior/S57751/7b654e8dcae2403b929540479415c79d.json,audio/senior/S57751/7b654e8dcae2403b929540479415c79d.wav
S57751,repeat_senior,퍼터커 반복 발음 과제 (어르신),7,퍼터커,senior_repeat_1765283788983_b8iygoy3d,2025-12-09T12:36:29.286490+00:00,media/audio/senior/S57751/ae75d5824af2419e9fe2ba59ba0decef.json,audio/senior/S57751/ae75d5824af2419e9fe2ba59ba0decef.wav
S57751,repeat_senior,퍼터커 반복 발음 과제 (어르신),5,커,senior_repeat_1765283764414_flb6rx0dk,2025-12-09T12:36:04.704659+00:00,media/audio/senior/S57751/c4e23df667144b95b0ae00fcbce6ea3b.json,audio/senior/S57751/c4e23df667144b95b0ae00fcbce6ea3b.wav
S57751,repeat_senior,퍼터커 반복 발음 과제 (어르신),3,터,senior_repeat_1765283742144_s54l3xqjz,2025-12-09T12:35:42.437720+00:00,media/audio/senior/S57751/eb218916f9814483a7c42676632d0dda.json,audio/senior/S57751/eb218916f9814483a7c42676632d0dda.wav
S57751,repeat_senior,퍼터커 반복 발음 과제 (어르신),1,퍼,senior_repeat_1765283715753_wl39a0kek,2025-12-09T12:35:16.046030+00:00,media/audio/senior/S57751/0172d01316a14cce80a81b0983cbe409.json,audio/senior/S57751/0172d01316a14cce80a81b0983cbe409.wav
S57751,a_repeat_senior,아 반복 발음 과제 (어르신),,,session_1765283667783_jw3yqmjv9h,2025-12-09T12:34:28.104411+00:00,media/audio/senior/S57751/fd8eac42b0f14d86a7dbfc609b8819b2.json,audio/senior/S57751/fd8eac42b0f14d86a7dbfc609b8819b2.wav
S57751,repeat_senior,퍼터커 반복 발음 과제 (어르신),6,퍼터커,senior_repeat_1765283775525_limicdj9o,2025-12-09T12:36:15.816180+00:00,media/audio/senior/S57751/4839430b920b4ec78cf47762dc3aa1ae.json,audio/senior/S57751/4839430b920b4ec78cf47762dc3aa1ae.wav
S57751,repeat_senior,퍼터커 반복 발음 과제 (어르신),0,퍼,senior_repeat_1765283703289_3v4pca3pr,2025-12-09T12:35:03.596793+00:00,media/audio/senior/S57751/81fab32017e64069883365b07bd00254.json,audio/senior/S57751/81fab32017e64069883365b07bd00254.wav
S57751,repeat_senior,퍼터커 반복 발음 과제 (어르신),2,터,senior_repeat_1765283729846_3xk9zicpc,2025-12-09T12:35:30.143515+00:00,media/audio/senior/S57751/e0af9c2caca5474985ad8910fecd470b.json,audio/senior/S57751/e0af9c2caca5474985ad8910fecd470b.wav
S49554,repeat_senior,퍼터커 반복 발음 과제 (어르신),0,퍼,senior_repeat_1762151236271_1zxl1ih8g,2025-11-03T06:27:15.392021+00:00,media/audio/senior/S49554/22240309f99645f59b6bc081d4d37ab4.json,audio/senior/22240309f99645f59b6bc081d4d37ab4.wav
S49554,a_repeat_senior,아 반복 발음 과제 (어르신),,,session_1762151229123_za5ficxoen,2025-11-03T06:27:08.244160+00:00,media/audio/senior/S49554/053949b36bc24cfdb00b955a51fd6487.json,audio/senior/053949b36bc24cfdb00b955a51fd6487.wav
S49554,a_repeat_senior,아 반복 발음 과제 (어르신),,,session_1762151224301_lbcq9fftqos,2025-11-03T06:27:03.403315+00:00,media/audio/senior/S49554/a9000b6bef7143998def1d39cfc76ff3.json,audio/senior/a9000b6bef7143998def1d39cfc76ff3.wav
S70600,repeat_senior,퍼터커 반복 발음 과제 (어르신),4,커,senior_repeat_1769657617740_w0o9i3vna,2026-01-29T03:33:38.168774+00:00,media/audio/senior/S70600/fc33cf40be7547fbb568d1fc89c672fb.json,audio/senior/S70600/fc33cf40be7547fbb568d1fc89c672fb.wav
S70600,repeat_senior,퍼터커 반복 발음 과제 (어르신),1,퍼,senior_repeat_1769657575858_g867gwo5n,2026-01-29T03:32:56.301016+00:00,media/audio/senior/S70600/0ba2260b4fe34611a7d41127289a2472.json,audio/senior/S70600/0ba2260b4fe34611a7d41127289a2472.wav
S70600,repeat_senior,퍼터커 반복 발음 과제 (어르신),5,커,senior_repeat_1769657627975_xklits351,2026-01-29T03:33:48.408030+00:00,media/audio/senior/S70600/7ed1f565cedf4b15a637f8901de025c1.json,audio/senior/S70600/7ed1f565cedf4b15a637f8901de025c1.wav
S70600,repeat_senior,퍼터커 반복 발음 과제 (어르신),3,터,senior_repeat_1769657604259_ss8me3m7z,2026-01-29T03:33:24.724553+00:00,media/audio/senior/S70600/2186bc3377cd4da58f9d84df7a3725ea.json,audio/senior/S70600/2186bc3377cd4da58f9d84df7a3725ea.wav
S70600,repeat_senior,퍼터커 반복 발음 과제 (어르신),0,퍼,senior_repeat_1769657561636_m2ljultpp,2026-01-29T03:32:42.074306+00:00,media/audio/senior/S70600/f7de4f1075d848fd9fd91e2121d31485.json,audio/senior/S70600/f7de4f1075d848fd9fd91e2121d31485.wav
S70600,repeat_senior,퍼터커 반복 발음 과제 (어르신),7,퍼터커,senior_repeat_1769657656760_bojt0xsqe,2026-01-29T03:34:17.278959+00:00,media/audio/senior/S70600/d6fc18fc298f4073bcaf03d5618c986c.json,audio/senior/S70600/d6fc18fc298f4073bcaf03d5618c986c.wav
S70600,repeat_senior,퍼터커 반복 발음 과제 (어르신),2,터,senior_repeat_1769657591932_xvnvok0w4,2026-01-29T03:33:12.336237+00:00,media/audio/senior/S70600/6f48895769384dcc89a92bb596edbdfa.json,audio/senior/S70600/6f48895769384dcc89a92bb596edbdfa.wav
S70600,a_repeat_senior,아 반복 발음 과제 (어르신),,,session_1769657537254_josj1c67jhb,2026-01-29T03:32:17.676636+00:00,media/audio/senior/S70600/cca8c08f64e54b16aa587f955a10d963.json,audio/senior/S70600/cca8c08f64e54b16aa587f955a10d963.wav
S70600,repeat_senior,퍼터커 반복 발음 과제 (어르신),6,퍼터커,senior_repeat_1769657644977_qq5e7ojk9,2026-01-29T03:34:05.424939+00:00,media/audio/senior/S70600/b46be04c5fdd465b81313fe8808b2d5d.json,audio/senior/S70600/b46be04c5fdd465b81313fe8808b2d5d.wav
S70600,a_repeat_senior,아 반복 발음 과제 (어르신),,,session_1769657523985_52qm7eazec,2026-01-29T03:32:04.481829+00:00,media/audio/senior/S70600/e6fe24427f76424faffc3ff4003172c0.json,audio/senior/S70600/e6fe24427f76424faffc3ff4003172c0.wav
S23191,repeat_senior,퍼터커 반복 발음 과제 (어르신),1,퍼,senior_repeat_1768783091784_j131m0fsc,2026-01-19T00:38:07.053343+00:00,media/audio/senior/S23191/ea15e42d2cec4caca1a0aac15e5123af.json,audio/senior/S23191/ea15e42d2cec4caca1a0aac15e5123af.wav
S23191,a_repeat_senior,아 반복 발음 과제 (어르신),,,session_1768783066691_r6g09m12t68,2026-01-19T00:37:41.800132+00:00,media/audio/senior/S23191/0d5f6d5139cb480a996e23aa937c17f7.json,audio/senior/S23191/0d5f6d5139cb480a996e23aa937c17f7.wav
S23191,repeat_senior,퍼터커 반복 발음 과제 (어르신),7,퍼터커,senior_repeat_1768783137791_s1f860o2h,2026-01-19T00:38:52.915691+00:00,media/audio/senior/S23191/c168f786521845d0aff56dc84f9dc3be.json,audio/senior/S23191/c168f786521845d0aff56dc84f9dc3be.wav
S23191,a_repeat_senior,아 반복 발음 과제 (어르신),,,session_1768783059591_dbqtwtz672,2026-01-19T00:37:34.734540+00:00,media/audio/senior/S23191/0581093de8654d4d9040269658c165be.json,audio/senior/S23191/0581093de8654d4d9040269658c165be.wav
S23191,repeat_senior,퍼터커 반복 발음 과제 (어르신),0,퍼,senior_repeat_1768783083698_oyhpefas1,2026-01-19T00:37:58.793327+00:00,media/audio/senior/S23191/765e12b552574b749324aa64e690d436.json,audio/senior/S23191/765e12b552574b749324aa64e690d436.wav
S23191,repeat_senior,퍼터커 반복 발음 과제 (어르신),3,터,senior_repeat_1768783106366_ysj0brmps,2026-01-19T00:38:21.541202+00:00,media/audio/senior/S23191/ad854c3837e2434995fa214edf6a7d16.json,audio/senior/S23191/ad854c3837e2434995fa214edf6a7d16.wav
S23191,repeat_senior,퍼터커 반복 발음 과제 (어르신),2,터,senior_repeat_1768783099418_vrlz4aw7q,2026-01-19T00:38:14.664759+00:00,media/audio/senior/S23191/e1673b81904a46648509c51c1c768c49.json,audio/senior/S23191/e1673b81904a46648509c51c1c768c49.wav
S23191,repeat_senior,퍼터커 반복 발음 과제 (어르신),5,커,senior_repeat_1768783120022_p6wqsav08,2026-01-19T00:38:35.109831+00:00,media/audio/senior/S23191/30ec11480a8244f3b3c8397205134419.json,audio/senior/S23191/30ec11480a8244f3b3c8397205134419.wav
S23191,repeat_senior,퍼터커 반복 발음 과제 (어르신),4,커,senior_repeat_1768783113050_e71byxmvh,2026-01-19T00:38:28.181583+00:00,media/audio/senior/S23191/cacd113008454f51b1671b1e7bdf82a9.json,audio/senior/S23191/cacd113008454f51b1671b1e7bdf82a9.wav
S23191,repeat_senior,퍼터커 반복 발음 과제 (어르신),6,퍼터커,senior_repeat_1768783130173_glueaqrdk,2026-01-19T00:38:45.305604+00:00,media/audio/senior/S23191/4c491c0d3265428991d03948e71570ec.json,audio/senior/S23191/4c491c0d3265428991d03948e71570ec.wav
S14207,repeat_senior,퍼터커 반복 발음 과제 (어르신),6,퍼터커,senior_repeat_1765975931470_za79saqa6,2025-12-17T12:52:10.543612+00:00,media/audio/senior/S14207/5a570881363d42f79cc456738eb2c474.json,audio/senior/S14207/5a570881363d42f79cc456738eb2c474.wav
S14207,repeat_senior,퍼터커 반복 발음 과제 (어르신),0,퍼,senior_repeat_1765975832315_h9rw7h0h6,2025-12-17T12:50:31.354046+00:00,media/audio/senior/S14207/8b0646221fe44240baeb7846eaa8bb28.json,audio/senior/S14207/8b0646221fe44240baeb7846eaa8bb28.wav
S14207,repeat_senior,퍼터커 반복 발음 과제 (어르신),5,커,senior_repeat_1765975908966_nrcg4me9z,2025-12-17T12:51:47.434831+00:00,media/audio/senior/S14207/5baabb1ca5f544949710e33cb835b38f.json,audio/senior/S14207/5baabb1ca5f544949710e33cb835b38f.wav
S14207,repeat_senior,퍼터커 반복 발음 과제 (어르신),3,터,senior_repeat_1765975877271_535xsach3,2025-12-17T12:51:16.801531+00:00,media/audio/senior/S14207/5b14f52b54064b73a9cc174bf512e199.json,audio/senior/S14207/5b14f52b54064b73a9cc174bf512e199.wav
S14207,repeat_senior,퍼터커 반복 발음 과제 (어르신),2,터,senior_repeat_1765975862981_yy7ivw48c,2025-12-17T12:51:01.580390+00:00,media/audio/senior/S14207/9bb6ee0e757b46cbbd87916f1f661229.json,audio/senior/S14207/9bb6ee0e757b46cbbd87916f1f661229.wav
S14207,a_repeat_senior,아 반복 발음 과제 (어르신),,,session_1765975768213_0eu40eoqapvo,2025-12-17T12:49:27.406788+00:00,media/audio/senior/S14207/db66e3bd681342b0a6bc6eabf08ffc90.json,audio/senior/S14207/db66e3bd681342b0a6bc6eabf08ffc90.wav
S14207,a_repeat_senior,아 반복 발음 과제 (어르신),,,session_1765975789236_ng3x89r2jq,2025-12-17T12:49:48.162166+00:00,media/audio/senior/S14207/c4394aefb6c54d2695b96a17dbb3b85a.json,audio/senior/S14207/c4394aefb6c54d2695b96a17dbb3b85a.wav
S14207,repeat_senior,퍼터커 반복 발음 과제 (어르신),4,커,senior_repeat_1765975894355_w5ry0dovw,2025-12-17T12:51:33.270289+00:00,media/audio/senior/S14207/4a86572c69f34746ac1b19c14ba0d55b.json,audio/senior/S14207/4a86572c69f34746ac1b19c14ba0d55b.wav
S14207,repeat_senior,퍼터커 반복 발음 과제 (어르신),1,퍼,senior_repeat_1765975846568_0i62x0g9h,2025-12-17T12:50:45.085893+00:00,media/audio/senior/S14207/e4ee564db9ca4c099fbf117145cbb7e6.json,audio/senior/S14207/e4ee564db9ca4c099fbf117145cbb7e6.wav
S14207,repeat_senior,퍼터커 반복 발음 과제 (어르신),7,퍼터커,senior_repeat_1765975946152_ueyxewxv1,2025-12-17T12:52:24.874424+00:00,media/audio/senior/S14207/e3ddbbd5863c486ea3f2b691a9c4d1c9.json,audio/senior/S14207/e3ddbbd5863c486ea3f2b691a9c4d1c9.wav
S97883,repeat_senior,퍼터커 반복 발음 과제 (어르신),6,퍼터커,senior_repeat_1763698216033_x081yex1a,2025-11-21T04:10:16.283823+00:00,media/audio/senior/S97883/62a98b97e73f49569f73cfd9c7ab885f.json,audio/senior/62a98b97e73f49569f73cfd9c7ab885f.wav
S97883,a_repeat_senior,아 반복 발음 과제 (어르신),,,session_1763698103909_vqgtixhnc0l,2025-11-21T04:08:24.155341+00:00,media/audio/senior/S97883/cdd58cc432924702be68046fe1cff6b9.json,audio/senior/cdd58cc432924702be68046fe1cff6b9.wav
S97883,a_repeat_senior,아 반복 발음 과제 (어르신),,,session_1763698091348_k3si4fgrvim,2025-11-21T04:08:11.704363+00:00,media/audio/senior/S97883/5101a6a9834f4acbb1d362f713075975.json,audio/senior/5101a6a9834f4acbb1d362f713075975.wav
S97883,repeat_senior,퍼터커 반복 발음 과제 (어르신),4,커,senior_repeat_1763698189208_3ib2j4t7w,2025-11-21T04:09:49.514474+00:00,media/audio/senior/S97883/21015f61f18a45128cd72d8972542393.json,audio/senior/21015f61f18a45128cd72d8972542393.wav
S97883,repeat_senior,퍼터커 반복 발음 과제 (어르신),5,커,senior_repeat_1763698199425_quttclxtc,2025-11-21T04:09:59.681875+00:00,media/audio/senior/S97883/524c6cf3ddea4ac9bbd5f31da2d62a09.json,audio/senior/524c6cf3ddea4ac9bbd5f31da2d62a09.wav
S97883,repeat_senior,퍼터커 반복 발음 과제 (어르신),1,퍼,senior_repeat_1763698153802_v1609fyzv,2025-11-21T04:09:14.040814+00:00,media/audio/senior/S97883/e357cf344836495884dd86eedaf07a1b.json,audio/senior/e357cf344836495884dd86eedaf07a1b.wav
S97883,repeat_senior,퍼터커 반복 발음 과제 (어르신),7,퍼터커,senior_repeat_1763698227715_3bxx1dlo0,2025-11-21T04:10:27.988220+00:00,media/audio/senior/S97883/1193142a79e742c59122ecb133b06f0a.json,audio/senior/1193142a79e742c59122ecb133b06f0a.wav
S97883,repeat_senior,퍼터커 반복 발음 과제 (어르신),0,퍼,senior_repeat_1763698140678_voqjsyhpo,2025-11-21T04:09:00.972260+00:00,media/audio/senior/S97883/5cba2d77c4da48359e9effe75eadce89.json,audio/senior/5cba2d77c4da48359e9effe75eadce89.wav
S97883,repeat_senior,퍼터커 반복 발음 과제 (어르신),2,터,senior_repeat_1763698164986_65791s40g,2025-11-21T04:09:25.269325+00:00,media/audio/senior/S97883/09af664d56a14cedb04954b2ad436c4e.json,audio/senior/09af664d56a14cedb04954b2ad436c4e.wav
S97883,repeat_senior,퍼터커 반복 발음 과제 (어르신),3,터,senior_repeat_1763698177929_35nn3jx69,2025-11-21T04:09:38.229876+00:00,media/audio/senior/S97883/ebbb847ebc4842dd868e2c6842b1eb54.json,audio/senior/ebbb847ebc4842dd868e2c6842b1eb54.wav
S2602021237,a_repeat_senior,아 반복 발음 과제 (어르신),,,session_1770003540308_l58jigxkjz,2026-02-02T03:38:57.738455+00:00,media/audio/senior/S2602021237/d8b7e2281adb49918ea12515ffdaee40.json,audio/senior/S2602021237/d8b7e2281adb49918ea12515ffdaee40.wav
S2602021237,a_repeat_senior,아 반복 발음 과제 (어르신),,,session_1770003560048_psjhugeg6uh,2026-02-02T03:39:17.986560+00:00,media/audio/senior/S2602021237/fb25e8f512e54fcd954cb193dc46e377.json,audio/senior/S2602021237/fb25e8f512e54fcd954cb193dc46e377.wav
S2602021237,repeat_senior,퍼터커 반복 발음 과제 (어르신),7,퍼터커,senior_repeat_1770003693091_g5u5lkxdv,2026-02-02T03:41:29.544891+00:00,media/audio/senior/S2602021237/110b656a70d349c7bd60c8f1dff03035.json,audio/senior/S2602021237/110b656a70d349c7bd60c8f1dff03035.wav
S2602021237,repeat_senior,퍼터커 반복 발음 과제 (어르신),0,퍼,senior_repeat_1770003600367_n3ykhhqsi,2026-02-02T03:39:56.882634+00:00,media/audio/senior/S2602021237/c70d32907f444609b6917fc47c41fb41.json,audio/senior/S2602021237/c70d32907f444609b6917fc47c41fb41.wav
S2602021237,repeat_senior,퍼터커 반복 발음 과제 (어르신),5,커,senior_repeat_1770003661936_wewpf7avr,2026-02-02T03:40:58.371941+00:00,media/audio/senior/S2602021237/86c77259a3da45c19930548a06449d92.json,audio/senior/S2602021237/86c77259a3da45c19930548a06449d92.wav
S2602021237,repeat_senior,퍼터커 반복 발음 과제 (어르신),6,퍼터커,senior_repeat_1770003680980_ct4q4sp43,2026-02-02T03:41:18.015331+00:00,media/audio/senior/S2602021237/84b9ff7f0622415283419018e1be6366.json,audio/senior/S2602021237/84b9ff7f0622415283419018e1be6366.wav
S2602021237,repeat_senior,퍼터커 반복 발음 과제 (어르신),4,커,senior_repeat_1770003651698_tk6tg7t7v,2026-02-02T03:40:48.438918+00:00,media/audio/senior/S2602021237/0e3f933b0f5d4e8280dbb9af0e515899.json,audio/senior/S2602021237/0e3f933b0f5d4e8280dbb9af0e515899.wav
S2602021237,repeat_senior,퍼터커 반복 발음 과제 (어르신),3,터,senior_repeat_1770003638796_kxd8mix4z,2026-02-02T03:40:35.267832+00:00,media/audio/senior/S2602021237/d247b09d78bb41a680cb9d5355bac652.json,audio/senior/S2602021237/d247b09d78bb41a680cb9d5355bac652.wav
S2602021237,repeat_senior,퍼터커 반복 발음 과제 (어르신),1,퍼,senior_repeat_1770003613539_lp0snu7d5,2026-02-02T03:40:10.465288+00:00,media/audio/senior/S2602021237/26744abe6152472c9169e172e1c024c8.json,audio/senior/S2602021237/26744abe6152472c9169e172e1c024c8.wav
S2602021237,repeat_senior,퍼터커 반복 발음 과제 (어르신),2,터,senior_repeat_1770003627913_go9jutzts,2026-02-02T03:40:24.521558+00:00,media/audio/senior/S2602021237/120613ed850a4535a3e41fe164968ca1.json,audio/senior/S2602021237/120613ed850a4535a3e41fe164968ca1.wav
S72817,repeat_senior,퍼터커 반복 발음 과제 (어르신),3,터,senior_repeat_1764553343307_btidbj4mv,2025-12-01T01:42:24.210963+00:00,media/audio/senior/S72817/e8c9eddb2b05499c93c57d24fab90d2c.json,audio/senior/S72817/e8c9eddb2b05499c93c57d24fab90d2c.wav
S72817,repeat_senior,퍼터커 반복 발음 과제 (어르신),1,퍼,senior_repeat_1764553305472_t0fpf2fxj,2025-12-01T01:41:47.257403+00:00,media/audio/senior/S72817/df3991e08fe848afbc5ea58adbb33f70.json,audio/senior/S72817/df3991e08fe848afbc5ea58adbb33f70.wav
S72817,repeat_senior,퍼터커 반복 발음 과제 (어르신),4,커,senior_repeat_1764553360892_c1jyp4j5q,2025-12-01T01:42:41.654525+00:00,media/audio/senior/S72817/03dda62443144af1809546e2a7eff9b1.json,audio/senior/S72817/03dda62443144af1809546e2a7eff9b1.wav
S72817,repeat_senior,퍼터커 반복 발음 과제 (어르신),5,커,senior_repeat_1764553373955_hodqm6tbp,2025-12-01T01:42:54.690797+00:00,media/audio/senior/S72817/dcf7fc2e7aac4d0a82a61dbd4b940031.json,audio/senior/S72817/dcf7fc2e7aac4d0a82a61dbd4b940031.wav
S72817,repeat_senior,퍼터커 반복 발음 과제 (어르신),0,퍼,senior_repeat_1764553290827_25vpjepou,2025-12-01T01:41:31.369340+00:00,media/audio/senior/S72817/c5d0a56b43f748da8a11cef5bf4b54b0.json,audio/senior/S72817/c5d0a56b43f748da8a11cef5bf4b54b0.wav
S72817,repeat_senior,퍼터커 반복 발음 과제 (어르신),6,퍼터커,senior_repeat_1764553468354_emsa926z9,2025-12-01T01:44:28.989159+00:00,media/audio/senior/S72817/d4d1287a03be415788970e5b53c588dc.json,audio/senior/S72817/d4d1287a03be415788970e5b53c588dc.wav
S72817,a_repeat_senior,아 반복 발음 과제 (어르신),,,session_1764553239411_9nzcix3dfjd,2025-12-01T01:40:40.145303+00:00,media/audio/senior/S72817/1640c74752034bf59f212a6e5760e67b.json,audio/senior/S72817/1640c74752034bf59f212a6e5760e67b.wav
S72817,repeat_senior,퍼터커 반복 발음 과제 (어르신),7,퍼터커,senior_repeat_1764553481580_1g7txuuk6,2025-12-01T01:44:42.128974+00:00,media/audio/senior/S72817/d3fb06edf71c44ea9f8ebdedfb81fa61.json,audio/senior/S72817/d3fb06edf71c44ea9f8ebdedfb81fa61.wav
S72817,a_repeat_senior,아 반복 발음 과제 (어르신),,,session_1764553260214_sx9anj6m1p,2025-12-01T01:41:01.077934+00:00,media/audio/senior/S72817/b1c98050ebc9491e92e19debdee3f542.json,audio/senior/S72817/b1c98050ebc9491e92e19debdee3f542.wav
S72817,repeat_senior,퍼터커 반복 발음 과제 (어르신),2,터,senior_repeat_1764553323119_nlr6q0puf,2025-12-01T01:42:03.968148+00:00,media/audio/senior/S72817/f90814c93e4e4c0e8d4188d09557a59f.json,audio/senior/S72817/f90814c93e4e4c0e8d4188d09557a59f.wav
S85610,repeat_senior,퍼터커 반복 발음 과제 (어르신),4,커,senior_repeat_1763948735295_68h2phgpd,2025-11-24T01:45:35.942375+00:00,media/audio/senior/S85610/c86006c110e04ecba51ba0d8ff5499e5.json,audio/senior/c86006c110e04ecba51ba0d8ff5499e5.wav
S85610,repeat_senior,퍼터커 반복 발음 과제 (어르신),0,퍼,senior_repeat_1763948680343_3el5qbgyg,2025-11-24T01:44:40.567506+00:00,media/audio/senior/S85610/781ffe35e5164256ad6711e62e8dad4c.json,audio/senior/781ffe35e5164256ad6711e62e8dad4c.wav
S85610,repeat_senior,퍼터커 반복 발음 과제 (어르신),7,퍼터커,senior_repeat_1763948773729_7zfdjvb4l,2025-11-24T01:46:13.989989+00:00,media/audio/senior/S85610/b56b296923414a19a77e78bba7ecd6dc.json,audio/senior/b56b296923414a19a77e78bba7ecd6dc.wav
S85610,a_repeat_senior,아 반복 발음 과제 (어르신),,,session_1763948647223_ufkoq5c6mg,2025-11-24T01:44:08.204568+00:00,media/audio/senior/S85610/648e8a8570454eb3a5eb91a134496673.json,audio/senior/648e8a8570454eb3a5eb91a134496673.wav
S85610,repeat_senior,퍼터커 반복 발음 과제 (어르신),6,퍼터커,senior_repeat_1763948761851_356ahfil6,2025-11-24T01:46:02.646491+00:00,media/audio/senior/S85610/b07eb986d7ed47b885f55252fd1bcaea.json,audio/senior/b07eb986d7ed47b885f55252fd1bcaea.wav
S85610,repeat_senior,퍼터커 반복 발음 과제 (어르신),3,터,senior_repeat_1763948722700_xc5xt8vzb,2025-11-24T01:45:23.326821+00:00,media/audio/senior/S85610/1faedd9a6bee4d66957a1e98858b0429.json,audio/senior/1faedd9a6bee4d66957a1e98858b0429.wav
S85610,a_repeat_senior,아 반복 발음 과제 (어르신),,,session_1763948657846_hc7cqahcmip,2025-11-24T01:44:18.092350+00:00,media/audio/senior/S85610/ef463a2955324bd29fee29b1ac8240cd.json,audio/senior/ef463a2955324bd29fee29b1ac8240cd.wav
S85610,repeat_senior,퍼터커 반복 발음 과제 (어르신),2,터,senior_repeat_1763948711209_t74jfo7mr,2025-11-24T01:45:11.459731+00:00,media/audio/senior/S85610/9c8dc4220c924cf59f4c6d231e3a83f4.json,audio/senior/9c8dc4220c924cf59f4c6d231e3a83f4.wav
S85610,repeat_senior,퍼터커 반복 발음 과제 (어르신),5,커,senior_repeat_1763948745498_hixcyj0v4,2025-11-24T01:45:45.767147+00:00,media/audio/senior/S85610/df6bad80da694d3db1b1d73f744c05a7.json,audio/senior/df6bad80da694d3db1b1d73f744c05a7.wav
S85610,repeat_senior,퍼터커 반복 발음 과제 (어르신),1,퍼,senior_repeat_1763948697039_dne60512m,2025-11-24T01:44:57.266057+00:00,media/audio/senior/S85610/76499388f2f94ea9b0b20536f882e2b6.json,audio/senior/76499388f2f94ea9b0b20536f882e2b6.wav
S33049,repeat_senior,퍼터커 반복 발음 과제 (어르신),1,퍼,senior_repeat_1769735009994_ly9ol423w,2026-01-30T01:03:30.604982+00:00,media/audio/senior/S33049/222658af5d2d445c966da13725f1cc28.json,audio/senior/S33049/222658af5d2d445c966da13725f1cc28.wav
S33049,a_repeat_senior,아 반복 발음 과제 (어르신),,,session_1769734963035_yqmyytyggi,2026-01-30T01:02:43.627895+00:00,media/audio/senior/S33049/841a6b1403d24781a3ee3c5548e924c7.json,audio/senior/S33049/841a6b1403d24781a3ee3c5548e924c7.wav
S33049,repeat_senior,퍼터커 반복 발음 과제 (어르신),2,터,senior_repeat_1769735026753_716ikieas,2026-01-30T01:03:47.375679+00:00,media/audio/senior/S33049/ed876597bc7a4f3d92724c1cd55ae4b8.json,audio/senior/S33049/ed876597bc7a4f3d92724c1cd55ae4b8.wav
S33049,repeat_senior,퍼터커 반복 발음 과제 (어르신),6,퍼터커,senior_repeat_1769735101164_puzd49s1f,2026-01-30T01:05:01.893736+00:00,media/audio/senior/S33049/f6cbfa4e1c684c4b86399f69ddc9e5a3.json,audio/senior/S33049/f6cbfa4e1c684c4b86399f69ddc9e5a3.wav
S33049,repeat_senior,퍼터커 반복 발음 과제 (어르신),3,터,senior_repeat_1769735043694_3yjl6qrop,2026-01-30T01:04:04.314968+00:00,media/audio/senior/S33049/1cd2a6ad4b3c46be8a43cfa2e4020914.json,audio/senior/S33049/1cd2a6ad4b3c46be8a43cfa2e4020914.wav
S33049,repeat_senior,퍼터커 반복 발음 과제 (어르신),5,커,senior_repeat_1769735081676_ojsxmn3z9,2026-01-30T01:04:42.280953+00:00,media/audio/senior/S33049/e93aa07c5ba34710ad4d26ffd1891eb7.json,audio/senior/S33049/e93aa07c5ba34710ad4d26ffd1891eb7.wav
S33049,a_repeat_senior,아 반복 발음 과제 (어르신),,,session_1769734948924_97zc3bvjjrm,2026-01-30T01:02:29.578219+00:00,media/audio/senior/S33049/dc768d728cf5490f863d77828a3807a3.json,audio/senior/S33049/dc768d728cf5490f863d77828a3807a3.wav
S33049,repeat_senior,퍼터커 반복 발음 과제 (어르신),4,커,senior_repeat_1769735064169_5g0vd6w2u,2026-01-30T01:04:24.784590+00:00,media/audio/senior/S33049/67c382ff53f847f182ba7a2eae599cff.json,audio/senior/S33049/67c382ff53f847f182ba7a2eae599cff.wav
S33049,repeat_senior,퍼터커 반복 발음 과제 (어르신),0,퍼,senior_repeat_1769734991490_oqg1zmw4b,2026-01-30T01:03:12.098913+00:00,media/audio/senior/S33049/6b151fea91104712b334d9c115cb6dff.json,audio/senior/S33049/6b151fea91104712b334d9c115cb6dff.wav
S33049,repeat_senior,퍼터커 반복 발음 과제 (어르신),7,퍼터커,senior_repeat_1769735117655_vbzvbrndb,2026-01-30T01:05:18.299963+00:00,media/audio/senior/S33049/ad3c0b3d5cf7480fb68f92a1e1ade1e5.json,audio/senior/S33049/ad3c0b3d5cf7480fb68f92a1e1ade1e5.wav
S2602121158,repeat_senior,퍼터커 반복 발음 과제 (어르신),3,터,senior_repeat_1770865322026_ah3hwmktw,2026-02-12T03:02:00.923011+00:00,media/audio/senior/S2602121158/003ea23cebf5478dbf6fdcb519ed6a26.json,audio/senior/S2602121158/003ea23cebf5478dbf6fdcb519ed6a26.wav
S2602121158,repeat_senior,퍼터커 반복 발음 과제 (어르신),4,커,senior_repeat_1770865337561_rdh11030e,2026-02-12T03:02:16.626088+00:00,media/audio/senior/S2602121158/1e5adff69c494fd18a1bd8b63247f2c2.json,audio/senior/S2602121158/1e5adff69c494fd18a1bd8b63247f2c2.wav
S2602121158,repeat_senior,퍼터커 반복 발음 과제 (어르신),6,퍼터커,senior_repeat_1770865373522_bs9jkao0c,2026-02-12T03:02:55.054806+00:00,media/audio/senior/S2602121158/2650cc4154c34303af25352e08ae562c.json,audio/senior/S2602121158/2650cc4154c34303af25352e08ae562c.wav
S2602121158,a_repeat_senior,아 반복 발음 과제 (어르신),,,session_1770865229864_kwr5kcwi0e,2026-02-12T03:00:28.049757+00:00,media/audio/senior/S2602121158/a7305c59195646ea8575d1aa5ce19d5c.json,audio/senior/S2602121158/a7305c59195646ea8575d1aa5ce19d5c.wav
S2602121158,repeat_senior,퍼터커 반복 발음 과제 (어르신),2,터,senior_repeat_1770865309496_wj6zf3wn9,2026-02-12T03:01:47.666231+00:00,media/audio/senior/S2602121158/7926bbf22a20441c91805bc1ef8a4aea.json,audio/senior/S2602121158/7926bbf22a20441c91805bc1ef8a4aea.wav
S2602121158,repeat_senior,퍼터커 반복 발음 과제 (어르신),0,퍼,senior_repeat_1770865276500_vf6hsh76n,2026-02-12T03:01:15.619594+00:00,media/audio/senior/S2602121158/b1ebdc4ab7e341aa9b5970205e0ee296.json,audio/senior/S2602121158/b1ebdc4ab7e341aa9b5970205e0ee296.wav
S2602121158,a_repeat_senior,아 반복 발음 과제 (어르신),,,session_1770865250980_327k245vfal,2026-02-12T03:00:50.300668+00:00,media/audio/senior/S2602121158/370fe459604e4587aeb8133ff7f18160.json,audio/senior/S2602121158/370fe459604e4587aeb8133ff7f18160.wav
S2602121158,repeat_senior,퍼터커 반복 발음 과제 (어르신),5,커,senior_repeat_1770865353498_uapyn9do4,2026-02-12T03:02:33.750789+00:00,media/audio/senior/S2602121158/b4f4cd64f3614f0e9b5f0dcce4fca309.json,audio/senior/S2602121158/b4f4cd64f3614f0e9b5f0dcce4fca309.wav
S2602121158,repeat_senior,퍼터커 반복 발음 과제 (어르신),7,퍼터커,senior_repeat_1770865391451_mltcu4l0j,2026-02-12T03:03:10.066000+00:00,media/audio/senior/S2602121158/7fe574bdfa4e49b89ed24c8e0dee4483.json,audio/senior/S2602121158/7fe574bdfa4e49b89ed24c8e0dee4483.wav
S2602121158,repeat_senior,퍼터커 반복 발음 과제 (어르신),1,퍼,senior_repeat_1770865290038_vofvt5a09,2026-02-12T03:01:28.619365+00:00,media/audio/senior/S2602121158/b0592606269d4a678feff0a4170a34a7.json,audio/senior/S2602121158/b0592606269d4a678feff0a4170a34a7.wav
S82886,repeat_senior,퍼터커 반복 발음 과제 (어르신),4,커,senior_repeat_1768646553005_ebbrk6j05,2026-01-17T10:42:33.447857+00:00,media/audio/senior/S82886/d3b953a55e8e4a409280058f95945a4e.json,audio/senior/S82886/d3b953a55e8e4a409280058f95945a4e.wav
S82886,repeat_senior,퍼터커 반복 발음 과제 (어르신),3,터,senior_repeat_1768646543413_pvnl44a13,2026-01-17T10:42:23.783169+00:00,media/audio/senior/S82886/1e8d0a99205e44e88989df321fa8bfdd.json,audio/senior/S82886/1e8d0a99205e44e88989df321fa8bfdd.wav
S82886,a_repeat_senior,아 반복 발음 과제 (어르신),,,session_1768646487707_za07kw9zdv,2026-01-17T10:41:28.081719+00:00,media/audio/senior/S82886/7469e016e01e48028f4b1ceaa4d6cae5.json,audio/senior/S82886/7469e016e01e48028f4b1ceaa4d6cae5.wav
S82886,a_repeat_senior,아 반복 발음 과제 (어르신),,,session_1768646461172_5x84sm9uqz4,2026-01-17T10:41:01.638400+00:00,media/audio/senior/S82886/6d3c0f0e16374377a1839d560d5c3cc8.json,audio/senior/S82886/6d3c0f0e16374377a1839d560d5c3cc8.wav
S82886,repeat_senior,퍼터커 반복 발음 과제 (어르신),0,퍼,senior_repeat_1768646501496_8794addc3,2026-01-17T10:41:41.828699+00:00,media/audio/senior/S82886/b01530167e88483fb8af48902a25402f.json,audio/senior/S82886/b01530167e88483fb8af48902a25402f.wav
S82886,repeat_senior,퍼터커 반복 발음 과제 (어르신),6,퍼터커,senior_repeat_1768646572762_euwj5tomv,2026-01-17T10:42:53.189748+00:00,media/audio/senior/S82886/d023696c3ec242bfb2c374e4bc237290.json,audio/senior/S82886/d023696c3ec242bfb2c374e4bc237290.wav
S82886,repeat_senior,퍼터커 반복 발음 과제 (어르신),5,커,senior_repeat_1768646561406_bdnw4n8eh,2026-01-17T10:42:41.803365+00:00,media/audio/senior/S82886/03bc86e60b4849418d8802572ca83805.json,audio/senior/S82886/03bc86e60b4849418d8802572ca83805.wav
S82886,repeat_senior,퍼터커 반복 발음 과제 (어르신),1,퍼,senior_repeat_1768646517277_ub5sml7gj,2026-01-17T10:41:57.640917+00:00,media/audio/senior/S82886/623ea7da89794914bce8d91b72714930.json,audio/senior/S82886/623ea7da89794914bce8d91b72714930.wav
S82886,repeat_senior,퍼터커 반복 발음 과제 (어르신),7,퍼터커,senior_repeat_1768646581714_eoapzvhiu,2026-01-17T10:43:02.073757+00:00,media/audio/senior/S82886/740ee39932c34c54b158ef4189319209.json,audio/senior/S82886/740ee39932c34c54b158ef4189319209.wav
S82886,repeat_senior,퍼터커 반복 발음 과제 (어르신),2,터,senior_repeat_1768646534819_d625qejhh,2026-01-17T10:42:15.200635+00:00,media/audio/senior/S82886/0c5dd6887a114a2f85997d560bedfab9.json,audio/senior/S82886/0c5dd6887a114a2f85997d560bedfab9.wav
S45309,repeat_senior,퍼터커 반복 발음 과제 (어르신),1,퍼,senior_repeat_1764493824310_bxqm8otaz,2025-11-30T09:10:23.778170+00:00,media/audio/senior/S45309/2b225b238c96475aa367d87931843ca0.json,audio/senior/S45309/2b225b238c96475aa367d87931843ca0.wav
S45309,repeat_senior,퍼터커 반복 발음 과제 (어르신),7,퍼터커,senior_repeat_1764493994266_dw720sazl,2025-11-30T09:13:13.794595+00:00,media/audio/senior/S45309/a6b093f6666745d28479ba0ab31dabda.json,audio/senior/S45309/a6b093f6666745d28479ba0ab31dabda.wav
S45309,repeat_senior,퍼터커 반복 발음 과제 (어르신),0,퍼,senior_repeat_1764493800985_ypmr7syk2,2025-11-30T09:10:00.471326+00:00,media/audio/senior/S45309/c503c5cc5da2419d9f7c00bd48d3a2c9.json,audio/senior/S45309/c503c5cc5da2419d9f7c00bd48d3a2c9.wav
S45309,repeat_senior,퍼터커 반복 발음 과제 (어르신),4,커,senior_repeat_1764493914706_l35gl6y1c,2025-11-30T09:11:54.167087+00:00,media/audio/senior/S45309/4319b1d0483a431fa5882843166fe245.json,audio/senior/S45309/4319b1d0483a431fa5882843166fe245.wav
S45309,repeat_senior,퍼터커 반복 발음 과제 (어르신),6,퍼터커,senior_repeat_1764493972766_oatrnzonc,2025-11-30T09:12:52.231326+00:00,media/audio/senior/S45309/39cc2d341a10414793c9542ad72f495a.json,audio/senior/S45309/39cc2d341a10414793c9542ad72f495a.wav
S45309,a_repeat_senior,아 반복 발음 과제 (어르신),,,session_1764493754510_4u0swxtvrxi,2025-11-30T09:09:14.048419+00:00,media/audio/senior/S45309/f5745e96484347858e08b1b17234cb5c.json,audio/senior/S45309/f5745e96484347858e08b1b17234cb5c.wav
S45309,a_repeat_senior,아 반복 발음 과제 (어르신),,,session_1764493767703_21k6yjuwi0k,2025-11-30T09:09:27.176804+00:00,media/audio/senior/S45309/d065546eae2940fd9eb88b11b86e7235.json,audio/senior/S45309/d065546eae2940fd9eb88b11b86e7235.wav
S45309,repeat_senior,퍼터커 반복 발음 과제 (어르신),5,커,senior_repeat_1764493937464_79ij5bzxq,2025-11-30T09:12:16.932672+00:00,media/audio/senior/S45309/3c5407657fd948739815a9f5b46e86c3.json,audio/senior/S45309/3c5407657fd948739815a9f5b46e86c3.wav
S45309,repeat_senior,퍼터커 반복 발음 과제 (어르신),3,터,senior_repeat_1764493883015_9pp596q1l,2025-11-30T09:11:22.494634+00:00,media/audio/senior/S45309/04429cb8a17a4cc08f9b73d5c9cc5348.json,audio/senior/S45309/04429cb8a17a4cc08f9b73d5c9cc5348.wav
S45309,repeat_senior,퍼터커 반복 발음 과제 (어르신),2,터,senior_repeat_1764493856534_msdbdvybd,2025-11-30T09:10:56.021842+00:00,media/audio/senior/S45309/98f2640a697847b3910e56152defe7fd.json,audio/senior/S45309/98f2640a697847b3910e56152defe7fd.wav
S16782,repeat_senior,퍼터커 반복 발음 과제 (어르신),7,퍼터커,senior_repeat_1766465123892_xsr4h6oa0,2025-12-23T04:45:23.892851+00:00,media/audio/senior/S16782/b991ea2e422143cda8a6a5a9bd3aeb43.json,audio/senior/S16782/b991ea2e422143cda8a6a5a9bd3aeb43.wav
S16782,a_repeat_senior,아 반복 발음 과제 (어르신),,,session_1766465001418_c02n26v9cjf,2025-12-23T04:43:21.427454+00:00,media/audio/senior/S16782/00499581882145bdbd8d6771e81a3780.json,audio/senior/S16782/00499581882145bdbd8d6771e81a3780.wav
S16782,repeat_senior,퍼터커 반복 발음 과제 (어르신),0,퍼,senior_repeat_1766465036343_s25yjfgj9,2025-12-23T04:43:56.242430+00:00,media/audio/senior/S16782/631f4ed5fc6a4e54b96f51b6edcd1b6e.json,audio/senior/S16782/631f4ed5fc6a4e54b96f51b6edcd1b6e.wav
S16782,repeat_senior,퍼터커 반복 발음 과제 (어르신),4,커,senior_repeat_1766465084731_anpq9i1yb,2025-12-23T04:44:44.621469+00:00,media/audio/senior/S16782/eedc3dded48c4670995bd381cea7aa3f.json,audio/senior/S16782/eedc3dded48c4670995bd381cea7aa3f.wav
S16782,repeat_senior,퍼터커 반복 발음 과제 (어르신),1,퍼,senior_repeat_1766465051087_owghha98u,2025-12-23T04:44:11.087864+00:00,media/audio/senior/S16782/c80a76467f674d16a28a4832851deeff.json,audio/senior/S16782/c80a76467f674d16a28a4832851deeff.wav
S16782,repeat_senior,퍼터커 반복 발음 과제 (어르신),6,퍼터커,senior_repeat_1766465108499_knabw2mw4,2025-12-23T04:45:08.406229+00:00,media/audio/senior/S16782/08647696268645bd98d182564b833157.json,audio/senior/S16782/08647696268645bd98d182564b833157.wav
S16782,repeat_senior,퍼터커 반복 발음 과제 (어르신),3,터,senior_repeat_1766465073494_a8n7fr5c6,2025-12-23T04:44:33.487698+00:00,media/audio/senior/S16782/56324a6e2ce441fe8d75ac5f25b8097d.json,audio/senior/S16782/56324a6e2ce441fe8d75ac5f25b8097d.wav
S16782,a_repeat_senior,아 반복 발음 과제 (어르신),,,session_1766465013329_2nbj3v1z6nx,2025-12-23T04:43:33.235136+00:00,media/audio/senior/S16782/9384bd62d2514e8da20cc5cbc8157948.json,audio/senior/S16782/9384bd62d2514e8da20cc5cbc8157948.wav
S16782,repeat_senior,퍼터커 반복 발음 과제 (어르신),2,터,senior_repeat_1766465063385_wbc5uydku,2025-12-23T04:44:23.280209+00:00,media/audio/senior/S16782/75e0fea2b7f144598a99d4fb4f21e907.json,audio/senior/S16782/75e0fea2b7f144598a99d4fb4f21e907.wav
S16782,repeat_senior,퍼터커 반복 발음 과제 (어르신),5,커,senior_repeat_1766465095240_t1zgvnxx6,2025-12-23T04:44:55.118119+00:00,media/audio/senior/S16782/a19c1f18d8c3464d83d5e8b59a2eb59d.json,audio/senior/S16782/a19c1f18d8c3464d83d5e8b59a2eb59d.wav
S65997,repeat_senior,퍼터커 반복 발음 과제 (어르신),1,퍼,senior_repeat_1767076000485_pdd6lbc5v,2025-12-30T06:26:38.503582+00:00,media/audio/senior/S65997/a19230d4ebdd4375b95a6989b32067fa.json,audio/senior/S65997/a19230d4ebdd4375b95a6989b32067fa.wav
S65997,repeat_senior,퍼터커 반복 발음 과제 (어르신),2,터,senior_repeat_1767076013820_eu32iri4s,2025-12-30T06:26:51.842991+00:00,media/audio/senior/S65997/dd069b056c4b4ddd96fe97b055c0d77d.json,audio/senior/S65997/dd069b056c4b4ddd96fe97b055c0d77d.wav
S65997,a_repeat_senior,아 반복 발음 과제 (어르신),,,session_1767075959488_07sj1kdzw3lv,2025-12-30T06:25:57.641020+00:00,media/audio/senior/S65997/1976f39d1a594be6891d62930469d331.json,audio/senior/S65997/1976f39d1a594be6891d62930469d331.wav
S65997,repeat_senior,퍼터커 반복 발음 과제 (어르신),4,커,senior_repeat_1767076037196_2wx89g98c,2025-12-30T06:27:15.216203+00:00,media/audio/senior/S65997/deb9f0e247144a1ebd7b918a440d56f5.json,audio/senior/S65997/deb9f0e247144a1ebd7b918a440d56f5.wav
S65997,repeat_senior,퍼터커 반복 발음 과제 (어르신),3,터,senior_repeat_1767076025043_69k2huomq,2025-12-30T06:27:03.060806+00:00,media/audio/senior/S65997/26a4bf5d444647af9e179a7e7f23d1de.json,audio/senior/S65997/26a4bf5d444647af9e179a7e7f23d1de.wav
S65997,a_repeat_senior,아 반복 발음 과제 (어르신),,,session_1767075970281_dh63xy0hfsf,2025-12-30T06:26:08.309844+00:00,media/audio/senior/S65997/9069c814daa141de899fe2118db54ada.json,audio/senior/S65997/9069c814daa141de899fe2118db54ada.wav
S65997,repeat_senior,퍼터커 반복 발음 과제 (어르신),0,퍼,senior_repeat_1767075989906_9kqc731xe,2025-12-30T06:26:27.927297+00:00,media/audio/senior/S65997/94fe152231a64a95abf5e8284f6aa66b.json,audio/senior/S65997/94fe152231a64a95abf5e8284f6aa66b.wav
S65997,repeat_senior,퍼터커 반복 발음 과제 (어르신),6,퍼터커,senior_repeat_1767076063228_joi20gj5l,2025-12-30T06:27:41.248840+00:00,media/audio/senior/S65997/56dc3c26882c44989df305ea3b44acaf.json,audio/senior/S65997/56dc3c26882c44989df305ea3b44acaf.wav
S65997,repeat_senior,퍼터커 반복 발음 과제 (어르신),7,퍼터커,senior_repeat_1767076075835_r2xc23q0g,2025-12-30T06:27:53.870599+00:00,media/audio/senior/S65997/9ab410a8768d42c49f924f0c8b7a0616.json,audio/senior/S65997/9ab410a8768d42c49f924f0c8b7a0616.wav
S65997,repeat_senior,퍼터커 반복 발음 과제 (어르신),5,커,senior_repeat_1767076049336_e78ctghrh,2025-12-30T06:27:27.361438+00:00,media/audio/senior/S65997/aa71e90e733e4c41a5d9031e64920f70.json,audio/senior/S65997/aa71e90e733e4c41a5d9031e64920f70.wav
S65660,a_repeat_senior,아 반복 발음 과제 (어르신),,,session_1769479943277_mmgrmja4sha,2026-01-27T02:12:24.215934+00:00,media/audio/senior/S65660/e7aebd12bb784a37a8187a4546bee0b4.json,audio/senior/S65660/e7aebd12bb784a37a8187a4546bee0b4.wav
S65660,repeat_senior,퍼터커 반복 발음 과제 (어르신),1,퍼,senior_repeat_1769479988487_fnr27554y,2026-01-27T02:13:09.444976+00:00,media/audio/senior/S65660/7efe9a5ca160458282e625e9948c37ac.json,audio/senior/S65660/7efe9a5ca160458282e625e9948c37ac.wav
S65660,repeat_senior,퍼터커 반복 발음 과제 (어르신),7,퍼터커,senior_repeat_1769480075081_6wmk6a8kr,2026-01-27T02:14:35.981582+00:00,media/audio/senior/S65660/8683699a40714d01a0708e68597d3310.json,audio/senior/S65660/8683699a40714d01a0708e68597d3310.wav
S65660,repeat_senior,퍼터커 반복 발음 과제 (어르신),5,커,senior_repeat_1769480044065_kt8ve8gos,2026-01-27T02:14:04.761916+00:00,media/audio/senior/S65660/9c720b3b88104a22abd44652eaf2450d.json,audio/senior/S65660/9c720b3b88104a22abd44652eaf2450d.wav
S65660,repeat_senior,퍼터커 반복 발음 과제 (어르신),2,터,senior_repeat_1769480002073_fjcbfu6we,2026-01-27T02:13:23.155222+00:00,media/audio/senior/S65660/86317580083740bd94df15135465cc0a.json,audio/senior/S65660/86317580083740bd94df15135465cc0a.wav
S65660,repeat_senior,퍼터커 반복 발음 과제 (어르신),3,터,senior_repeat_1769480014380_yzrerpmtz,2026-01-27T02:13:35.490305+00:00,media/audio/senior/S65660/e8cb4d840ad444a5b7b991a7e5ca84a0.json,audio/senior/S65660/e8cb4d840ad444a5b7b991a7e5ca84a0.wav
S65660,repeat_senior,퍼터커 반복 발음 과제 (어르신),0,퍼,senior_repeat_1769479974901_ce4a1qxtg,2026-01-27T02:12:55.988279+00:00,media/audio/senior/S65660/17c3451cd26c4e8db06e3aa9147631ed.json,audio/senior/S65660/17c3451cd26c4e8db06e3aa9147631ed.wav
S65660,repeat_senior,퍼터커 반복 발음 과제 (어르신),6,퍼터커,senior_repeat_1769480063000_fz8chdsxt,2026-01-27T02:14:24.168843+00:00,media/audio/senior/S65660/9b955c0757294c19a441e02670713c4c.json,audio/senior/S65660/9b955c0757294c19a441e02670713c4c.wav
S65660,repeat_senior,퍼터커 반복 발음 과제 (어르신),4,커,senior_repeat_1769480030768_igzsw6p2m,2026-01-27T02:13:51.967445+00:00,media/audio/senior/S65660/0baafa5622514d26aea32c027ba44f1b.json,audio/senior/S65660/0baafa5622514d26aea32c027ba44f1b.wav
S65660,a_repeat_senior,아 반복 발음 과제 (어르신),,,session_1769479924410_hr4kc08s227,2026-01-27T02:12:05.903913+00:00,media/audio/senior/S65660/09591230575240d1a82f7d696bbc86c0.json,audio/senior/S65660/09591230575240d1a82f7d696bbc86c0.wav
S2602021154,a_repeat_senior,아 반복 발음 과제 (어르신),,,session_1770003448556_7vkv1didta,2026-02-02T03:37:26.093957+00:00,media/audio/senior/S2602021154/87752870f9214b47a5ff2bf6568cea68.json,audio/senior/S2602021154/87752870f9214b47a5ff2bf6568cea68.wav
S2602021154,a_repeat_senior,아 반복 발음 과제 (어르신),,,session_1770000986313_2a37fejiz2s,2026-02-02T02:56:22.899862+00:00,media/audio/senior/S2602021154/60bdd3c0c9984701a1c23a44b05a033a.json,audio/senior/S2602021154/60bdd3c0c9984701a1c23a44b05a033a.wav
S2602021154,repeat_senior,퍼터커 반복 발음 과제 (어르신),2,터,senior_repeat_1770001033687_77sqzgrp0,2026-02-02T02:57:10.637866+00:00,media/audio/senior/S2602021154/52b2f102e91646c5831d9487cc6caa30.json,audio/senior/S2602021154/52b2f102e91646c5831d9487cc6caa30.wav
S2602021154,repeat_senior,퍼터커 반복 발음 과제 (어르신),3,터,senior_repeat_1770001044910_rhevckf8k,2026-02-02T02:57:21.542044+00:00,media/audio/senior/S2602021154/93a9636fc8aa4a148361151250a7355f.json,audio/senior/S2602021154/93a9636fc8aa4a148361151250a7355f.wav
S2602021154,repeat_senior,퍼터커 반복 발음 과제 (어르신),0,퍼,senior_repeat_1770001005040_hfr99rgbd,2026-02-02T02:56:42.072967+00:00,media/audio/senior/S2602021154/ebf80d894a0a47a681254db6ace3963a.json,audio/senior/S2602021154/ebf80d894a0a47a681254db6ace3963a.wav
S2602021154,a_repeat_senior,아 반복 발음 과제 (어르신),,,session_1770000976498_21klrro4omb,2026-02-02T02:56:13.304775+00:00,media/audio/senior/S2602021154/15249e32c608445c933d6e63541bbfbd.json,audio/senior/S2602021154/15249e32c608445c933d6e63541bbfbd.wav
S2602021154,repeat_senior,퍼터커 반복 발음 과제 (어르신),1,퍼,senior_repeat_1770001019142_ds4uo98ic,2026-02-02T02:56:56.017967+00:00,media/audio/senior/S2602021154/86cb3a37e95749ba90356fab1ad194da.json,audio/senior/S2602021154/86cb3a37e95749ba90356fab1ad194da.wav
S2602021154,repeat_senior,퍼터커 반복 발음 과제 (어르신),4,커,senior_repeat_1770001059595_v8orumqlc,2026-02-02T02:57:36.479217+00:00,media/audio/senior/S2602021154/eefa71db41cf4e489192be9ef044f020.json,audio/senior/S2602021154/eefa71db41cf4e489192be9ef044f020.wav
S2602021154,repeat_senior,퍼터커 반복 발음 과제 (어르신),6,퍼터커,senior_repeat_1770001090588_z8hqimbvl,2026-02-02T02:58:07.439361+00:00,media/audio/senior/S2602021154/604822742dba43e7b6884be3418019af.json,audio/senior/S2602021154/604822742dba43e7b6884be3418019af.wav
S2602021154,repeat_senior,퍼터커 반복 발음 과제 (어르신),5,커,senior_repeat_1770001071258_9vgu6b7b1,2026-02-02T02:57:47.890918+00:00,media/audio/senior/S2602021154/f5a9db42916a44c8be91b2d519931e1a.json,audio/senior/S2602021154/f5a9db42916a44c8be91b2d519931e1a.wav
S2602021154,repeat_senior,퍼터커 반복 발음 과제 (어르신),7,퍼터커,senior_repeat_1770001102553_tnj8qwtfz,2026-02-02T02:58:19.430812+00:00,media/audio/senior/S2602021154/fabed052a3ef475596d65efa86cf2438.json,audio/senior/S2602021154/fabed052a3ef475596d65efa86cf2438.wav
S76724,repeat_senior,퍼터커 반복 발음 과제 (어르신),2,터,senior_repeat_1769165349714_4qb9e76rb,2026-01-23T10:49:10.271390+00:00,media/audio/senior/S76724/ee9a12fdfc1349af9d5cffedfdf8226c.json,audio/senior/S76724/ee9a12fdfc1349af9d5cffedfdf8226c.wav
S76724,repeat_senior,퍼터커 반복 발음 과제 (어르신),3,터,senior_repeat_1769165368430_2mgsg9xw8,2026-01-23T10:49:28.994632+00:00,media/audio/senior/S76724/83add4393a0c4b6db89c21bede05e4da.json,audio/senior/S76724/83add4393a0c4b6db89c21bede05e4da.wav
S76724,repeat_senior,퍼터커 반복 발음 과제 (어르신),7,퍼터커,senior_repeat_1769165457754_w240c055b,2026-01-23T10:50:58.321378+00:00,media/audio/senior/S76724/48b933b9765747859e9778244a9b1b5a.json,audio/senior/S76724/48b933b9765747859e9778244a9b1b5a.wav
S76724,repeat_senior,퍼터커 반복 발음 과제 (어르신),1,퍼,senior_repeat_1769165325239_8yxlsil6g,2026-01-23T10:48:45.822612+00:00,media/audio/senior/S76724/affa8fb5ac5d44e081576f4b38aa0f6c.json,audio/senior/S76724/affa8fb5ac5d44e081576f4b38aa0f6c.wav
S76724,a_repeat_senior,아 반복 발음 과제 (어르신),,,session_1769165221668_3bbs6t5lvg6,2026-01-23T10:47:02.365892+00:00,media/audio/senior/S76724/8fdbafa5bd1646bb812647cbd4331e98.json,audio/senior/S76724/8fdbafa5bd1646bb812647cbd4331e98.wav
S76724,repeat_senior,퍼터커 반복 발음 과제 (어르신),5,커,senior_repeat_1769165411677_3y14bkxfb,2026-01-23T10:50:12.236925+00:00,media/audio/senior/S76724/97d6cf46168d4dc7a5fe58529ac505fd.json,audio/senior/S76724/97d6cf46168d4dc7a5fe58529ac505fd.wav
S76724,repeat_senior,퍼터커 반복 발음 과제 (어르신),0,퍼,senior_repeat_1769165298241_wc1e9tfow,2026-01-23T10:48:18.799462+00:00,media/audio/senior/S76724/d2703b66ac32423ab3d63c008361d561.json,audio/senior/S76724/d2703b66ac32423ab3d63c008361d561.wav
S76724,repeat_senior,퍼터커 반복 발음 과제 (어르신),6,퍼터커,senior_repeat_1769165437114_ygepeiidv,2026-01-23T10:50:37.674863+00:00,media/audio/senior/S76724/28ccdb24061d441aa0f0e957569a5e61.json,audio/senior/S76724/28ccdb24061d441aa0f0e957569a5e61.wav
S76724,repeat_senior,퍼터커 반복 발음 과제 (어르신),4,커,senior_repeat_1769165390017_7485c9lry,2026-01-23T10:49:50.590645+00:00,media/audio/senior/S76724/52f60ff1ec2d4a6d97cb4aa10a1e26f6.json,audio/senior/S76724/52f60ff1ec2d4a6d97cb4aa10a1e26f6.wav
S76724,a_repeat_senior,아 반복 발음 과제 (어르신),,,session_1769165255333_p6pgpu3jv8o,2026-01-23T10:47:35.939512+00:00,media/audio/senior/S76724/265c7b1968d54586935573ea6dd52aec.json,audio/senior/S76724/265c7b1968d54586935573ea6dd52aec.wav
S57796,repeat_senior,퍼터커 반복 발음 과제 (어르신),1,퍼,senior_repeat_1764403565569_pc5mn71n9,2025-11-29T08:06:04.020298+00:00,media/audio/senior/S57796/432e43b4c4584c708cf248eae607da2f.json,audio/senior/S57796/432e43b4c4584c708cf248eae607da2f.wav
S57796,repeat_senior,퍼터커 반복 발음 과제 (어르신),4,커,senior_repeat_1764403598552_ig61emfli,2025-11-29T08:06:37.107605+00:00,media/audio/senior/S57796/177433c374554b59bee3e433eb3a8b44.json,audio/senior/S57796/177433c374554b59bee3e433eb3a8b44.wav
S57796,repeat_senior,퍼터커 반복 발음 과제 (어르신),6,퍼터커,senior_repeat_1764403620841_oqjsm2z9e,2025-11-29T08:06:59.246890+00:00,media/audio/senior/S57796/9a6082985c6e4bebbd5f83e240e7474a.json,audio/senior/S57796/9a6082985c6e4bebbd5f83e240e7474a.wav
S57796,repeat_senior,퍼터커 반복 발음 과제 (어르신),5,커,senior_repeat_1764403608188_4r4w8pj07,2025-11-29T08:06:46.603437+00:00,media/audio/senior/S57796/d24b5fadd3af419482757fae87a6a8be.json,audio/senior/S57796/d24b5fadd3af419482757fae87a6a8be.wav
S57796,repeat_senior,퍼터커 반복 발음 과제 (어르신),7,퍼터커,senior_repeat_1764403630738_igt3n4p1j,2025-11-29T08:07:09.181345+00:00,media/audio/senior/S57796/a32d405ef19f4102b71b1666a3a846f7.json,audio/senior/S57796/a32d405ef19f4102b71b1666a3a846f7.wav
S57796,repeat_senior,퍼터커 반복 발음 과제 (어르신),0,퍼,senior_repeat_1764403556009_60ysk8jvo,2025-11-29T08:05:54.433231+00:00,media/audio/senior/S57796/8c52b72581984ff9859b5359edb490f6.json,audio/senior/S57796/8c52b72581984ff9859b5359edb490f6.wav
S57796,repeat_senior,퍼터커 반복 발음 과제 (어르신),2,터,senior_repeat_1764403577351_d98esl1te,2025-11-29T08:06:15.877324+00:00,media/audio/senior/S57796/f4e79d3810b042e8bd7f064c569d4de5.json,audio/senior/S57796/f4e79d3810b042e8bd7f064c569d4de5.wav
S57796,a_repeat_senior,아 반복 발음 과제 (어르신),,,session_1764403525751_j7agckt42tg,2025-11-29T08:05:24.327860+00:00,media/audio/senior/S57796/f0f063207da54f0da3decd522c3dd267.json,audio/senior/S57796/f0f063207da54f0da3decd522c3dd267.wav
S57796,repeat_senior,퍼터커 반복 발음 과제 (어르신),3,터,senior_repeat_1764403588087_1jxb8iajw,2025-11-29T08:06:26.662103+00:00,media/audio/senior/S57796/b6a769d282354f788328b5fa5ddabe53.json,audio/senior/S57796/b6a769d282354f788328b5fa5ddabe53.wav
S57796,a_repeat_senior,아 반복 발음 과제 (어르신),,,session_1764403536551_fhs0t17ek7h,2025-11-29T08:05:34.955633+00:00,media/audio/senior/S57796/796f2da6577542089e9be3f21523cca5.json,audio/senior/S57796/796f2da6577542089e9be3f21523cca5.wav
S44069,repeat_senior,퍼터커 반복 발음 과제 (어르신),3,터,senior_repeat_1766301604075_qem3hol43,2025-12-21T07:20:02.380479+00:00,media/audio/senior/S44069/84a6a70a3c704457bf75284031e546ae.json,audio/senior/S44069/84a6a70a3c704457bf75284031e546ae.wav
S44069,a_repeat_senior,아 반복 발음 과제 (어르신),,,session_1766301551274_r8z151najql,2025-12-21T07:19:09.566616+00:00,media/audio/senior/S44069/20d90090125b41ce8cee40f8b0e0e138.json,audio/senior/S44069/20d90090125b41ce8cee40f8b0e0e138.wav
S44069,a_repeat_senior,아 반복 발음 과제 (어르신),,,session_1766301541838_wb85haj50qb,2025-12-21T07:19:00.217845+00:00,media/audio/senior/S44069/754f0122535e47c28c112465d323d9e8.json,audio/senior/S44069/754f0122535e47c28c112465d323d9e8.wav
S44069,repeat_senior,퍼터커 반복 발음 과제 (어르신),0,퍼,senior_repeat_1766301573939_dot90epqr,2025-12-21T07:19:32.221505+00:00,media/audio/senior/S44069/8cc94f308e5e4456a33e6622edfbe572.json,audio/senior/S44069/8cc94f308e5e4456a33e6622edfbe572.wav
S44069,repeat_senior,퍼터커 반복 발음 과제 (어르신),7,퍼터커,senior_repeat_1766301645101_4kj6zcqtm,2025-12-21T07:20:43.400385+00:00,media/audio/senior/S44069/2626d8f011ad46bfac5d575c3d05534d.json,audio/senior/S44069/2626d8f011ad46bfac5d575c3d05534d.wav
S44069,repeat_senior,퍼터커 반복 발음 과제 (어르신),4,커,senior_repeat_1766301614653_nhf6s3z85,2025-12-21T07:20:12.974416+00:00,media/audio/senior/S44069/4bd67ab94b1149d6b95e95941b727e2b.json,audio/senior/S44069/4bd67ab94b1149d6b95e95941b727e2b.wav
S44069,repeat_senior,퍼터커 반복 발음 과제 (어르신),2,터,senior_repeat_1766301594848_bbicp6rdt,2025-12-21T07:19:53.162670+00:00,media/audio/senior/S44069/2d3a8def90a64231bb2ee4f2c4050233.json,audio/senior/S44069/2d3a8def90a64231bb2ee4f2c4050233.wav
S44069,repeat_senior,퍼터커 반복 발음 과제 (어르신),1,퍼,senior_repeat_1766301584176_qlplq4jsp,2025-12-21T07:19:42.499517+00:00,media/audio/senior/S44069/f3066e2561d649bcb6ff59b84273aac0.json,audio/senior/S44069/f3066e2561d649bcb6ff59b84273aac0.wav
S44069,repeat_senior,퍼터커 반복 발음 과제 (어르신),6,퍼터커,senior_repeat_1766301635004_zki3w243n,2025-12-21T07:20:33.303805+00:00,media/audio/senior/S44069/5ba91e5f9a9441648309965b09a9e893.json,audio/senior/S44069/5ba91e5f9a9441648309965b09a9e893.wav
S44069,repeat_senior,퍼터커 반복 발음 과제 (어르신),5,커,senior_repeat_1766301624172_1fs7bju8q,2025-12-21T07:20:22.502817+00:00,media/audio/senior/S44069/c18d4768a116481ca4762aafd75b48a3.json,audio/senior/S44069/c18d4768a116481ca4762aafd75b48a3.wav
S78380,repeat_senior,퍼터커 반복 발음 과제 (어르신),0,퍼,senior_repeat_1761739064465_bwmkdie62,2025-10-29T11:57:44.256813+00:00,media/audio/senior/S78380/34943ace708648729d4645d0b8660e9f.json,audio/senior/34943ace708648729d4645d0b8660e9f.wav
S78380,repeat_senior,퍼터커 반복 발음 과제 (어르신),2,터,senior_repeat_1761739070932_mvay55rdh,2025-10-29T11:57:50.738248+00:00,media/audio/senior/S78380/c1bd1bb745024bf582055b53df031aad.json,audio/senior/c1bd1bb745024bf582055b53df031aad.wav
S78380,repeat_senior,퍼터커 반복 발음 과제 (어르신),3,터,senior_repeat_1761739074080_aq79rxt7n,2025-10-29T11:57:53.879601+00:00,media/audio/senior/S78380/a8d13249ad1444748515c0696f521413.json,audio/senior/a8d13249ad1444748515c0696f521413.wav
S78380,repeat_senior,퍼터커 반복 발음 과제 (어르신),1,퍼,senior_repeat_1761739067940_kqxa20bwc,2025-10-29T11:57:47.736914+00:00,media/audio/senior/S78380/7db1d93e49884e34ad5bea35a9aa5458.json,audio/senior/7db1d93e49884e34ad5bea35a9aa5458.wav
S78380,a_repeat_senior,아 반복 발음 과제 (어르신),,,session_1761739058146_a1kxu2uu2wp,2025-10-29T11:57:37.956544+00:00,media/audio/senior/S78380/d34c43efd68648e3a34b2dca3383821a.json,audio/senior/d34c43efd68648e3a34b2dca3383821a.wav
S78380,repeat_senior,퍼터커 반복 발음 과제 (어르신),6,퍼터커,senior_repeat_1761739084384_zseripcka,2025-10-29T11:58:04.178516+00:00,media/audio/senior/S78380/b7f71604b7284cfdaf4225d0c6434002.json,audio/senior/b7f71604b7284cfdaf4225d0c6434002.wav
S78380,a_repeat_senior,아 반복 발음 과제 (어르신),,,session_1761739061267_l82aj3d929k,2025-10-29T11:57:41.075202+00:00,media/audio/senior/S78380/314619be1da649b5979c411b1c2d36f4.json,audio/senior/314619be1da649b5979c411b1c2d36f4.wav
S78380,repeat_senior,퍼터커 반복 발음 과제 (어르신),4,커,senior_repeat_1761739077498_p0n51l64l,2025-10-29T11:57:57.299463+00:00,media/audio/senior/S78380/1baeeccc240146408d9b3c42a0c88b8e.json,audio/senior/1baeeccc240146408d9b3c42a0c88b8e.wav
S78380,repeat_senior,퍼터커 반복 발음 과제 (어르신),0,퍼,senior_repeat_1761739339153_iroc1ga9o,2025-10-29T12:02:19.018046+00:00,media/audio/senior/S78380/0367976e53a5460280c46d354d1a131b.json,audio/senior/0367976e53a5460280c46d354d1a131b.wav
S78380,repeat_senior,퍼터커 반복 발음 과제 (어르신),7,퍼터커,senior_repeat_1761739087734_6gccktcce,2025-10-29T11:58:07.525417+00:00,media/audio/senior/S78380/453e4ea16bdf450ea089e1e40e6bb757.json,audio/senior/453e4ea16bdf450ea089e1e40e6bb757.wav
S78380,repeat_senior,퍼터커 반복 발음 과제 (어르신),5,커,senior_repeat_1761739080873_99eh3w7jt,2025-10-29T11:58:00.677042+00:00,media/audio/senior/S78380/9f59c5d47dd44d659dccd4f4e260d1f7.json,audio/senior/9f59c5d47dd44d659dccd4f4e260d1f7.wav
S80934,a_repeat_senior,아 반복 발음 과제 (어르신),,,session_1766742475685_z4ppnzbi8wj,2025-12-26T09:47:52.694373+00:00,media/audio/senior/S80934/9adafd1d05bf485a86089949a40b56a0.json,audio/senior/S80934/9adafd1d05bf485a86089949a40b56a0.wav
S80934,repeat_senior,퍼터커 반복 발음 과제 (어르신),2,터,senior_repeat_1766742519516_k1d1yr3h1,2025-12-26T09:48:36.528379+00:00,media/audio/senior/S80934/cd192debeb4c4e03808b2906f69fa8c9.json,audio/senior/S80934/cd192debeb4c4e03808b2906f69fa8c9.wav
S80934,repeat_senior,퍼터커 반복 발음 과제 (어르신),3,터,senior_repeat_1766742530343_g3gba6xs0,2025-12-26T09:48:47.345997+00:00,media/audio/senior/S80934/3a700c9f21fe42189ba886f974544ced.json,audio/senior/S80934/3a700c9f21fe42189ba886f974544ced.wav
S80934,repeat_senior,퍼터커 반복 발음 과제 (어르신),0,퍼,senior_repeat_1766742496736_5dau88v0k,2025-12-26T09:48:13.740202+00:00,media/audio/senior/S80934/304dd71665864383a992725a35ecff4c.json,audio/senior/S80934/304dd71665864383a992725a35ecff4c.wav
S80934,repeat_senior,퍼터커 반복 발음 과제 (어르신),6,퍼터커,senior_repeat_1766742569077_o95ajqcvd,2025-12-26T09:49:26.094722+00:00,media/audio/senior/S80934/6160fb9ece7d457381d4a458e72d74b4.json,audio/senior/S80934/6160fb9ece7d457381d4a458e72d74b4.wav
S80934,repeat_senior,퍼터커 반복 발음 과제 (어르신),5,커,senior_repeat_1766742553633_67grkynss,2025-12-26T09:49:10.647261+00:00,media/audio/senior/S80934/dbce7c5ff58349e48c5d36053e00fcc5.json,audio/senior/S80934/dbce7c5ff58349e48c5d36053e00fcc5.wav
S80934,repeat_senior,퍼터커 반복 발음 과제 (어르신),7,퍼터커,senior_repeat_1766742581172_77n52kixu,2025-12-26T09:49:38.178893+00:00,media/audio/senior/S80934/250041602d174968be132cc82b94c39f.json,audio/senior/S80934/250041602d174968be132cc82b94c39f.wav
S80934,repeat_senior,퍼터커 반복 발음 과제 (어르신),1,퍼,senior_repeat_1766742506528_qhpyvbmdr,2025-12-26T09:48:23.529160+00:00,media/audio/senior/S80934/6a3e57f0a2754e0682cd2f6de3d75653.json,audio/senior/S80934/6a3e57f0a2754e0682cd2f6de3d75653.wav
S80934,a_repeat_senior,아 반복 발음 과제 (어르신),,,session_1766742465941_hvboeusmmrp,2025-12-26T09:47:43.058525+00:00,media/audio/senior/S80934/8ee64563195140fd910409e8427f5971.json,audio/senior/S80934/8ee64563195140fd910409e8427f5971.wav
S80934,repeat_senior,퍼터커 반복 발음 과제 (어르신),4,커,senior_repeat_1766742541915_dk21j803w,2025-12-26T09:48:58.921430+00:00,media/audio/senior/S80934/8255b1774780436e8b83cd43e58a2042.json,audio/senior/S80934/8255b1774780436e8b83cd43e58a2042.wav
S52125,repeat_senior,퍼터커 반복 발음 과제 (어르신),2,터,senior_repeat_1766307009941_1dkmyna6d,2025-12-21T08:50:08.051793+00:00,media/audio/senior/S52125/20c12e8d483e4ebba5737da19831dd57.json,audio/senior/S52125/20c12e8d483e4ebba5737da19831dd57.wav
S52125,repeat_senior,퍼터커 반복 발음 과제 (어르신),4,커,senior_repeat_1766307031833_4syx7d36o,2025-12-21T08:50:29.956073+00:00,media/audio/senior/S52125/b8fff0141a91448a9b2ae8908b7853e6.json,audio/senior/S52125/b8fff0141a91448a9b2ae8908b7853e6.wav
S52125,a_repeat_senior,아 반복 발음 과제 (어르신),,,session_1766306963704_y05ysemexcg,2025-12-21T08:49:21.842431+00:00,media/audio/senior/S52125/951924aa4bd24a218008279f2bfb8c95.json,audio/senior/S52125/951924aa4bd24a218008279f2bfb8c95.wav
S52125,a_repeat_senior,아 반복 발음 과제 (어르신),,,session_1766306972189_v5bd6dh6grq,2025-12-21T08:49:30.320535+00:00,media/audio/senior/S52125/e4f4f45cebf543a78c0eb50e11237511.json,audio/senior/S52125/e4f4f45cebf543a78c0eb50e11237511.wav
S52125,repeat_senior,퍼터커 반복 발음 과제 (어르신),7,퍼터커,senior_repeat_1766307065428_0dxxhbg2y,2025-12-21T08:51:03.531732+00:00,media/audio/senior/S52125/391b791b1e6a4ee398ab66c2196bc4e1.json,audio/senior/S52125/391b791b1e6a4ee398ab66c2196bc4e1.wav
S52125,repeat_senior,퍼터커 반복 발음 과제 (어르신),1,퍼,senior_repeat_1766306999145_bdca7zxje,2025-12-21T08:49:57.271406+00:00,media/audio/senior/S52125/a2b19f8b9478441d906a21bf93ab7ef9.json,audio/senior/S52125/a2b19f8b9478441d906a21bf93ab7ef9.wav
S52125,repeat_senior,퍼터커 반복 발음 과제 (어르신),0,퍼,senior_repeat_1766306988904_3g7136yw9,2025-12-21T08:49:47.026420+00:00,media/audio/senior/S52125/3a7d1c3a7780456f85dfebda88aa6b0a.json,audio/senior/S52125/3a7d1c3a7780456f85dfebda88aa6b0a.wav
S52125,repeat_senior,퍼터커 반복 발음 과제 (어르신),3,터,senior_repeat_1766307020518_mq0se43cl,2025-12-21T08:50:18.618709+00:00,media/audio/senior/S52125/0ffc5106e03a4f81a6fc2dd38875bc57.json,audio/senior/S52125/0ffc5106e03a4f81a6fc2dd38875bc57.wav
S52125,repeat_senior,퍼터커 반복 발음 과제 (어르신),5,커,senior_repeat_1766307041211_uj6gf121s,2025-12-21T08:50:39.310015+00:00,media/audio/senior/S52125/38e845b8f5404cbdb9532a42f3997a91.json,audio/senior/S52125/38e845b8f5404cbdb9532a42f3997a91.wav
S52125,repeat_senior,퍼터커 반복 발음 과제 (어르신),6,퍼터커,senior_repeat_1766307055981_y74zryjz3,2025-12-21T08:50:54.107013+00:00,media/audio/senior/S52125/9bdd12dd4c6b4046a9babb90fbb1f8a6.json,audio/senior/S52125/9bdd12dd4c6b4046a9babb90fbb1f8a6.wav
S62478,repeat_senior,퍼터커 반복 발음 과제 (어르신),2,터,senior_repeat_1764560429443_6aau2yw5g,2025-12-01T03:40:29.527410+00:00,media/audio/senior/S62478/a4620736997d4baab8b04d0e5127ad32.json,audio/senior/S62478/a4620736997d4baab8b04d0e5127ad32.wav
S62478,a_repeat_senior,아 반복 발음 과제 (어르신),,,session_1764560359342_24yavao1i0n,2025-12-01T03:39:19.312194+00:00,media/audio/senior/S62478/b3fe488eca234301abf8c435abb74c68.json,audio/senior/S62478/b3fe488eca234301abf8c435abb74c68.wav
S62478,repeat_senior,퍼터커 반복 발음 과제 (어르신),6,퍼터커,senior_repeat_1764560486149_f2cy4lfqw,2025-12-01T03:41:26.200490+00:00,media/audio/senior/S62478/cf97fd7c8e5241d5999d6f476a13754f.json,audio/senior/S62478/cf97fd7c8e5241d5999d6f476a13754f.wav
S62478,repeat_senior,퍼터커 반복 발음 과제 (어르신),3,터,senior_repeat_1764560440519_4v2ul0rvk,2025-12-01T03:40:40.557432+00:00,media/audio/senior/S62478/ed15349c868542b5b5efa65a80b96552.json,audio/senior/S62478/ed15349c868542b5b5efa65a80b96552.wav
S62478,repeat_senior,퍼터커 반복 발음 과제 (어르신),4,커,senior_repeat_1764560459473_v9y96vqc1,2025-12-01T03:40:59.580003+00:00,media/audio/senior/S62478/4c8a588207574dedb5ba9fabcaf6cec5.json,audio/senior/S62478/4c8a588207574dedb5ba9fabcaf6cec5.wav
S62478,repeat_senior,퍼터커 반복 발음 과제 (어르신),1,퍼,senior_repeat_1764560415407_x2861tkyw,2025-12-01T03:40:15.393341+00:00,media/audio/senior/S62478/319e6178bc354fda8cd01a6d5290aea1.json,audio/senior/S62478/319e6178bc354fda8cd01a6d5290aea1.wav
S62478,a_repeat_senior,아 반복 발음 과제 (어르신),,,session_1764560345491_numca9nz93,2025-12-01T03:39:05.682759+00:00,media/audio/senior/S62478/8ae129761efc41b59f95b8ee9b2f1cc9.json,audio/senior/S62478/8ae129761efc41b59f95b8ee9b2f1cc9.wav
S62478,repeat_senior,퍼터커 반복 발음 과제 (어르신),0,퍼,senior_repeat_1764560393367_i5v9hvkwf,2025-12-01T03:39:53.340184+00:00,media/audio/senior/S62478/3ee38965213241c791b77420fa22c985.json,audio/senior/S62478/3ee38965213241c791b77420fa22c985.wav
S62478,repeat_senior,퍼터커 반복 발음 과제 (어르신),5,커,senior_repeat_1764560472724_l7cw7nduj,2025-12-01T03:41:12.674065+00:00,media/audio/senior/S62478/1290b4924a364783ad58b07e28991553.json,audio/senior/S62478/1290b4924a364783ad58b07e28991553.wav
S62478,repeat_senior,퍼터커 반복 발음 과제 (어르신),7,퍼터커,senior_repeat_1764560495540_fpii5mbvg,2025-12-01T03:41:35.512305+00:00,media/audio/senior/S62478/5cadb0d509584d4286a1562967593b67.json,audio/senior/S62478/5cadb0d509584d4286a1562967593b67.wav
S09842,repeat_senior,퍼터커 반복 발음 과제 (어르신),7,퍼터커,senior_repeat_1769485869833_15zhloo0w,2026-01-27T03:51:10.443716+00:00,media/audio/senior/S09842/b8e4680cde50486cbf259387c9c0561a.json,audio/senior/S09842/b8e4680cde50486cbf259387c9c0561a.wav
S09842,a_repeat_senior,아 반복 발음 과제 (어르신),,,session_1769485737648_0ue63mywffqb,2026-01-27T03:48:58.530658+00:00,media/audio/senior/S09842/9bde3955b48d426ea4a6b7f29a15e221.json,audio/senior/S09842/9bde3955b48d426ea4a6b7f29a15e221.wav
S09842,repeat_senior,퍼터커 반복 발음 과제 (어르신),6,퍼터커,senior_repeat_1769485858691_h0rsetgd7,2026-01-27T03:50:59.863572+00:00,media/audio/senior/S09842/bbe3628d2e3f4ba788354ee4c7b66e44.json,audio/senior/S09842/bbe3628d2e3f4ba788354ee4c7b66e44.wav
S09842,a_repeat_senior,아 반복 발음 과제 (어르신),,,session_1769485754154_hvtwremctat,2026-01-27T03:49:15.932347+00:00,media/audio/senior/S09842/8ed3b704a1584ff7a728fcb666ce9108.json,audio/senior/S09842/8ed3b704a1584ff7a728fcb666ce9108.wav
S09842,repeat_senior,퍼터커 반복 발음 과제 (어르신),1,퍼,senior_repeat_1769485798030_2d79fr27f,2026-01-27T03:49:59.517717+00:00,media/audio/senior/S09842/895b3f40fb444ccb9e1448c70617492d.json,audio/senior/S09842/895b3f40fb444ccb9e1448c70617492d.wav
S09842,repeat_senior,퍼터커 반복 발음 과제 (어르신),5,커,senior_repeat_1769485845390_90eof0zmo,2026-01-27T03:50:45.937191+00:00,media/audio/senior/S09842/a88d47903715472e8f98e37876c58101.json,audio/senior/S09842/a88d47903715472e8f98e37876c58101.wav
S09842,repeat_senior,퍼터커 반복 발음 과제 (어르신),2,터,senior_repeat_1769485811401_6lkgbn5df,2026-01-27T03:50:12.434085+00:00,media/audio/senior/S09842/69adf56f14f44afa9460df667402ada4.json,audio/senior/S09842/69adf56f14f44afa9460df667402ada4.wav
S09842,repeat_senior,퍼터커 반복 발음 과제 (어르신),0,퍼,senior_repeat_1769485786319_usp26pg84,2026-01-27T03:49:47.274540+00:00,media/audio/senior/S09842/91ddd7089bca413da14c128202739eb2.json,audio/senior/S09842/91ddd7089bca413da14c128202739eb2.wav
S09842,repeat_senior,퍼터커 반복 발음 과제 (어르신),4,커,senior_repeat_1769485834678_wuyzrfngi,2026-01-27T03:50:35.230855+00:00,media/audio/senior/S09842/07221b80201742f9a97bd612c3c158de.json,audio/senior/S09842/07221b80201742f9a97bd612c3c158de.wav
S09842,repeat_senior,퍼터커 반복 발음 과제 (어르신),3,터,senior_repeat_1769485823052_4cyjj2egb,2026-01-27T03:50:24.334583+00:00,media/audio/senior/S09842/7c1cf0a3dc244e32ab9418c2deabd1eb.json,audio/senior/S09842/7c1cf0a3dc244e32ab9418c2deabd1eb.wav
S94097,repeat_senior,퍼터커 반복 발음 과제 (어르신),0,퍼,senior_repeat_1765593766834_983d6vvcs,2025-12-13T02:42:47.368422+00:00,media/audio/senior/S94097/fe37453c47814e4a849d842e5f410ec1.json,audio/senior/S94097/fe37453c47814e4a849d842e5f410ec1.wav
S94097,repeat_senior,퍼터커 반복 발음 과제 (어르신),4,커,senior_repeat_1765593816690_g9lss63w1,2025-12-13T02:43:37.498280+00:00,media/audio/senior/S94097/055f767fb8fc49f3a151d8a848756b0e.json,audio/senior/S94097/055f767fb8fc49f3a151d8a848756b0e.wav
S94097,repeat_senior,퍼터커 반복 발음 과제 (어르신),6,퍼터커,senior_repeat_1765593843225_0vufz9v3v,2025-12-13T02:44:04.044777+00:00,media/audio/senior/S94097/2f77f0271f5e459fb185ad6008c22abc.json,audio/senior/S94097/2f77f0271f5e459fb185ad6008c22abc.wav
S94097,a_repeat_senior,아 반복 발음 과제 (어르신),,,session_1765593747286_n1u7rbm2qj,2025-12-13T02:42:27.826496+00:00,media/audio/senior/S94097/54cf0509e7c84bd68295007b5751d091.json,audio/senior/S94097/54cf0509e7c84bd68295007b5751d091.wav
S94097,repeat_senior,퍼터커 반복 발음 과제 (어르신),7,퍼터커,senior_repeat_1765593854363_fyeyumhjs,2025-12-13T02:44:15.307575+00:00,media/audio/senior/S94097/a3853a32b6bc4af5b1aa1736f770f858.json,audio/senior/S94097/a3853a32b6bc4af5b1aa1736f770f858.wav
S94097,repeat_senior,퍼터커 반복 발음 과제 (어르신),1,퍼,senior_repeat_1765593778127_h656k5ffe,2025-12-13T02:42:58.707612+00:00,media/audio/senior/S94097/eac03a9d37ff47f8875eff8c0c6af952.json,audio/senior/S94097/eac03a9d37ff47f8875eff8c0c6af952.wav
S94097,repeat_senior,퍼터커 반복 발음 과제 (어르신),3,터,senior_repeat_1765593803510_l7xnohnt3,2025-12-13T02:43:24.238912+00:00,media/audio/senior/S94097/f4037cbf7b864bd2839c9d32e4243339.json,audio/senior/S94097/f4037cbf7b864bd2839c9d32e4243339.wav
S94097,repeat_senior,퍼터커 반복 발음 과제 (어르신),5,커,senior_repeat_1765593828031_ibiis6h7q,2025-12-13T02:43:48.551554+00:00,media/audio/senior/S94097/9d5129bdc9744ef8891927e85da654f9.json,audio/senior/S94097/9d5129bdc9744ef8891927e85da654f9.wav
S94097,a_repeat_senior,아 반복 발음 과제 (어르신),,,session_1765593734910_7dnys3g7nk4,2025-12-13T02:42:15.919535+00:00,media/audio/senior/S94097/e19459ba9dd448aa82d6f1e1a4233f2f.json,audio/senior/S94097/e19459ba9dd448aa82d6f1e1a4233f2f.wav
S94097,repeat_senior,퍼터커 반복 발음 과제 (어르신),2,터,senior_repeat_1765593791730_vw70luvtp,2025-12-13T02:43:12.382840+00:00,media/audio/senior/S94097/422c9a101d374deaa92f5bea0300b773.json,audio/senior/S94097/422c9a101d374deaa92f5bea0300b773.wav
S01361,repeat_senior,퍼터커 반복 발음 과제 (어르신),6,퍼터커,senior_repeat_1769844493993_xnqto53w3,2026-01-31T07:28:16.456495+00:00,media/audio/senior/S01361/1bd61248aad04792a31ade6c17d6aef3.json,audio/senior/S01361/1bd61248aad04792a31ade6c17d6aef3.wav
S01361,repeat_senior,퍼터커 반복 발음 과제 (어르신),0,퍼,senior_repeat_1769844349907_915jk8zn7,2026-01-31T07:25:56.548456+00:00,media/audio/senior/S01361/d64cfd98a5c54949bb23e417ff655745.json,audio/senior/S01361/d64cfd98a5c54949bb23e417ff655745.wav
S01361,repeat_senior,퍼터커 반복 발음 과제 (어르신),3,터,senior_repeat_1769844423466_g3riqa88v,2026-01-31T07:27:05.850548+00:00,media/audio/senior/S01361/8fab9d0ad92241b0b135baa5c67b9f94.json,audio/senior/S01361/8fab9d0ad92241b0b135baa5c67b9f94.wav
S01361,repeat_senior,퍼터커 반복 발음 과제 (어르신),4,커,senior_repeat_1769844444566_tfyejioqd,2026-01-31T07:27:27.315729+00:00,media/audio/senior/S01361/c290f548472c44c4930a14132167894a.json,audio/senior/S01361/c290f548472c44c4930a14132167894a.wav
S01361,repeat_senior,퍼터커 반복 발음 과제 (어르신),1,퍼,senior_repeat_1769844381881_8d8vvu5lo,2026-01-31T07:26:24.630345+00:00,media/audio/senior/S01361/3323cf067ea0443c88308bb2b636a55c.json,audio/senior/S01361/3323cf067ea0443c88308bb2b636a55c.wav
S01361,repeat_senior,퍼터커 반복 발음 과제 (어르신),5,커,senior_repeat_1769844460899_hdshn2jfa,2026-01-31T07:27:43.327559+00:00,media/audio/senior/S01361/22245211a9384c7c8b52d96f5c32fecd.json,audio/senior/S01361/22245211a9384c7c8b52d96f5c32fecd.wav
S01361,a_repeat_senior,아 반복 발음 과제 (어르신),,,session_1769844272686_xu5ef3nnjji,2026-01-31T07:24:34.171159+00:00,media/audio/senior/S01361/febb2e58aac74577939a1195923bfa9f.json,audio/senior/S01361/febb2e58aac74577939a1195923bfa9f.wav
S01361,repeat_senior,퍼터커 반복 발음 과제 (어르신),7,퍼터커,senior_repeat_1769844516297_x4e8i0vkp,2026-01-31T07:28:38.531245+00:00,media/audio/senior/S01361/0175c57620f34f5f9aada2c228468cf4.json,audio/senior/S01361/0175c57620f34f5f9aada2c228468cf4.wav
S01361,a_repeat_senior,아 반복 발음 과제 (어르신),,,session_1769844297672_3vp3q4kx63x,2026-01-31T07:25:01.865249+00:00,media/audio/senior/S01361/3b19a0597750477a846c6595f600f324.json,audio/senior/S01361/3b19a0597750477a846c6595f600f324.wav
S01361,repeat_senior,퍼터커 반복 발음 과제 (어르신),2,터,senior_repeat_1769844406551_g3ot3mdp9,2026-01-31T07:26:49.305304+00:00,media/audio/senior/S01361/89b73d9ca48e40d58fb62f9b5d1ae353.json,audio/senior/S01361/89b73d9ca48e40d58fb62f9b5d1ae353.wav
S67805,repeat_senior,퍼터커 반복 발음 과제 (어르신),2,터,senior_repeat_1769652190055_whbfqi7z9,2026-01-29T02:03:10.657112+00:00,media/audio/senior/S67805/f428aaa50f4343b68f30456eb760ea04.json,audio/senior/S67805/f428aaa50f4343b68f30456eb760ea04.wav
S67805,repeat_senior,퍼터커 반복 발음 과제 (어르신),6,퍼터커,senior_repeat_1769652242182_9jumeqk7d,2026-01-29T02:04:02.572255+00:00,media/audio/senior/S67805/7781618f44bf4dcb8f382944acb17985.json,audio/senior/S67805/7781618f44bf4dcb8f382944acb17985.wav
S67805,repeat_senior,퍼터커 반복 발음 과제 (어르신),4,커,senior_repeat_1769652211417_xzea2k1mp,2026-01-29T02:03:31.787224+00:00,media/audio/senior/S67805/8a726935ae18415aafa902388eb2081a.json,audio/senior/S67805/8a726935ae18415aafa902388eb2081a.wav
S67805,repeat_senior,퍼터커 반복 발음 과제 (어르신),3,터,senior_repeat_1769652200496_m2pq2s49z,2026-01-29T02:03:20.890007+00:00,media/audio/senior/S67805/8dc012847ae947a184ea7e5f081937a8.json,audio/senior/S67805/8dc012847ae947a184ea7e5f081937a8.wav
S67805,repeat_senior,퍼터커 반복 발음 과제 (어르신),1,퍼,senior_repeat_1769652178474_rwnb1vd87,2026-01-29T02:02:58.857355+00:00,media/audio/senior/S67805/b987c29ed60548179d6e444e0dc5a6a7.json,audio/senior/S67805/b987c29ed60548179d6e444e0dc5a6a7.wav
S67805,a_repeat_senior,아 반복 발음 과제 (어르신),,,session_1769652143353_lt45nivupf,2026-01-29T02:02:23.711027+00:00,media/audio/senior/S67805/b2a3f541a74d412eaec679b380493c10.json,audio/senior/S67805/b2a3f541a74d412eaec679b380493c10.wav
S67805,a_repeat_senior,아 반복 발음 과제 (어르신),,,session_1769652151712_pe7ot1h14k,2026-01-29T02:02:32.081998+00:00,media/audio/senior/S67805/2ff9b00b519e46159d427c903c3302e0.json,audio/senior/S67805/2ff9b00b519e46159d427c903c3302e0.wav
S67805,repeat_senior,퍼터커 반복 발음 과제 (어르신),0,퍼,senior_repeat_1769652167574_1resin3lh,2026-01-29T02:02:47.953548+00:00,media/audio/senior/S67805/9d614fdcc9b045a2957b0e6e3e27ad77.json,audio/senior/S67805/9d614fdcc9b045a2957b0e6e3e27ad77.wav
S67805,repeat_senior,퍼터커 반복 발음 과제 (어르신),7,퍼터커,senior_repeat_1769652254269_zshyv6jcu,2026-01-29T02:04:14.654917+00:00,media/audio/senior/S67805/7a225beb702f4a909a73a427834d8492.json,audio/senior/S67805/7a225beb702f4a909a73a427834d8492.wav
S67805,repeat_senior,퍼터커 반복 발음 과제 (어르신),5,커,senior_repeat_1769652222134_93emn1zw9,2026-01-29T02:03:42.498771+00:00,media/audio/senior/S67805/ef252f412f144dccbf50d04a3062673c.json,audio/senior/S67805/ef252f412f144dccbf50d04a3062673c.wav
S2602011915,repeat_senior,퍼터커 반복 발음 과제 (어르신),7,퍼터커,senior_repeat_1769941053499_v2ojq16ds,2026-02-01T10:17:33.866975+00:00,media/audio/senior/S2602011915/e44e7c9c140b46cc9c3eae450e9b59db.json,audio/senior/S2602011915/e44e7c9c140b46cc9c3eae450e9b59db.wav
S2602011915,repeat_senior,퍼터커 반복 발음 과제 (어르신),1,퍼,senior_repeat_1769941026011_cdvy8tfuz,2026-02-01T10:17:06.354752+00:00,media/audio/senior/S2602011915/f6153c0fceed45d78af5f1974398c144.json,audio/senior/S2602011915/f6153c0fceed45d78af5f1974398c144.wav
S2602011915,repeat_senior,퍼터커 반복 발음 과제 (어르신),5,커,senior_repeat_1769941044632_ab7kvbak5,2026-02-01T10:17:24.982927+00:00,media/audio/senior/S2602011915/aadd551f58bb464babacb31d8dbad197.json,audio/senior/S2602011915/aadd551f58bb464babacb31d8dbad197.wav
S2602011915,a_repeat_senior,아 반복 발음 과제 (어르신),,,session_1769941015654_5nmijymvj1h,2026-02-01T10:16:56.036533+00:00,media/audio/senior/S2602011915/035077fee6b444bc9aa594edc32afbf2.json,audio/senior/S2602011915/035077fee6b444bc9aa594edc32afbf2.wav
S2602011915,repeat_senior,퍼터커 반복 발음 과제 (어르신),2,터,senior_repeat_1769941030365_9qjk0py47,2026-02-01T10:17:10.713745+00:00,media/audio/senior/S2602011915/c9f69a15b78846cc85ebcbccfd16b965.json,audio/senior/S2602011915/c9f69a15b78846cc85ebcbccfd16b965.wav
S2602011915,repeat_senior,퍼터커 반복 발음 과제 (어르신),4,커,senior_repeat_1769941039772_vnsrwzsyf,2026-02-01T10:17:20.118763+00:00,media/audio/senior/S2602011915/cbfd081226014c8e8f6cde8ddddf62a6.json,audio/senior/S2602011915/cbfd081226014c8e8f6cde8ddddf62a6.wav
S2602011915,a_repeat_senior,아 반복 발음 과제 (어르신),,,session_1769941010593_wpjfpr4d1y,2026-02-01T10:16:51.047904+00:00,media/audio/senior/S2602011915/6386ff0293c94a9faabf91710c52950b.json,audio/senior/S2602011915/6386ff0293c94a9faabf91710c52950b.wav
S2602011915,repeat_senior,퍼터커 반복 발음 과제 (어르신),3,터,senior_repeat_1769941034971_p45bww7l0,2026-02-01T10:17:15.321898+00:00,media/audio/senior/S2602011915/383bd8e9f1dc43f3a213c022ea959390.json,audio/senior/S2602011915/383bd8e9f1dc43f3a213c022ea959390.wav
S2602011915,repeat_senior,퍼터커 반복 발음 과제 (어르신),6,퍼터커,senior_repeat_1769941048912_3cdo6hnmi,2026-02-01T10:17:29.264135+00:00,media/audio/senior/S2602011915/3d6eef5ea4b24d33a5099ac8da863342.json,audio/senior/S2602011915/3d6eef5ea4b24d33a5099ac8da863342.wav
S2602011915,repeat_senior,퍼터커 반복 발음 과제 (어르신),0,퍼,senior_repeat_1769941021587_uqm5k3ged,2026-02-01T10:17:01.936776+00:00,media/audio/senior/S2602011915/8c59b8e6497248f8b14cea536af29c82.json,audio/senior/S2602011915/8c59b8e6497248f8b14cea536af29c82.wav
S15176,a_repeat_senior,아 반복 발음 과제 (어르신),,,session_1761456862081_a2jw1jbqkr5,2025-10-26T05:34:22.031994+00:00,media/audio/senior/S15176/4c4efa188b764660a8d2acd02f2c42b3.json,audio/senior/4c4efa188b764660a8d2acd02f2c42b3.wav
S15176,repeat_senior,퍼터커 반복 발음 과제 (어르신),6,퍼터커,senior_repeat_1761456974542_2zuebdy8x,2025-10-26T05:36:14.457518+00:00,media/audio/senior/S15176/04e3883adbe94a99b7a47726addeaa3d.json,audio/senior/04e3883adbe94a99b7a47726addeaa3d.wav
S15176,repeat_senior,퍼터커 반복 발음 과제 (어르신),3,터,senior_repeat_1761456934571_s1cgqouwe,2025-10-26T05:35:34.481318+00:00,media/audio/senior/S15176/bee3cd8909594515b6804346b6dbe8f8.json,audio/senior/bee3cd8909594515b6804346b6dbe8f8.wav
S15176,repeat_senior,퍼터커 반복 발음 과제 (어르신),1,퍼,senior_repeat_1761456907816_tlnsq6c5b,2025-10-26T05:35:07.741892+00:00,media/audio/senior/S15176/f0077c8acc07414bb924cdec41c90d98.json,audio/senior/f0077c8acc07414bb924cdec41c90d98.wav
S15176,repeat_senior,퍼터커 반복 발음 과제 (어르신),2,터,senior_repeat_1761456920529_vxyc2q05u,2025-10-26T05:35:20.449870+00:00,media/audio/senior/S15176/d9eb685eb33b4b9cacda0b6f4745a250.json,audio/senior/d9eb685eb33b4b9cacda0b6f4745a250.wav
S15176,repeat_senior,퍼터커 반복 발음 과제 (어르신),0,퍼,senior_repeat_1761456895457_tiydm8j6c,2025-10-26T05:34:55.374131+00:00,media/audio/senior/S15176/4099e04f705c4543965444ee57e4ddf6.json,audio/senior/4099e04f705c4543965444ee57e4ddf6.wav
S15176,repeat_senior,퍼터커 반복 발음 과제 (어르신),5,커,senior_repeat_1761456959626_lnr9cfnvv,2025-10-26T05:35:59.540108+00:00,media/audio/senior/S15176/6323eb8642214399aa60eeaaf3d70dc9.json,audio/senior/6323eb8642214399aa60eeaaf3d70dc9.wav
S15176,a_repeat_senior,아 반복 발음 과제 (어르신),,,session_1761456874377_fxxgt2ebxj4,2025-10-26T05:34:34.306809+00:00,media/audio/senior/S15176/f60ec5df3b2b4337b70e868b9cbe037c.json,audio/senior/f60ec5df3b2b4337b70e868b9cbe037c.wav
S15176,repeat_senior,퍼터커 반복 발음 과제 (어르신),4,커,senior_repeat_1761456947386_tbulfmnb2,2025-10-26T05:35:47.291331+00:00,media/audio/senior/S15176/bd22e0171e63471cbdb8a0a639f42b93.json,audio/senior/bd22e0171e63471cbdb8a0a639f42b93.wav
S15176,repeat_senior,퍼터커 반복 발음 과제 (어르신),7,퍼터커,senior_repeat_1761456990764_l1hqvh1lw,2025-10-26T05:36:30.679167+00:00,media/audio/senior/S15176/48ccb229991f4bdcaf5662070fcaebb0.json,audio/senior/48ccb229991f4bdcaf5662070fcaebb0.wav
S41966,a_repeat_senior,아 반복 발음 과제 (어르신),,,session_1766303503761_rjeir3htin,2025-12-21T07:51:42.033761+00:00,media/audio/senior/S41966/e525f1f735c640b5910598e45d1ae2a1.json,audio/senior/S41966/e525f1f735c640b5910598e45d1ae2a1.wav
S41966,repeat_senior,퍼터커 반복 발음 과제 (어르신),5,커,senior_repeat_1766303594387_lurkpou74,2025-12-21T07:53:12.619877+00:00,media/audio/senior/S41966/31237010ce554603b2b626d8610469a2.json,audio/senior/S41966/31237010ce554603b2b626d8610469a2.wav
S41966,a_repeat_senior,아 반복 발음 과제 (어르신),,,session_1766303515150_ofgj2ebcj9n,2025-12-21T07:51:53.352736+00:00,media/audio/senior/S41966/87ec004bf303402894678f661cf91518.json,audio/senior/S41966/87ec004bf303402894678f661cf91518.wav
S41966,repeat_senior,퍼터커 반복 발음 과제 (어르신),6,퍼터커,senior_repeat_1766303612469_pw17vl9eu,2025-12-21T07:53:30.714251+00:00,media/audio/senior/S41966/814a5349ebf4400c8a516cda3ecefe58.json,audio/senior/S41966/814a5349ebf4400c8a516cda3ecefe58.wav
S41966,repeat_senior,퍼터커 반복 발음 과제 (어르신),3,터,senior_repeat_1766303568522_x7x37yrp6,2025-12-21T07:52:46.732692+00:00,media/audio/senior/S41966/b2fdf15e2309481893f7b0ddfa803e45.json,audio/senior/S41966/b2fdf15e2309481893f7b0ddfa803e45.wav
S41966,repeat_senior,퍼터커 반복 발음 과제 (어르신),0,퍼,senior_repeat_1766303535617_7fp761rpe,2025-12-21T07:52:13.842454+00:00,media/audio/senior/S41966/9b89d2d5600045ebb71ef7d3ab30918c.json,audio/senior/S41966/9b89d2d5600045ebb71ef7d3ab30918c.wav
S41966,repeat_senior,퍼터커 반복 발음 과제 (어르신),2,터,senior_repeat_1766303557607_87e9j4l31,2025-12-21T07:52:35.812096+00:00,media/audio/senior/S41966/87ed2d61016c4edeb2932d93c4cd786a.json,audio/senior/S41966/87ed2d61016c4edeb2932d93c4cd786a.wav
S41966,repeat_senior,퍼터커 반복 발음 과제 (어르신),4,커,senior_repeat_1766303584128_qymhte1ir,2025-12-21T07:53:02.394246+00:00,media/audio/senior/S41966/c554b7801ec34fd0a0c2d0109fa89ed8.json,audio/senior/S41966/c554b7801ec34fd0a0c2d0109fa89ed8.wav
S41966,repeat_senior,퍼터커 반복 발음 과제 (어르신),1,퍼,senior_repeat_1766303546193_oys62sage,2025-12-21T07:52:24.417012+00:00,media/audio/senior/S41966/5e5dcd23424a4d59a4482bc69de742f6.json,audio/senior/S41966/5e5dcd23424a4d59a4482bc69de742f6.wav
S41966,repeat_senior,퍼터커 반복 발음 과제 (어르신),7,퍼터커,senior_repeat_1766303623586_87osyw6wv,2025-12-21T07:53:41.805266+00:00,media/audio/senior/S41966/2081ba73d2c94e20b8c2c5c328f63576.json,audio/senior/S41966/2081ba73d2c94e20b8c2c5c328f63576.wav
S59552,repeat_senior,퍼터커 반복 발음 과제 (어르신),5,커,senior_repeat_1765944313555_fxvg6spzt,2025-12-17T04:05:14.223838+00:00,media/audio/senior/S59552/deb2e94246e34225ac7b3222efdf8294.json,audio/senior/S59552/deb2e94246e34225ac7b3222efdf8294.wav
S59552,a_repeat_senior,아 반복 발음 과제 (어르신),,,session_1765944209958_r3rvdew9ovd,2025-12-17T04:03:30.977963+00:00,media/audio/senior/S59552/1afdd208b7304cffa5cc7731b2a1b29c.json,audio/senior/S59552/1afdd208b7304cffa5cc7731b2a1b29c.wav
S59552,repeat_senior,퍼터커 반복 발음 과제 (어르신),1,퍼,senior_repeat_1765944257962_krpn1aysh,2025-12-17T04:04:18.433966+00:00,media/audio/senior/S59552/d49c9e2d7e3f48288fffc001ebcd92d6.json,audio/senior/S59552/d49c9e2d7e3f48288fffc001ebcd92d6.wav
S59552,repeat_senior,퍼터커 반복 발음 과제 (어르신),4,커,senior_repeat_1765944300031_ps33wgl1h,2025-12-17T04:05:00.730593+00:00,media/audio/senior/S59552/18a245b344c74024923493a3ae00e3e7.json,audio/senior/S59552/18a245b344c74024923493a3ae00e3e7.wav
S59552,repeat_senior,퍼터커 반복 발음 과제 (어르신),6,퍼터커,senior_repeat_1765944330573_dwa0ltsrj,2025-12-17T04:05:31.087512+00:00,media/audio/senior/S59552/5e1ac81c43c14563b512a929b8e4553e.json,audio/senior/S59552/5e1ac81c43c14563b512a929b8e4553e.wav
S59552,a_repeat_senior,아 반복 발음 과제 (어르신),,,session_1765944225696_13hnvjl94twb,2025-12-17T04:03:46.213529+00:00,media/audio/senior/S59552/e2b6ff47efce493c8294fb884f7672fd.json,audio/senior/S59552/e2b6ff47efce493c8294fb884f7672fd.wav
S59552,repeat_senior,퍼터커 반복 발음 과제 (어르신),3,터,senior_repeat_1765944285458_52g2c9s21,2025-12-17T04:04:45.955326+00:00,media/audio/senior/S59552/5651f2b065bb4e8fbedf858c97ac5c69.json,audio/senior/S59552/5651f2b065bb4e8fbedf858c97ac5c69.wav
S59552,repeat_senior,퍼터커 반복 발음 과제 (어르신),0,퍼,senior_repeat_1765944246843_uh0o5ey0p,2025-12-17T04:04:07.540575+00:00,media/audio/senior/S59552/fe81598e7602443f8b3463338b31fddd.json,audio/senior/S59552/fe81598e7602443f8b3463338b31fddd.wav
S59552,repeat_senior,퍼터커 반복 발음 과제 (어르신),7,퍼터커,senior_repeat_1765944345931_9h9zjcj53,2025-12-17T04:05:46.441196+00:00,media/audio/senior/S59552/3185c125242f4ac18ecac740d8baceab.json,audio/senior/S59552/3185c125242f4ac18ecac740d8baceab.wav
S59552,repeat_senior,퍼터커 반복 발음 과제 (어르신),2,터,senior_repeat_1765944272788_p8vemp2lo,2025-12-17T04:04:33.310834+00:00,media/audio/senior/S59552/974152a00ddd4cca80d0ffe83c58ad54.json,audio/senior/S59552/974152a00ddd4cca80d0ffe83c58ad54.wav
S56822,repeat_senior,퍼터커 반복 발음 과제 (어르신),4,커,senior_repeat_1764743973296_5qmadw41w,2025-12-03T06:39:34.045672+00:00,media/audio/senior/S56822/9bf496a45bf24584ac8acf1f72901d93.json,audio/senior/S56822/9bf496a45bf24584ac8acf1f72901d93.wav
S56822,repeat_senior,퍼터커 반복 발음 과제 (어르신),1,퍼,senior_repeat_1764743935951_4ykccel93,2025-12-03T06:38:56.718947+00:00,media/audio/senior/S56822/ee58b702e22e42a0ae5814a68a143ff7.json,audio/senior/S56822/ee58b702e22e42a0ae5814a68a143ff7.wav
S56822,repeat_senior,퍼터커 반복 발음 과제 (어르신),7,퍼터커,senior_repeat_1764744011795_bnbvbqq10,2025-12-03T06:40:12.190240+00:00,media/audio/senior/S56822/7417bc83438c4a3a82b024faa954b116.json,audio/senior/S56822/7417bc83438c4a3a82b024faa954b116.wav
S56822,a_repeat_senior,아 반복 발음 과제 (어르신),,,session_1764743897629_af2aesgvvse,2025-12-03T06:38:18.084617+00:00,media/audio/senior/S56822/8419af8a92df426697e9d5b4a1cdc627.json,audio/senior/S56822/8419af8a92df426697e9d5b4a1cdc627.wav
S56822,a_repeat_senior,아 반복 발음 과제 (어르신),,,session_1764743907015_ukhpu8oncn,2025-12-03T06:38:27.441186+00:00,media/audio/senior/S56822/f5aab87bd382408892c3559354983221.json,audio/senior/S56822/f5aab87bd382408892c3559354983221.wav
S56822,repeat_senior,퍼터커 반복 발음 과제 (어르신),2,터,senior_repeat_1764743948929_fq8c9fvnm,2025-12-03T06:39:09.439752+00:00,media/audio/senior/S56822/8b1693e2bff145c19fecd78f4f2faa2f.json,audio/senior/S56822/8b1693e2bff145c19fecd78f4f2faa2f.wav
S56822,repeat_senior,퍼터커 반복 발음 과제 (어르신),5,커,senior_repeat_1764743984072_5iuvn6yzw,2025-12-03T06:39:44.487317+00:00,media/audio/senior/S56822/c4b80b717b1646cba2879c0070028010.json,audio/senior/S56822/c4b80b717b1646cba2879c0070028010.wav
S56822,repeat_senior,퍼터커 반복 발음 과제 (어르신),3,터,senior_repeat_1764743960448_rvuvaucpt,2025-12-03T06:39:20.956614+00:00,media/audio/senior/S56822/07e2dce4f5ab468f84ef824459b7fff5.json,audio/senior/S56822/07e2dce4f5ab468f84ef824459b7fff5.wav
S56822,repeat_senior,퍼터커 반복 발음 과제 (어르신),0,퍼,senior_repeat_1764743924346_gv0rrqoxo,2025-12-03T06:38:44.795322+00:00,media/audio/senior/S56822/7a44e030f55345b08a55ef93ed9ca55d.json,audio/senior/S56822/7a44e030f55345b08a55ef93ed9ca55d.wav
S56822,repeat_senior,퍼터커 반복 발음 과제 (어르신),6,퍼터커,senior_repeat_1764744000274_m49gf8ghu,2025-12-03T06:40:00.855051+00:00,media/audio/senior/S56822/69551ba2b74e4ffa9fecf615d1c230bc.json,audio/senior/S56822/69551ba2b74e4ffa9fecf615d1c230bc.wav
S73118,repeat_senior,퍼터커 반복 발음 과제 (어르신),6,퍼터커,senior_repeat_1764468877049_s45mt6d1d,2025-11-30T02:14:37.291859+00:00,media/audio/senior/S73118/56e3c38e1f794ebd9dd6b6e6e333b6c8.json,audio/senior/S73118/56e3c38e1f794ebd9dd6b6e6e333b6c8.wav
S73118,a_repeat_senior,아 반복 발음 과제 (어르신),,,session_1764468770854_o4y7xoza18d,2025-11-30T02:12:51.007184+00:00,media/audio/senior/S73118/10a8e0e669254fd2ae50f77300892b69.json,audio/senior/S73118/10a8e0e669254fd2ae50f77300892b69.wav
S73118,repeat_senior,퍼터커 반복 발음 과제 (어르신),1,퍼,senior_repeat_1764468810790_pfmjog87m,2025-11-30T02:13:31.081405+00:00,media/audio/senior/S73118/1631558f72f4496db34bd2a9e88dc121.json,audio/senior/S73118/1631558f72f4496db34bd2a9e88dc121.wav
S73118,repeat_senior,퍼터커 반복 발음 과제 (어르신),3,터,senior_repeat_1764468834570_8lt5hpcva,2025-11-30T02:13:54.723072+00:00,media/audio/senior/S73118/3e8b18caf0c94438856154ad144f92ca.json,audio/senior/S73118/3e8b18caf0c94438856154ad144f92ca.wav
S73118,repeat_senior,퍼터커 반복 발음 과제 (어르신),7,퍼터커,senior_repeat_1764468889491_bsvp2zthb,2025-11-30T02:14:49.667476+00:00,media/audio/senior/S73118/21e96cf00a564c83aaee447569aba1db.json,audio/senior/S73118/21e96cf00a564c83aaee447569aba1db.wav
S73118,repeat_senior,퍼터커 반복 발음 과제 (어르신),5,커,senior_repeat_1764468859991_szb3kgdw5,2025-11-30T02:14:20.106515+00:00,media/audio/senior/S73118/757d5106c86b40328384f57f51e4d1f5.json,audio/senior/S73118/757d5106c86b40328384f57f51e4d1f5.wav
S73118,repeat_senior,퍼터커 반복 발음 과제 (어르신),0,퍼,senior_repeat_1764468799159_n31jh12dk,2025-11-30T02:13:19.338083+00:00,media/audio/senior/S73118/c0f8f68ac31f4aef907ef9845ea70a65.json,audio/senior/S73118/c0f8f68ac31f4aef907ef9845ea70a65.wav
S73118,a_repeat_senior,아 반복 발음 과제 (어르신),,,session_1764468760657_4poitiymcjv,2025-11-30T02:12:40.917274+00:00,media/audio/senior/S73118/c1993bfde8424e829859221bfce95b50.json,audio/senior/S73118/c1993bfde8424e829859221bfce95b50.wav
S73118,repeat_senior,퍼터커 반복 발음 과제 (어르신),2,터,senior_repeat_1764468823728_zxietyiby,2025-11-30T02:13:43.912157+00:00,media/audio/senior/S73118/7419a818e56340cfb4b80a606f8a1df6.json,audio/senior/S73118/7419a818e56340cfb4b80a606f8a1df6.wav
S73118,repeat_senior,퍼터커 반복 발음 과제 (어르신),4,커,senior_repeat_1764468848908_aq6qnhrdn,2025-11-30T02:14:09.034558+00:00,media/audio/senior/S73118/21dfd6cc0bad48e29d7bb26b6baf7d9e.json,audio/senior/S73118/21dfd6cc0bad48e29d7bb26b6baf7d9e.wav
S62786,repeat_senior,퍼터커 반복 발음 과제 (어르신),0,퍼,senior_repeat_1764331176991_slmno1wx5,2025-11-28T11:59:35.082071+00:00,media/audio/senior/S62786/ac1f4d7f9f9649e48d8eef04039efcf2.json,audio/senior/S62786/ac1f4d7f9f9649e48d8eef04039efcf2.wav
S62786,repeat_senior,퍼터커 반복 발음 과제 (어르신),5,커,senior_repeat_1764331217774_qisstennw,2025-11-28T12:00:15.652276+00:00,media/audio/senior/S62786/33578bf48c864d6280863e4284ffab28.json,audio/senior/S62786/33578bf48c864d6280863e4284ffab28.wav
S62786,repeat_senior,퍼터커 반복 발음 과제 (어르신),6,퍼터커,senior_repeat_1764331226986_jr7nmkvzy,2025-11-28T12:00:24.744915+00:00,media/audio/senior/S62786/ef080663b5d24d0ba65b3a6ec79d7d2d.json,audio/senior/S62786/ef080663b5d24d0ba65b3a6ec79d7d2d.wav
S62786,a_repeat_senior,아 반복 발음 과제 (어르신),,,session_1764331154097_s6r7d1udknd,2025-11-28T11:59:12.121790+00:00,media/audio/senior/S62786/f1de8de8c1864b22b5bd1a2cc746908f.json,audio/senior/S62786/f1de8de8c1864b22b5bd1a2cc746908f.wav
S62786,repeat_senior,퍼터커 반복 발음 과제 (어르신),3,터,senior_repeat_1764331200924_ttw6fhu1y,2025-11-28T11:59:59.056496+00:00,media/audio/senior/S62786/44be60310d014e2e991afad52b8f7362.json,audio/senior/S62786/44be60310d014e2e991afad52b8f7362.wav
S62786,repeat_senior,퍼터커 반복 발음 과제 (어르신),7,퍼터커,senior_repeat_1764331235075_g9ocy7dy2,2025-11-28T12:00:32.793541+00:00,media/audio/senior/S62786/22ea3833fca14673a44fbd1914e8e6e4.json,audio/senior/S62786/22ea3833fca14673a44fbd1914e8e6e4.wav
S62786,repeat_senior,퍼터커 반복 발음 과제 (어르신),1,퍼,senior_repeat_1764331184405_oti93ptmk,2025-11-28T11:59:42.158248+00:00,media/audio/senior/S62786/2255f050835a4f02b2d3b0fa57aa7340.json,audio/senior/S62786/2255f050835a4f02b2d3b0fa57aa7340.wav
S62786,repeat_senior,퍼터커 반복 발음 과제 (어르신),2,터,senior_repeat_1764331191988_j176fj46n,2025-11-28T11:59:51.174276+00:00,media/audio/senior/S62786/581de8d5d7764dc5a11da59bf5a20a79.json,audio/senior/S62786/581de8d5d7764dc5a11da59bf5a20a79.wav
S62786,a_repeat_senior,아 반복 발음 과제 (어르신),,,session_1764331162982_p98aw2sdgn,2025-11-28T11:59:21.081899+00:00,media/audio/senior/S62786/9aef638edbeb4f7c83ebff1fc31bf33a.json,audio/senior/S62786/9aef638edbeb4f7c83ebff1fc31bf33a.wav
S62786,repeat_senior,퍼터커 반복 발음 과제 (어르신),4,커,senior_repeat_1764331209955_91dc2dwp2,2025-11-28T12:00:08.263311+00:00,media/audio/senior/S62786/a7e52bded8f34ffcb5e138ff599f9948.json,audio/senior/S62786/a7e52bded8f34ffcb5e138ff599f9948.wav
S49620,a_repeat_senior,아 반복 발음 과제 (어르신),,,session_1769480244512_9vpc1vo1oa,2026-01-27T02:17:25.263741+00:00,media/audio/senior/S49620/d74f3ea760a44a1ab43e883dbde8e234.json,audio/senior/S49620/d74f3ea760a44a1ab43e883dbde8e234.wav
S49620,repeat_senior,퍼터커 반복 발음 과제 (어르신),3,터,senior_repeat_1769480382844_71x9fluwc,2026-01-27T02:19:43.695257+00:00,media/audio/senior/S49620/41482dbbfc574c608b8baf8d44527916.json,audio/senior/S49620/41482dbbfc574c608b8baf8d44527916.wav
S49620,a_repeat_senior,아 반복 발음 과제 (어르신),,,session_1769480216346_qu2dlcmonun,2026-01-27T02:16:57.299079+00:00,media/audio/senior/S49620/62debdbe45a144948df798078946a9d2.json,audio/senior/S49620/62debdbe45a144948df798078946a9d2.wav
S49620,repeat_senior,퍼터커 반복 발음 과제 (어르신),2,터,senior_repeat_1769480358668_3ox1oqlv2,2026-01-27T02:19:19.520515+00:00,media/audio/senior/S49620/8b9b3fb1aa8b4c3c94e21a3f1203503b.json,audio/senior/S49620/8b9b3fb1aa8b4c3c94e21a3f1203503b.wav
S49620,repeat_senior,퍼터커 반복 발음 과제 (어르신),0,퍼,senior_repeat_1769480294483_tso9phyus,2026-01-27T02:18:15.300846+00:00,media/audio/senior/S49620/140a05bec88a4fb8b8b12394980a4644.json,audio/senior/S49620/140a05bec88a4fb8b8b12394980a4644.wav
S49620,repeat_senior,퍼터커 반복 발음 과제 (어르신),6,퍼터커,senior_repeat_1769480464755_9jhdr5bo9,2026-01-27T02:21:05.568891+00:00,media/audio/senior/S49620/75ec3e97ba644fae90d087d3fde0f9e7.json,audio/senior/S49620/75ec3e97ba644fae90d087d3fde0f9e7.wav
S49620,repeat_senior,퍼터커 반복 발음 과제 (어르신),5,커,senior_repeat_1769480434886_mkbopex50,2026-01-27T02:20:35.745191+00:00,media/audio/senior/S49620/8ecd9fdb0d664165b54d8e9cfb1a1768.json,audio/senior/S49620/8ecd9fdb0d664165b54d8e9cfb1a1768.wav
S49620,repeat_senior,퍼터커 반복 발음 과제 (어르신),7,퍼터커,senior_repeat_1769480492055_ff7xau3ro,2026-01-27T02:21:32.921422+00:00,media/audio/senior/S49620/e406ea4f96be4c19911634cd97129925.json,audio/senior/S49620/e406ea4f96be4c19911634cd97129925.wav
S49620,repeat_senior,퍼터커 반복 발음 과제 (어르신),1,퍼,senior_repeat_1769480323651_7awfg3zac,2026-01-27T02:18:44.547410+00:00,media/audio/senior/S49620/299ed018f44041998faecf3288d5bd6d.json,audio/senior/S49620/299ed018f44041998faecf3288d5bd6d.wav
S49620,repeat_senior,퍼터커 반복 발음 과제 (어르신),4,커,senior_repeat_1769480410444_wxduhd61u,2026-01-27T02:20:11.242800+00:00,media/audio/senior/S49620/9d0bb6ee246d4024ae9d5f15696535ff.json,audio/senior/S49620/9d0bb6ee246d4024ae9d5f15696535ff.wav
S23159,repeat_senior,퍼터커 반복 발음 과제 (어르신),3,터,senior_repeat_1764562773450_cnsw8r5dv,2025-12-01T04:19:33.796287+00:00,media/audio/senior/S23159/5a99471d88c444ff9cd0b0c20da034a9.json,audio/senior/S23159/5a99471d88c444ff9cd0b0c20da034a9.wav
S23159,repeat_senior,퍼터커 반복 발음 과제 (어르신),2,터,senior_repeat_1764562762272_qrttzj9ej,2025-12-01T04:19:22.621073+00:00,media/audio/senior/S23159/fafef8b39f9549c5b6fa658344250646.json,audio/senior/S23159/fafef8b39f9549c5b6fa658344250646.wav
S23159,repeat_senior,퍼터커 반복 발음 과제 (어르신),4,커,senior_repeat_1764562786518_xpz5y71jb,2025-12-01T04:19:46.863707+00:00,media/audio/senior/S23159/8303e27f371a4c5288aa7937fe28d6bc.json,audio/senior/S23159/8303e27f371a4c5288aa7937fe28d6bc.wav
S23159,repeat_senior,퍼터커 반복 발음 과제 (어르신),6,퍼터커,senior_repeat_1764562820052_38nd8hvpj,2025-12-01T04:20:20.378046+00:00,media/audio/senior/S23159/8c21b7bf99804ca79467eac6e0779c77.json,audio/senior/S23159/8c21b7bf99804ca79467eac6e0779c77.wav
S23159,repeat_senior,퍼터커 반복 발음 과제 (어르신),1,퍼,senior_repeat_1764562748923_fgcdccebu,2025-12-01T04:19:09.250333+00:00,media/audio/senior/S23159/45eaae40b67f4012981c5c074b5478bd.json,audio/senior/S23159/45eaae40b67f4012981c5c074b5478bd.wav
S23159,a_repeat_senior,아 반복 발음 과제 (어르신),,,session_1764562692635_c1ptd1tcf6r,2025-12-01T04:18:12.970363+00:00,media/audio/senior/S23159/d81868abf8cf43ffa53e5102ead1a3e9.json,audio/senior/S23159/d81868abf8cf43ffa53e5102ead1a3e9.wav
S23159,repeat_senior,퍼터커 반복 발음 과제 (어르신),5,커,senior_repeat_1764562797118_exhx2eh10,2025-12-01T04:19:57.531930+00:00,media/audio/senior/S23159/e29523dc0d544047b8aa3abdf690c912.json,audio/senior/S23159/e29523dc0d544047b8aa3abdf690c912.wav
S23159,repeat_senior,퍼터커 반복 발음 과제 (어르신),0,퍼,senior_repeat_1764562730136_yvqqade1a,2025-12-01T04:18:50.470483+00:00,media/audio/senior/S23159/d9e1c5c25dc345a0ac0dc63ba4eb35d5.json,audio/senior/S23159/d9e1c5c25dc345a0ac0dc63ba4eb35d5.wav
S23159,a_repeat_senior,아 반복 발음 과제 (어르신),,,session_1764562703495_edaishn1lyd,2025-12-01T04:18:24.016728+00:00,media/audio/senior/S23159/0fc8152f20654c008e172de435681795.json,audio/senior/S23159/0fc8152f20654c008e172de435681795.wav
S23159,repeat_senior,퍼터커 반복 발음 과제 (어르신),7,퍼터커,senior_repeat_1764562830556_ko0x08m36,2025-12-01T04:20:30.895207+00:00,media/audio/senior/S23159/719a5c8f749844578c70051b239f6b6b.json,audio/senior/S23159/719a5c8f749844578c70051b239f6b6b.wav
S2602182029,repeat_senior,퍼터커 반복 발음 과제 (어르신),3,터,senior_repeat_1771414409187_0vc1ljixe,2026-02-18T11:33:29.631424+00:00,media/audio/senior/S2602182029/2ff5d0c459a54ecbb3cc24672c831a4d.json,audio/senior/S2602182029/2ff5d0c459a54ecbb3cc24672c831a4d.wav
S2602182029,repeat_senior,퍼터커 반복 발음 과제 (어르신),5,커,senior_repeat_1771414429777_gveb1damk,2026-02-18T11:33:50.218514+00:00,media/audio/senior/S2602182029/61c8076c0525455d98dc78c5675cd8a3.json,audio/senior/S2602182029/61c8076c0525455d98dc78c5675cd8a3.wav
S2602182029,repeat_senior,퍼터커 반복 발음 과제 (어르신),2,터,senior_repeat_1771414397672_nyw8d33b6,2026-02-18T11:33:18.119384+00:00,media/audio/senior/S2602182029/f4ac7b60e48546d791ffc836a876894f.json,audio/senior/S2602182029/f4ac7b60e48546d791ffc836a876894f.wav
S2602182029,a_repeat_senior,아 반복 발음 과제 (어르신),,,session_1771414318301_enixbdjl49,2026-02-18T11:31:58.767134+00:00,media/audio/senior/S2602182029/16054803a3524d62a789a20b52427e12.json,audio/senior/S2602182029/16054803a3524d62a789a20b52427e12.wav
S2602182029,repeat_senior,퍼터커 반복 발음 과제 (어르신),7,퍼터커,senior_repeat_1771414451299_wgtb183cf,2026-02-18T11:34:11.747516+00:00,media/audio/senior/S2602182029/36d72e6d98c54ad9b365db4ac0cd4064.json,audio/senior/S2602182029/36d72e6d98c54ad9b365db4ac0cd4064.wav
S2602182029,a_repeat_senior,아 반복 발음 과제 (어르신),,,session_1771414305851_aec8oqzeowl,2026-02-18T11:31:46.304407+00:00,media/audio/senior/S2602182029/6f92cbb1bbdb465b9d667d9a3a0c204c.json,audio/senior/S2602182029/6f92cbb1bbdb465b9d667d9a3a0c204c.wav
S2602182029,repeat_senior,퍼터커 반복 발음 과제 (어르신),0,퍼,senior_repeat_1771414375035_vqn5f5mjw,2026-02-18T11:32:55.476343+00:00,media/audio/senior/S2602182029/b0e281f5d11a4351b8fb8f13c3052f21.json,audio/senior/S2602182029/b0e281f5d11a4351b8fb8f13c3052f21.wav
S2602182029,repeat_senior,퍼터커 반복 발음 과제 (어르신),6,퍼터커,senior_repeat_1771414440501_af6jy3wlj,2026-02-18T11:34:00.947916+00:00,media/audio/senior/S2602182029/c335e5aedd25460791d851c2c5d533f4.json,audio/senior/S2602182029/c335e5aedd25460791d851c2c5d533f4.wav
S2602182029,repeat_senior,퍼터커 반복 발음 과제 (어르신),4,커,senior_repeat_1771414419452_5h97tfa8x,2026-02-18T11:33:39.884688+00:00,media/audio/senior/S2602182029/258f625e11a74de18a903626400a95ae.json,audio/senior/S2602182029/258f625e11a74de18a903626400a95ae.wav
S2602182029,repeat_senior,퍼터커 반복 발음 과제 (어르신),1,퍼,senior_repeat_1771414386333_w7wcxqrsu,2026-02-18T11:33:06.789299+00:00,media/audio/senior/S2602182029/f9d4d172263b4f0c80a2d2925a472414.json,audio/senior/S2602182029/f9d4d172263b4f0c80a2d2925a472414.wav
S13518,repeat_senior,퍼터커 반복 발음 과제 (어르신),7,퍼터커,senior_repeat_1764462598842_mfd59ahyx,2025-11-30T00:30:00.258656+00:00,media/audio/senior/S13518/89d60fe3dd9748a1b0d46fc7cc97c33a.json,audio/senior/S13518/89d60fe3dd9748a1b0d46fc7cc97c33a.wav
S13518,repeat_senior,퍼터커 반복 발음 과제 (어르신),0,퍼,senior_repeat_1764462508339_m6is382hz,2025-11-30T00:28:29.215067+00:00,media/audio/senior/S13518/f0f7cf71131e4a10a67aa6656b241556.json,audio/senior/S13518/f0f7cf71131e4a10a67aa6656b241556.wav
S13518,repeat_senior,퍼터커 반복 발음 과제 (어르신),2,터,senior_repeat_1764462534686_oma515z72,2025-11-30T00:28:56.060912+00:00,media/audio/senior/S13518/d5f55ca290bc4446b65cdb59113a7e19.json,audio/senior/S13518/d5f55ca290bc4446b65cdb59113a7e19.wav
S13518,repeat_senior,퍼터커 반복 발음 과제 (어르신),4,커,senior_repeat_1764462560284_b3dkiq7sf,2025-11-30T00:29:21.333450+00:00,media/audio/senior/S13518/1f9033c5a5bb48a2be61647cc6451849.json,audio/senior/S13518/1f9033c5a5bb48a2be61647cc6451849.wav
S13518,a_repeat_senior,아 반복 발음 과제 (어르신),,,session_1764462464141_gqlwlhdhypa,2025-11-30T00:27:45.890824+00:00,media/audio/senior/S13518/c01ba38cf8354d629584dc1736e41f5a.json,audio/senior/S13518/c01ba38cf8354d629584dc1736e41f5a.wav
S13518,repeat_senior,퍼터커 반복 발음 과제 (어르신),5,커,senior_repeat_1764462571465_2693pnuj6,2025-11-30T00:29:32.422421+00:00,media/audio/senior/S13518/9a766e25f1ae43faab6a3431cfefa9c2.json,audio/senior/S13518/9a766e25f1ae43faab6a3431cfefa9c2.wav
S13518,repeat_senior,퍼터커 반복 발음 과제 (어르신),3,터,senior_repeat_1764462546107_o88mqci5g,2025-11-30T00:29:07.820225+00:00,media/audio/senior/S13518/4b99ff3f5f9545fe8fd18f1006855212.json,audio/senior/S13518/4b99ff3f5f9545fe8fd18f1006855212.wav
S13518,repeat_senior,퍼터커 반복 발음 과제 (어르신),6,퍼터커,senior_repeat_1764462584555_wu6ekezxl,2025-11-30T00:29:45.656553+00:00,media/audio/senior/S13518/f4dd25bf37a44ba0b59058164404b7b9.json,audio/senior/S13518/f4dd25bf37a44ba0b59058164404b7b9.wav
S13518,repeat_senior,퍼터커 반복 발음 과제 (어르신),1,퍼,senior_repeat_1764462521668_9hpngzzrf,2025-11-30T00:28:42.791761+00:00,media/audio/senior/S13518/bc9e3355afc8482ba48a292417f5b831.json,audio/senior/S13518/bc9e3355afc8482ba48a292417f5b831.wav
S13518,a_repeat_senior,아 반복 발음 과제 (어르신),,,session_1764462480870_lkdvlqfk2tp,2025-11-30T00:28:03.388616+00:00,media/audio/senior/S13518/b0dad964711342adad0d8102945e782d.json,audio/senior/S13518/b0dad964711342adad0d8102945e782d.wav
S77085,a_repeat_senior,아 반복 발음 과제 (어르신),,,session_1769223228533_rnxxslezgup,2026-01-24T02:53:49.874077+00:00,media/audio/senior/S77085/42ba3e1bfa324b4ba05032376fdceab1.json,audio/senior/S77085/42ba3e1bfa324b4ba05032376fdceab1.wav
S77085,repeat_senior,퍼터커 반복 발음 과제 (어르신),1,퍼,senior_repeat_1769223268564_ksxu8udme,2026-01-24T02:54:29.213877+00:00,media/audio/senior/S77085/e910f8a0f4a04cc78e203f2245e972cc.json,audio/senior/S77085/e910f8a0f4a04cc78e203f2245e972cc.wav
S77085,repeat_senior,퍼터커 반복 발음 과제 (어르신),6,퍼터커,senior_repeat_1769223326602_h9llpr91j,2026-01-24T02:55:27.229231+00:00,media/audio/senior/S77085/5bdb48b8dd0e4450b4b0a3613df38a56.json,audio/senior/S77085/5bdb48b8dd0e4450b4b0a3613df38a56.wav
S77085,repeat_senior,퍼터커 반복 발음 과제 (어르신),0,퍼,senior_repeat_1769223255034_uowoebpuy,2026-01-24T02:54:16.221537+00:00,media/audio/senior/S77085/3438f462356d4ade81ad606629f00dd0.json,audio/senior/S77085/3438f462356d4ade81ad606629f00dd0.wav
S77085,repeat_senior,퍼터커 반복 발음 과제 (어르신),2,터,senior_repeat_1769223280325_d1m9d24ea,2026-01-24T02:54:40.990550+00:00,media/audio/senior/S77085/31f9ef7f50024821a26cebad0ce52e9e.json,audio/senior/S77085/31f9ef7f50024821a26cebad0ce52e9e.wav
S77085,repeat_senior,퍼터커 반복 발음 과제 (어르신),5,커,senior_repeat_1769223313728_mq569wfvg,2026-01-24T02:55:14.401936+00:00,media/audio/senior/S77085/41f26c86d3724d8687b9604f10616f4c.json,audio/senior/S77085/41f26c86d3724d8687b9604f10616f4c.wav
S77085,repeat_senior,퍼터커 반복 발음 과제 (어르신),7,퍼터커,senior_repeat_1769223337426_pusyf1ue5,2026-01-24T02:55:38.100482+00:00,media/audio/senior/S77085/5247052291bd40d29a542dc4fefc22f9.json,audio/senior/S77085/5247052291bd40d29a542dc4fefc22f9.wav
S77085,repeat_senior,퍼터커 반복 발음 과제 (어르신),4,커,senior_repeat_1769223303099_lmvw61txj,2026-01-24T02:55:03.772053+00:00,media/audio/senior/S77085/2ef0dea4f947414590e32c248526afa4.json,audio/senior/S77085/2ef0dea4f947414590e32c248526afa4.wav
S77085,repeat_senior,퍼터커 반복 발음 과제 (어르신),3,터,senior_repeat_1769223291812_mto4w0gj1,2026-01-24T02:54:52.490874+00:00,media/audio/senior/S77085/e9fcab4a2b7144ccbfeb505498d5a395.json,audio/senior/S77085/e9fcab4a2b7144ccbfeb505498d5a395.wav
S77085,a_repeat_senior,아 반복 발음 과제 (어르신),,,session_1769223237658_6uzh8fmkrag,2026-01-24T02:53:58.318986+00:00,media/audio/senior/S77085/7e7de5b3616f4d11b4622c06d3b011d3.json,audio/senior/S77085/7e7de5b3616f4d11b4622c06d3b011d3.wav
S90354,repeat_senior,퍼터커 반복 발음 과제 (어르신),0,퍼,senior_repeat_1763023538884_7icdjh9dh,2025-11-13T08:45:39.077316+00:00,media/audio/senior/S90354/9d3b4cc2fc604065a922a85d167cd435.json,audio/senior/9d3b4cc2fc604065a922a85d167cd435.wav
S64671,repeat_senior,퍼터커 반복 발음 과제 (어르신),1,퍼,senior_repeat_1768287554080_5yhwqz847,2026-01-13T06:59:12.521278+00:00,media/audio/senior/S64671/e0ebf795ce7b4b9eaafac02ee4cf5dcd.json,audio/senior/S64671/e0ebf795ce7b4b9eaafac02ee4cf5dcd.wav
S64671,repeat_senior,퍼터커 반복 발음 과제 (어르신),4,커,senior_repeat_1768287602322_7vxws0pjv,2026-01-13T07:00:00.766555+00:00,media/audio/senior/S64671/65de667932e5474186601d665bd00387.json,audio/senior/S64671/65de667932e5474186601d665bd00387.wav
S64671,a_repeat_senior,아 반복 발음 과제 (어르신),,,session_1768287501710_s6sx76j5dxe,2026-01-13T06:58:20.048692+00:00,media/audio/senior/S64671/891b55a758094358810fd2e5612cf671.json,audio/senior/S64671/891b55a758094358810fd2e5612cf671.wav
S64671,repeat_senior,퍼터커 반복 발음 과제 (어르신),0,퍼,senior_repeat_1768287538221_hnn418tax,2026-01-13T06:58:56.576709+00:00,media/audio/senior/S64671/e9786afe3d1742bdb78ea761750aaa60.json,audio/senior/S64671/e9786afe3d1742bdb78ea761750aaa60.wav
S64671,repeat_senior,퍼터커 반복 발음 과제 (어르신),5,커,senior_repeat_1768287612564_1x5td51t1,2026-01-13T07:00:10.785255+00:00,media/audio/senior/S64671/32004d1e5c754d50adbe85e3812c59e6.json,audio/senior/S64671/32004d1e5c754d50adbe85e3812c59e6.wav
S64671,repeat_senior,퍼터커 반복 발음 과제 (어르신),2,터,senior_repeat_1768287568839_6dwe6u0rr,2026-01-13T06:59:27.576936+00:00,media/audio/senior/S64671/9c5ea5c147c94439be69ba14d2d79a03.json,audio/senior/S64671/9c5ea5c147c94439be69ba14d2d79a03.wav
S64671,repeat_senior,퍼터커 반복 발음 과제 (어르신),3,터,senior_repeat_1768287580011_i119odn5z,2026-01-13T06:59:38.299908+00:00,media/audio/senior/S64671/c78cb6f49a3a4287b9d7c75d74a140bc.json,audio/senior/S64671/c78cb6f49a3a4287b9d7c75d74a140bc.wav
S64671,repeat_senior,퍼터커 반복 발음 과제 (어르신),7,퍼터커,senior_repeat_1768287636757_nqv8rozcf,2026-01-13T07:00:35.063398+00:00,media/audio/senior/S64671/6439f660936a468e8920baafec21ca2b.json,audio/senior/S64671/6439f660936a468e8920baafec21ca2b.wav
S64671,repeat_senior,퍼터커 반복 발음 과제 (어르신),6,퍼터커,senior_repeat_1768287626375_x9z3duffh,2026-01-13T07:00:24.953663+00:00,media/audio/senior/S64671/ba8618f0dad5428fa10ab09f71b7574d.json,audio/senior/S64671/ba8618f0dad5428fa10ab09f71b7574d.wav
S64671,a_repeat_senior,아 반복 발음 과제 (어르신),,,session_1768287479918_l8pra14wll,2026-01-13T06:57:58.696989+00:00,media/audio/senior/S64671/aedc6d3829144c9ab2744a66d0d8f7a3.json,audio/senior/S64671/aedc6d3829144c9ab2744a66d0d8f7a3.wav
S09356,repeat_senior,퍼터커 반복 발음 과제 (어르신),0,퍼,senior_repeat_1761727607147_lisnuqrrl,2025-10-29T08:46:47.254515+00:00,media/audio/senior/S09356/9b49ab15043448bd870eb75bfc0527f8.json,audio/senior/9b49ab15043448bd870eb75bfc0527f8.wav
S09356,repeat_senior,퍼터커 반복 발음 과제 (어르신),1,퍼,senior_repeat_1761727613601_40wt5f8rv,2025-10-29T08:46:53.713640+00:00,media/audio/senior/S09356/11603074d3734897952942b03302b8c4.json,audio/senior/11603074d3734897952942b03302b8c4.wav
S2602051228,a_repeat_senior,아 반복 발음 과제 (어르신),,,session_1770262229583_5ephg3sdu7q,2026-02-05T03:30:29.554502+00:00,media/audio/senior/S2602051228/008b781db42c42a48c1c8171ee5ec8c2.json,audio/senior/S2602051228/008b781db42c42a48c1c8171ee5ec8c2.wav
S2602051228,repeat_senior,퍼터커 반복 발음 과제 (어르신),1,퍼,senior_repeat_1770262261714_2hqkmmv4d,2026-02-05T03:31:01.427181+00:00,media/audio/senior/S2602051228/45a0be94db334ac0a418f09c906ad1eb.json,audio/senior/S2602051228/45a0be94db334ac0a418f09c906ad1eb.wav
S2602051228,repeat_senior,퍼터커 반복 발음 과제 (어르신),7,퍼터커,senior_repeat_1770262344159_zjvei8lkp,2026-02-05T03:32:23.914071+00:00,media/audio/senior/S2602051228/6585b7ac13c540a8894e747b72ead001.json,audio/senior/S2602051228/6585b7ac13c540a8894e747b72ead001.wav
S2602051228,repeat_senior,퍼터커 반복 발음 과제 (어르신),0,퍼,senior_repeat_1770262249961_ueojwqnv7,2026-02-05T03:30:49.978300+00:00,media/audio/senior/S2602051228/26f90a98873d42029d854f12e5281b29.json,audio/senior/S2602051228/26f90a98873d42029d854f12e5281b29.wav
S2602051228,a_repeat_senior,아 반복 발음 과제 (어르신),,,session_1770262217165_p8xcarf98p8,2026-02-05T03:30:16.997387+00:00,media/audio/senior/S2602051228/98069a107ed84eee95fa2c22d9127047.json,audio/senior/S2602051228/98069a107ed84eee95fa2c22d9127047.wav
S2602051228,repeat_senior,퍼터커 반복 발음 과제 (어르신),3,터,senior_repeat_1770262287073_nwz0s6qv1,2026-02-05T03:31:26.807135+00:00,media/audio/senior/S2602051228/84e2b28125174641ae92a0fd84ae6399.json,audio/senior/S2602051228/84e2b28125174641ae92a0fd84ae6399.wav
S2602051228,repeat_senior,퍼터커 반복 발음 과제 (어르신),6,퍼터커,senior_repeat_1770262331503_u23fifqpt,2026-02-05T03:32:11.457894+00:00,media/audio/senior/S2602051228/4a55af69542a4c8ca3dfdb8f7938e159.json,audio/senior/S2602051228/4a55af69542a4c8ca3dfdb8f7938e159.wav
S2602051228,repeat_senior,퍼터커 반복 발음 과제 (어르신),2,터,senior_repeat_1770262275957_p9ujvnoow,2026-02-05T03:31:15.980298+00:00,media/audio/senior/S2602051228/9b7fd749399048c9baa3250467e02d60.json,audio/senior/S2602051228/9b7fd749399048c9baa3250467e02d60.wav
S2602051228,repeat_senior,퍼터커 반복 발음 과제 (어르신),4,커,senior_repeat_1770262301233_52g0wj6eu,2026-02-05T03:31:41.234454+00:00,media/audio/senior/S2602051228/6a74db607562417a9fd2ade12edbac84.json,audio/senior/S2602051228/6a74db607562417a9fd2ade12edbac84.wav
S2602051228,repeat_senior,퍼터커 반복 발음 과제 (어르신),5,커,senior_repeat_1770262312730_odimeae7q,2026-02-05T03:31:52.518515+00:00,media/audio/senior/S2602051228/38f7e1b64a5e4d7ea8c404ac69c35717.json,audio/senior/S2602051228/38f7e1b64a5e4d7ea8c404ac69c35717.wav
S21853,repeat_senior,퍼터커 반복 발음 과제 (어르신),2,터,senior_repeat_1763188972941_eqf3vhxtx,2025-11-15T06:42:52.638366+00:00,media/audio/senior/S21853/e71924c73d2748a0a4579938f38471ff.json,audio/senior/e71924c73d2748a0a4579938f38471ff.wav
S21853,repeat_senior,퍼터커 반복 발음 과제 (어르신),0,퍼,senior_repeat_1763188946600_69b1sjcx1,2025-11-15T06:42:26.287777+00:00,media/audio/senior/S21853/010dc544118148b88e91637b6fb05d10.json,audio/senior/010dc544118148b88e91637b6fb05d10.wav
S21853,a_repeat_senior,아 반복 발음 과제 (어르신),,,session_1763188927690_p9eu39qrvv,2025-11-15T06:42:07.393431+00:00,media/audio/senior/S21853/ea74da24e76e415098647490eb8c3a2f.json,audio/senior/ea74da24e76e415098647490eb8c3a2f.wav
S21853,repeat_senior,퍼터커 반복 발음 과제 (어르신),1,퍼,senior_repeat_1763188957567_0u3tqv3ce,2025-11-15T06:42:37.260218+00:00,media/audio/senior/S21853/cff0edb1553c4a929456bdb1e1e0e13f.json,audio/senior/cff0edb1553c4a929456bdb1e1e0e13f.wav
S21853,a_repeat_senior,아 반복 발음 과제 (어르신),,,session_1763188913953_k0r83ipf8h,2025-11-15T06:41:53.730304+00:00,media/audio/senior/S21853/e45b4106db1141409e06a9c40a792234.json,audio/senior/e45b4106db1141409e06a9c40a792234.wav
S21853,repeat_senior,퍼터커 반복 발음 과제 (어르신),6,퍼터커,senior_repeat_1763189030722_q0yjjls21,2025-11-15T06:43:50.412319+00:00,media/audio/senior/S21853/74d2e7e864d94085ab3031fa28faa189.json,audio/senior/74d2e7e864d94085ab3031fa28faa189.wav
S21853,repeat_senior,퍼터커 반복 발음 과제 (어르신),5,커,senior_repeat_1763189016214_qic03kg9m,2025-11-15T06:43:35.919468+00:00,media/audio/senior/S21853/175ccddb5165451081813e2d72602a55.json,audio/senior/175ccddb5165451081813e2d72602a55.wav
S21853,repeat_senior,퍼터커 반복 발음 과제 (어르신),3,터,senior_repeat_1763188988337_zqhvfydbt,2025-11-15T06:43:08.033163+00:00,media/audio/senior/S21853/707a303c4b4d4f7f8545bc3557a147d4.json,audio/senior/707a303c4b4d4f7f8545bc3557a147d4.wav
S21853,repeat_senior,퍼터커 반복 발음 과제 (어르신),4,커,senior_repeat_1763189001086_axcrerczi,2025-11-15T06:43:20.779665+00:00,media/audio/senior/S21853/abcb3ebd1778416bbf19b548ca5d2442.json,audio/senior/abcb3ebd1778416bbf19b548ca5d2442.wav
S21853,repeat_senior,퍼터커 반복 발음 과제 (어르신),7,퍼터커,senior_repeat_1763189041301_y4vm2kwol,2025-11-15T06:44:00.992337+00:00,media/audio/senior/S21853/63dc6ad1975949cbab0b067c01479903.json,audio/senior/63dc6ad1975949cbab0b067c01479903.wav
S67803,repeat_senior,퍼터커 반복 발음 과제 (어르신),0,퍼,senior_repeat_1764742592271_i17naqco1,2025-12-03T06:16:32.666361+00:00,media/audio/senior/S67803/06f5a065525a41318bbda712e69e69bc.json,audio/senior/S67803/06f5a065525a41318bbda712e69e69bc.wav
S67803,a_repeat_senior,아 반복 발음 과제 (어르신),,,session_1764742574555_4urmmn6ihj,2025-12-03T06:16:14.979526+00:00,media/audio/senior/S67803/208d3efa95654def8604cbbc5ee894d4.json,audio/senior/S67803/208d3efa95654def8604cbbc5ee894d4.wav
S67803,repeat_senior,퍼터커 반복 발음 과제 (어르신),7,퍼터커,senior_repeat_1764742694935_r9kv5uaks,2025-12-03T06:18:15.326367+00:00,media/audio/senior/S67803/2a4f4c1006764093b452165b088ebe40.json,audio/senior/S67803/2a4f4c1006764093b452165b088ebe40.wav
S67803,repeat_senior,퍼터커 반복 발음 과제 (어르신),6,퍼터커,senior_repeat_1764742684340_t49vdgnj5,2025-12-03T06:18:04.773838+00:00,media/audio/senior/S67803/0357901b06c04252855ea41c94aa11a5.json,audio/senior/S67803/0357901b06c04252855ea41c94aa11a5.wav
S67803,repeat_senior,퍼터커 반복 발음 과제 (어르신),5,커,senior_repeat_1764742671535_ul31ua2fe,2025-12-03T06:17:51.924101+00:00,media/audio/senior/S67803/7d8379b0ced345bd947a8b034862a54c.json,audio/senior/S67803/7d8379b0ced345bd947a8b034862a54c.wav
S67803,repeat_senior,퍼터커 반복 발음 과제 (어르신),4,커,senior_repeat_1764742661332_kw1x3kibr,2025-12-03T06:17:41.716133+00:00,media/audio/senior/S67803/e7cbb8a3e4a24bab9c864314c45b56ce.json,audio/senior/S67803/e7cbb8a3e4a24bab9c864314c45b56ce.wav
S67803,repeat_senior,퍼터커 반복 발음 과제 (어르신),2,터,senior_repeat_1764742614343_6drumonau,2025-12-03T06:16:54.722119+00:00,media/audio/senior/S67803/501c5e09920a4c69bcf690ef7377673d.json,audio/senior/S67803/501c5e09920a4c69bcf690ef7377673d.wav
S67803,a_repeat_senior,아 반복 발음 과제 (어르신),,,session_1764742563803_rpz85m211c,2025-12-03T06:16:04.829521+00:00,media/audio/senior/S67803/5d56282d18514312abd67869b65725ae.json,audio/senior/S67803/5d56282d18514312abd67869b65725ae.wav
S67803,repeat_senior,퍼터커 반복 발음 과제 (어르신),3,터,senior_repeat_1764742650135_wci1hwz65,2025-12-03T06:17:30.533057+00:00,media/audio/senior/S67803/358ab72f4830428a95730baed0ed68c1.json,audio/senior/S67803/358ab72f4830428a95730baed0ed68c1.wav
S67803,repeat_senior,퍼터커 반복 발음 과제 (어르신),1,퍼,senior_repeat_1764742602312_ftqmob971,2025-12-03T06:16:43.072112+00:00,media/audio/senior/S67803/a3989aa2aa614ca4b2f6b3e00d3bc404.json,audio/senior/S67803/a3989aa2aa614ca4b2f6b3e00d3bc404.wav
S49003,repeat_senior,퍼터커 반복 발음 과제 (어르신),4,커,senior_repeat_1769733235631_inr6xgja3,2026-01-30T00:33:53.352801+00:00,media/audio/senior/S49003/d299fa6c318b423fbf4ac311d46c2b16.json,audio/senior/S49003/d299fa6c318b423fbf4ac311d46c2b16.wav
S49003,repeat_senior,퍼터커 반복 발음 과제 (어르신),3,터,senior_repeat_1769733216656_f3ffpo20y,2026-01-30T00:33:34.384190+00:00,media/audio/senior/S49003/b4463218f2cb430ab7745c6c9206d9c2.json,audio/senior/S49003/b4463218f2cb430ab7745c6c9206d9c2.wav
S49003,repeat_senior,퍼터커 반복 발음 과제 (어르신),6,퍼터커,senior_repeat_1769733273201_3my52c3cy,2026-01-30T00:34:30.951993+00:00,media/audio/senior/S49003/821a61c416d5485c9aa8fb52672c1363.json,audio/senior/S49003/821a61c416d5485c9aa8fb52672c1363.wav
S49003,repeat_senior,퍼터커 반복 발음 과제 (어르신),1,퍼,senior_repeat_1769733182932_185t7pobk,2026-01-30T00:33:00.625148+00:00,media/audio/senior/S49003/118105a05ab54dfca8eb8d61aa942d2a.json,audio/senior/S49003/118105a05ab54dfca8eb8d61aa942d2a.wav
S49003,repeat_senior,퍼터커 반복 발음 과제 (어르신),5,커,senior_repeat_1769733252315_kn76gwjyq,2026-01-30T00:34:10.029569+00:00,media/audio/senior/S49003/028d9285d0e747799d45c47a2ac62bae.json,audio/senior/S49003/028d9285d0e747799d45c47a2ac62bae.wav
S49003,a_repeat_senior,아 반복 발음 과제 (어르신),,,session_1769733140511_w9jjtnq08ek,2026-01-30T00:32:18.298188+00:00,media/audio/senior/S49003/186226f25a894395b96823b5932fa0d4.json,audio/senior/S49003/186226f25a894395b96823b5932fa0d4.wav
S49003,repeat_senior,퍼터커 반복 발음 과제 (어르신),0,퍼,senior_repeat_1769733170856_jt1mbsy2p,2026-01-30T00:32:48.557452+00:00,media/audio/senior/S49003/238c3649aa09436989dde698b1ecd8c6.json,audio/senior/S49003/238c3649aa09436989dde698b1ecd8c6.wav
S49003,repeat_senior,퍼터커 반복 발음 과제 (어르신),2,터,senior_repeat_1769733196048_bm050s8i6,2026-01-30T00:33:13.748785+00:00,media/audio/senior/S49003/5cf6ee239b354f279c6796404d908174.json,audio/senior/S49003/5cf6ee239b354f279c6796404d908174.wav
S49003,a_repeat_senior,아 반복 발음 과제 (어르신),,,session_1769733149875_tdyoar8wcj,2026-01-30T00:32:27.630405+00:00,media/audio/senior/S49003/39b463acff2841aba7fdc8951c7ccc85.json,audio/senior/S49003/39b463acff2841aba7fdc8951c7ccc85.wav
S49003,repeat_senior,퍼터커 반복 발음 과제 (어르신),7,퍼터커,senior_repeat_1769733283645_pclce87o6,2026-01-30T00:34:41.362697+00:00,media/audio/senior/S49003/745c4acbcc6b4595a4f50075c233794d.json,audio/senior/S49003/745c4acbcc6b4595a4f50075c233794d.wav
S47959,repeat_senior,퍼터커 반복 발음 과제 (어르신),2,터,senior_repeat_1770202962962_bt74sejq5,2026-02-04T11:02:43.540631+00:00,media/audio/senior/S47959/97f02924c60c49609b63d457001d84d3.json,audio/senior/S47959/97f02924c60c49609b63d457001d84d3.wav
S47959,a_repeat_senior,아 반복 발음 과제 (어르신),,,session_1770202881824_329y581xhhv,2026-02-04T11:01:22.570089+00:00,media/audio/senior/S47959/a630aff5156241c58260db07f0b521a7.json,audio/senior/S47959/a630aff5156241c58260db07f0b521a7.wav
S47959,repeat_senior,퍼터커 반복 발음 과제 (어르신),7,퍼터커,senior_repeat_1770203038033_n8xubhbn9,2026-02-04T11:03:58.601791+00:00,media/audio/senior/S47959/85f10087ef484585b3f84d9c82b903e7.json,audio/senior/S47959/85f10087ef484585b3f84d9c82b903e7.wav
S47959,a_repeat_senior,아 반복 발음 과제 (어르신),,,session_1770202906290_pi74g93me9m,2026-02-04T11:01:46.935410+00:00,media/audio/senior/S47959/b3f5edd927ee4eae981de194e4d640e4.json,audio/senior/S47959/b3f5edd927ee4eae981de194e4d640e4.wav
S47959,repeat_senior,퍼터커 반복 발음 과제 (어르신),1,퍼,senior_repeat_1770202948131_07s1m546r,2026-02-04T11:02:28.699120+00:00,media/audio/senior/S47959/abb2b874c84e4e338883ab858956b9db.json,audio/senior/S47959/abb2b874c84e4e338883ab858956b9db.wav
S47959,repeat_senior,퍼터커 반복 발음 과제 (어르신),4,커,senior_repeat_1770202991834_l0ylrtw7t,2026-02-04T11:03:12.411948+00:00,media/audio/senior/S47959/b584476808c948758d47b1b3fba1d197.json,audio/senior/S47959/b584476808c948758d47b1b3fba1d197.wav
S47959,repeat_senior,퍼터커 반복 발음 과제 (어르신),3,터,senior_repeat_1770202976753_h6ufi2uqc,2026-02-04T11:02:57.327773+00:00,media/audio/senior/S47959/71328f26f6da4f1c99e7f6d1b004fe4b.json,audio/senior/S47959/71328f26f6da4f1c99e7f6d1b004fe4b.wav
S47959,repeat_senior,퍼터커 반복 발음 과제 (어르신),5,커,senior_repeat_1770203008843_8uvm990sr,2026-02-04T11:03:29.413460+00:00,media/audio/senior/S47959/d94712128334479cbe643dbd8eadac26.json,audio/senior/S47959/d94712128334479cbe643dbd8eadac26.wav
S47959,repeat_senior,퍼터커 반복 발음 과제 (어르신),6,퍼터커,senior_repeat_1770203022990_vw28ebyv9,2026-02-04T11:03:43.547386+00:00,media/audio/senior/S47959/e8b6bcd587de43f3bfd6b409750c0bb3.json,audio/senior/S47959/e8b6bcd587de43f3bfd6b409750c0bb3.wav
S47959,repeat_senior,퍼터커 반복 발음 과제 (어르신),0,퍼,senior_repeat_1770202933237_5xldshqa9,2026-02-04T11:02:13.806009+00:00,media/audio/senior/S47959/6279ce38a536404e83c132fb21dce2e1.json,audio/senior/S47959/6279ce38a536404e83c132fb21dce2e1.wav
S02729,repeat_senior,퍼터커 반복 발음 과제 (어르신),6,퍼터커,senior_repeat_1767162680637_et67jumej,2025-12-31T06:31:20.823561+00:00,media/audio/senior/S02729/49bb71efc4b54ff6907aa2ab74109ce5.json,audio/senior/S02729/49bb71efc4b54ff6907aa2ab74109ce5.wav
S02729,repeat_senior,퍼터커 반복 발음 과제 (어르신),5,커,senior_repeat_1767162674701_yculxzpp3,2025-12-31T06:31:14.893997+00:00,media/audio/senior/S02729/73fe7ff5064c4d16b53a706f2d16f28c.json,audio/senior/S02729/73fe7ff5064c4d16b53a706f2d16f28c.wav
S02729,a_repeat_senior,아 반복 발음 과제 (어르신),,,session_1767162635328_lziwrd8dkt,2025-12-31T06:30:35.564330+00:00,media/audio/senior/S02729/1212f56289234a43ac50f7e5c92717e0.json,audio/senior/S02729/1212f56289234a43ac50f7e5c92717e0.wav
S02729,repeat_senior,퍼터커 반복 발음 과제 (어르신),0,퍼,senior_repeat_1767162646865_4dtnk13zc,2025-12-31T06:30:47.097385+00:00,media/audio/senior/S02729/71a36ddd84af432f90672bd296add4b2.json,audio/senior/S02729/71a36ddd84af432f90672bd296add4b2.wav
S02729,repeat_senior,퍼터커 반복 발음 과제 (어르신),3,터,senior_repeat_1767162664469_mrqrqkt66,2025-12-31T06:31:04.664876+00:00,media/audio/senior/S02729/d14bc1d27ccf449389deeefe82804def.json,audio/senior/S02729/d14bc1d27ccf449389deeefe82804def.wav
S02729,repeat_senior,퍼터커 반복 발음 과제 (어르신),1,퍼,senior_repeat_1767162653584_u2lzsqmt1,2025-12-31T06:30:53.753075+00:00,media/audio/senior/S02729/0a3e9a88f6b04fe7bc89a4ccc63d6f4c.json,audio/senior/S02729/0a3e9a88f6b04fe7bc89a4ccc63d6f4c.wav
S02729,repeat_senior,퍼터커 반복 발음 과제 (어르신),2,터,senior_repeat_1767162658877_0qu19gsay,2025-12-31T06:30:59.052052+00:00,media/audio/senior/S02729/dac60c86b8604908aeb367e42d7a7239.json,audio/senior/S02729/dac60c86b8604908aeb367e42d7a7239.wav
S02729,repeat_senior,퍼터커 반복 발음 과제 (어르신),4,커,senior_repeat_1767162669102_wiqq3wlkz,2025-12-31T06:31:09.269161+00:00,media/audio/senior/S02729/bb20f7ada4b641f6b244433f98e7e9dc.json,audio/senior/S02729/bb20f7ada4b641f6b244433f98e7e9dc.wav
S02729,repeat_senior,퍼터커 반복 발음 과제 (어르신),7,퍼터커,senior_repeat_1767162691724_ukj4lk4z8,2025-12-31T06:31:31.905297+00:00,media/audio/senior/S02729/9426af5ed31745b4bc3cb85c140f7857.json,audio/senior/S02729/9426af5ed31745b4bc3cb85c140f7857.wav
S02729,a_repeat_senior,아 반복 발음 과제 (어르신),,,session_1767162638842_grgqp17sbwk,2025-12-31T06:30:38.999301+00:00,media/audio/senior/S02729/8807688343934ce7af3c8204d8569f08.json,audio/senior/S02729/8807688343934ce7af3c8204d8569f08.wav
S95052,repeat_senior,퍼터커 반복 발음 과제 (어르신),6,퍼터커,senior_repeat_1766026292684_9w1g1el1j,2025-12-18T02:51:30.026388+00:00,media/audio/senior/S95052/0810357f27c841f388b70e5d8cf7dbd8.json,audio/senior/S95052/0810357f27c841f388b70e5d8cf7dbd8.wav
S95052,repeat_senior,퍼터커 반복 발음 과제 (어르신),0,퍼,senior_repeat_1766026221903_m8w8n3no4,2025-12-18T02:50:19.230736+00:00,media/audio/senior/S95052/03eb1e0ccecd4b1bbdc78dbdd1ff04c3.json,audio/senior/S95052/03eb1e0ccecd4b1bbdc78dbdd1ff04c3.wav
S95052,repeat_senior,퍼터커 반복 발음 과제 (어르신),4,커,senior_repeat_1766026267599_fzdbdmp66,2025-12-18T02:51:04.928433+00:00,media/audio/senior/S95052/5bed1a3ca56f40c595ab85f0b2c1c98f.json,audio/senior/S95052/5bed1a3ca56f40c595ab85f0b2c1c98f.wav
S95052,a_repeat_senior,아 반복 발음 과제 (어르신),,,session_1766026193809_2j255cf77w9,2025-12-18T02:49:51.152766+00:00,media/audio/senior/S95052/1e3b6bd9e8004fc1b1b356d7a700c1c8.json,audio/senior/S95052/1e3b6bd9e8004fc1b1b356d7a700c1c8.wav
S95052,a_repeat_senior,아 반복 발음 과제 (어르신),,,session_1766026206767_6p5qa8754l9,2025-12-18T02:50:04.099553+00:00,media/audio/senior/S95052/adc39c5d23a6447c9e5c5fa0328f32fc.json,audio/senior/S95052/adc39c5d23a6447c9e5c5fa0328f32fc.wav
S95052,repeat_senior,퍼터커 반복 발음 과제 (어르신),5,커,senior_repeat_1766026277824_qtm3pz5ol,2025-12-18T02:51:15.159862+00:00,media/audio/senior/S95052/8c2966bdf9a241c7b5acc774ba106674.json,audio/senior/S95052/8c2966bdf9a241c7b5acc774ba106674.wav
S95052,repeat_senior,퍼터커 반복 발음 과제 (어르신),7,퍼터커,senior_repeat_1766026303425_sfs8qqx0f,2025-12-18T02:51:40.757793+00:00,media/audio/senior/S95052/0135f386d3044b3a97802a95d27a0bcf.json,audio/senior/S95052/0135f386d3044b3a97802a95d27a0bcf.wav
S95052,repeat_senior,퍼터커 반복 발음 과제 (어르신),2,터,senior_repeat_1766026245883_k2cz3sipm,2025-12-18T02:50:43.203399+00:00,media/audio/senior/S95052/819739fd6d294fcc88d3e871e48d652b.json,audio/senior/S95052/819739fd6d294fcc88d3e871e48d652b.wav
S95052,repeat_senior,퍼터커 반복 발음 과제 (어르신),3,터,senior_repeat_1766026256228_bwapo8499,2025-12-18T02:50:53.560345+00:00,media/audio/senior/S95052/4b47484653df4b4fb49fa96ec788ecec.json,audio/senior/S95052/4b47484653df4b4fb49fa96ec788ecec.wav
S95052,repeat_senior,퍼터커 반복 발음 과제 (어르신),1,퍼,senior_repeat_1766026233234_3z8d2bw1z,2025-12-18T02:50:30.556496+00:00,media/audio/senior/S95052/0232141280294b15b70ff0bc191d56e2.json,audio/senior/S95052/0232141280294b15b70ff0bc191d56e2.wav
S25273,repeat_senior,퍼터커 반복 발음 과제 (어르신),3,터,senior_repeat_1764570115458_6rnx9knjc,2025-12-01T06:21:55.673423+00:00,media/audio/senior/S25273/2bc568a154d242df8617270bbc09b514.json,audio/senior/S25273/2bc568a154d242df8617270bbc09b514.wav
S25273,repeat_senior,퍼터커 반복 발음 과제 (어르신),1,퍼,senior_repeat_1764570089732_c6f3kdfbj,2025-12-01T06:21:29.950696+00:00,media/audio/senior/S25273/395687ede7b4435e8388eb7ee505165b.json,audio/senior/S25273/395687ede7b4435e8388eb7ee505165b.wav
S25273,repeat_senior,퍼터커 반복 발음 과제 (어르신),6,퍼터커,senior_repeat_1764570155254_8vdohvizq,2025-12-01T06:22:35.446603+00:00,media/audio/senior/S25273/1a9db218e20b438a923ea57414f48e77.json,audio/senior/S25273/1a9db218e20b438a923ea57414f48e77.wav
S25273,repeat_senior,퍼터커 반복 발음 과제 (어르신),4,커,senior_repeat_1764570127394_lca66dsmv,2025-12-01T06:22:07.652136+00:00,media/audio/senior/S25273/7bc5aa33f45d41bfb5b6c0d01dc969d3.json,audio/senior/S25273/7bc5aa33f45d41bfb5b6c0d01dc969d3.wav
S25273,repeat_senior,퍼터커 반복 발음 과제 (어르신),0,퍼,senior_repeat_1764570073453_bji1fumn3,2025-12-01T06:21:13.600549+00:00,media/audio/senior/S25273/40deec9fa0254dcb87ec09653072d957.json,audio/senior/S25273/40deec9fa0254dcb87ec09653072d957.wav
S25273,a_repeat_senior,아 반복 발음 과제 (어르신),,,session_1764570048726_jvzswpg66u,2025-12-01T06:20:48.892620+00:00,media/audio/senior/S25273/3739a3a2615145b69a643ba75481c7fe.json,audio/senior/S25273/3739a3a2615145b69a643ba75481c7fe.wav
S25273,a_repeat_senior,아 반복 발음 과제 (어르신),,,session_1764570037580_zvkk3w4kmsg,2025-12-01T06:20:37.840379+00:00,media/audio/senior/S25273/ab4547d5ec294d73a26ea81cdb9c6609.json,audio/senior/S25273/ab4547d5ec294d73a26ea81cdb9c6609.wav
S25273,repeat_senior,퍼터커 반복 발음 과제 (어르신),7,퍼터커,senior_repeat_1764570170430_cahynyhb6,2025-12-01T06:22:50.619912+00:00,media/audio/senior/S25273/a2a3ea9e37c94f989ff39006404f847b.json,audio/senior/S25273/a2a3ea9e37c94f989ff39006404f847b.wav
S25273,repeat_senior,퍼터커 반복 발음 과제 (어르신),5,커,senior_repeat_1764570137595_ppyhdipjo,2025-12-01T06:22:17.771099+00:00,media/audio/senior/S25273/83a46270e5ac47b587ddf52b669c5c7b.json,audio/senior/S25273/83a46270e5ac47b587ddf52b669c5c7b.wav
S25273,repeat_senior,퍼터커 반복 발음 과제 (어르신),2,터,senior_repeat_1764570105144_f8fxe91pf,2025-12-01T06:21:45.375662+00:00,media/audio/senior/S25273/9a74b7847ae24dddbe9ae412cfcdc6d8.json,audio/senior/S25273/9a74b7847ae24dddbe9ae412cfcdc6d8.wav
S2602051202,a_repeat_senior,아 반복 발음 과제 (어르신),,,session_1770260664259_ba91vg2cf2j,2026-02-05T03:04:24.482034+00:00,media/audio/senior/S2602051202/58c05d2a3f8f4223b80a7b874e963f19.json,audio/senior/S2602051202/58c05d2a3f8f4223b80a7b874e963f19.wav
S2602051202,repeat_senior,퍼터커 반복 발음 과제 (어르신),1,퍼,senior_repeat_1770260744646_tg2wak1t1,2026-02-05T03:05:44.432019+00:00,media/audio/senior/S2602051202/37c6302e55484cb1bd14949d84a30ca3.json,audio/senior/S2602051202/37c6302e55484cb1bd14949d84a30ca3.wav
S2602051202,repeat_senior,퍼터커 반복 발음 과제 (어르신),7,퍼터커,senior_repeat_1770260823475_jtsvilvha,2026-02-05T03:07:03.338850+00:00,media/audio/senior/S2602051202/fb9b34c1d7ea48239685efc9a084a605.json,audio/senior/S2602051202/fb9b34c1d7ea48239685efc9a084a605.wav
S2602051202,repeat_senior,퍼터커 반복 발음 과제 (어르신),2,터,senior_repeat_1770260759016_j9jes1p1a,2026-02-05T03:05:58.810450+00:00,media/audio/senior/S2602051202/a0d7fbfa75814542aa2d9690a69d1dff.json,audio/senior/S2602051202/a0d7fbfa75814542aa2d9690a69d1dff.wav
S2602051202,repeat_senior,퍼터커 반복 발음 과제 (어르신),6,퍼터커,senior_repeat_1770260812971_dnbs9ovyk,2026-02-05T03:06:52.780330+00:00,media/audio/senior/S2602051202/6ef7a340221f47168cdbb06dee97c3ad.json,audio/senior/S2602051202/6ef7a340221f47168cdbb06dee97c3ad.wav
S2602051202,repeat_senior,퍼터커 반복 발음 과제 (어르신),3,터,senior_repeat_1770260769686_oep79eh4z,2026-02-05T03:06:09.460110+00:00,media/audio/senior/S2602051202/f522a02bef0b4f909fbc7dcd4919a14f.json,audio/senior/S2602051202/f522a02bef0b4f909fbc7dcd4919a14f.wav
S2602051202,repeat_senior,퍼터커 반복 발음 과제 (어르신),0,퍼,senior_repeat_1770260732792_m9y8vvx7i,2026-02-05T03:05:32.788139+00:00,media/audio/senior/S2602051202/7259bafb9bae4b1280bad6c22282cbf2.json,audio/senior/S2602051202/7259bafb9bae4b1280bad6c22282cbf2.wav
S2602051202,repeat_senior,퍼터커 반복 발음 과제 (어르신),4,커,senior_repeat_1770260782891_hfvtp7br2,2026-02-05T03:06:22.702392+00:00,media/audio/senior/S2602051202/d7fded0775d643ccb07d5007237fbe12.json,audio/senior/S2602051202/d7fded0775d643ccb07d5007237fbe12.wav
S2602051202,a_repeat_senior,아 반복 발음 과제 (어르신),,,session_1770260692728_8itqkvbcf9v,2026-02-05T03:04:52.642456+00:00,media/audio/senior/S2602051202/31083bd217b44b289ef520c7008e0c80.json,audio/senior/S2602051202/31083bd217b44b289ef520c7008e0c80.wav
S2602051202,repeat_senior,퍼터커 반복 발음 과제 (어르신),5,커,senior_repeat_1770260795960_erqmik26s,2026-02-05T03:06:36.143316+00:00,media/audio/senior/S2602051202/5f1006f9718d4894acbfdb0c812553dd.json,audio/senior/S2602051202/5f1006f9718d4894acbfdb0c812553dd.wav
S48640,repeat_senior,퍼터커 반복 발음 과제 (어르신),5,커,senior_repeat_1766801333261_3hr3kl1s7,2025-12-27T02:08:53.497814+00:00,media/audio/senior/S48640/5415ce7203374bd5866c7b0f44ebb006.json,audio/senior/S48640/5415ce7203374bd5866c7b0f44ebb006.wav
S48640,repeat_senior,퍼터커 반복 발음 과제 (어르신),1,퍼,senior_repeat_1766801287071_mgenl252z,2025-12-27T02:08:07.308638+00:00,media/audio/senior/S48640/ccc4530070714fce8b07d2046000006f.json,audio/senior/S48640/ccc4530070714fce8b07d2046000006f.wav
S48640,repeat_senior,퍼터커 반복 발음 과제 (어르신),7,퍼터커,senior_repeat_1766801371571_x21bxlph7,2025-12-27T02:09:31.811334+00:00,media/audio/senior/S48640/10faaa6f69bb4de48d59cc0b9d4c1f02.json,audio/senior/S48640/10faaa6f69bb4de48d59cc0b9d4c1f02.wav
S48640,a_repeat_senior,아 반복 발음 과제 (어르신),,,session_1766801245903_w1nth8x2z8,2025-12-27T02:07:26.229023+00:00,media/audio/senior/S48640/9dd48fcf799544ce8acf3ec8b267412b.json,audio/senior/S48640/9dd48fcf799544ce8acf3ec8b267412b.wav
S48640,repeat_senior,퍼터커 반복 발음 과제 (어르신),4,커,senior_repeat_1766801323037_1a4hkjdhj,2025-12-27T02:08:43.264534+00:00,media/audio/senior/S48640/89c65487a1804549af646bd4fe2f7630.json,audio/senior/S48640/89c65487a1804549af646bd4fe2f7630.wav
S48640,repeat_senior,퍼터커 반복 발음 과제 (어르신),6,퍼터커,senior_repeat_1766801359441_xovf74mv3,2025-12-27T02:09:19.677414+00:00,media/audio/senior/S48640/01ab13a6eae143e8a4057d3b39d660cd.json,audio/senior/S48640/01ab13a6eae143e8a4057d3b39d660cd.wav
S48640,repeat_senior,퍼터커 반복 발음 과제 (어르신),3,터,senior_repeat_1766801311509_hq7cl2gny,2025-12-27T02:08:31.745317+00:00,media/audio/senior/S48640/859ede71b7ce405baa814051a2f4ea95.json,audio/senior/S48640/859ede71b7ce405baa814051a2f4ea95.wav
S48640,repeat_senior,퍼터커 반복 발음 과제 (어르신),2,터,senior_repeat_1766801299988_8ulxrmdh3,2025-12-27T02:08:20.219342+00:00,media/audio/senior/S48640/7e9ecaf3950a435088d92ebb8c02d2a2.json,audio/senior/S48640/7e9ecaf3950a435088d92ebb8c02d2a2.wav
S48640,a_repeat_senior,아 반복 발음 과제 (어르신),,,session_1766801256623_hx07p45k8om,2025-12-27T02:07:36.859493+00:00,media/audio/senior/S48640/aca7671ca58a4614b41bf85ba630cd1f.json,audio/senior/S48640/aca7671ca58a4614b41bf85ba630cd1f.wav
S48640,repeat_senior,퍼터커 반복 발음 과제 (어르신),0,퍼,senior_repeat_1766801277049_krqs3s8ts,2025-12-27T02:07:57.278610+00:00,media/audio/senior/S48640/c2fbfd561bbe439b8719dabc8eab761f.json,audio/senior/S48640/c2fbfd561bbe439b8719dabc8eab761f.wav
S89651,repeat_senior,퍼터커 반복 발음 과제 (어르신),3,터,senior_repeat_1761441599036_uf0azsrme,2025-10-26T01:19:57.909345+00:00,media/audio/senior/S89651/8d41d7abccbe48b1b903262c546d1b52.json,audio/senior/8d41d7abccbe48b1b903262c546d1b52.wav
S89651,repeat_senior,퍼터커 반복 발음 과제 (어르신),7,퍼터커,senior_repeat_1761441672033_6zpwl8yst,2025-10-26T01:21:10.903193+00:00,media/audio/senior/S89651/efdabd7a45f74173ba14e1695faea454.json,audio/senior/efdabd7a45f74173ba14e1695faea454.wav
S89651,a_repeat_senior,아 반복 발음 과제 (어르신),,,session_1761441517172_bk3ornep3on,2025-10-26T01:18:36.010042+00:00,media/audio/senior/S89651/2fa1f0175be245f9a1c576b3188bb94c.json,audio/senior/2fa1f0175be245f9a1c576b3188bb94c.wav
S89651,repeat_senior,퍼터커 반복 발음 과제 (어르신),1,퍼,senior_repeat_1761441556693_ftp0ezyg8,2025-10-26T01:19:15.527948+00:00,media/audio/senior/S89651/83fd5dddef4f4c0a974e17981b26f395.json,audio/senior/83fd5dddef4f4c0a974e17981b26f395.wav
S89651,repeat_senior,퍼터커 반복 발음 과제 (어르신),4,커,senior_repeat_1761441619430_e4v0uw6f3,2025-10-26T01:20:18.263425+00:00,media/audio/senior/S89651/79c9f02841084dda8fe6aabe0061ef29.json,audio/senior/79c9f02841084dda8fe6aabe0061ef29.wav
S89651,repeat_senior,퍼터커 반복 발음 과제 (어르신),2,터,senior_repeat_1761441578053_w8d3firr0,2025-10-26T01:19:36.895995+00:00,media/audio/senior/S89651/4691b5aa6cdb41818f45b69d05c1711b.json,audio/senior/4691b5aa6cdb41818f45b69d05c1711b.wav
S89651,a_repeat_senior,아 반복 발음 과제 (어르신),,,session_1761441501872_k7xnaxsf1v,2025-10-26T01:18:20.736488+00:00,media/audio/senior/S89651/49af0d7359334c24ba9222bcdefb7ac5.json,audio/senior/49af0d7359334c24ba9222bcdefb7ac5.wav
S89651,repeat_senior,퍼터커 반복 발음 과제 (어르신),5,커,senior_repeat_1761441634592_hyc9ai2hb,2025-10-26T01:20:33.438681+00:00,media/audio/senior/S89651/3d4561588bd54d98b0b83845a56bc5fc.json,audio/senior/3d4561588bd54d98b0b83845a56bc5fc.wav
S89651,repeat_senior,퍼터커 반복 발음 과제 (어르신),6,퍼터커,senior_repeat_1761441652898_f5kz6rr00,2025-10-26T01:20:51.751012+00:00,media/audio/senior/S89651/35deef1600004b8280702c7e0901ce9a.json,audio/senior/35deef1600004b8280702c7e0901ce9a.wav
S89651,repeat_senior,퍼터커 반복 발음 과제 (어르신),0,퍼,senior_repeat_1761441541029_ngz5pt46a,2025-10-26T01:18:59.884535+00:00,media/audio/senior/S89651/61d3f5965b594aa8bc35840d5a2e248c.json,audio/senior/61d3f5965b594aa8bc35840d5a2e248c.wav
S71083,repeat_senior,퍼터커 반복 발음 과제 (어르신),2,터,senior_repeat_1769217879028_fv9zocw2q,2026-01-24T01:24:36.765765+00:00,media/audio/senior/S71083/015b407425734167b3b2fc27b1a62c60.json,audio/senior/S71083/015b407425734167b3b2fc27b1a62c60.wav
S71083,repeat_senior,퍼터커 반복 발음 과제 (어르신),7,퍼터커,senior_repeat_1769217983403_g4w9pu3fa,2026-01-24T01:26:22.170173+00:00,media/audio/senior/S71083/b06401ac56934cba9a109cb13de94509.json,audio/senior/S71083/b06401ac56934cba9a109cb13de94509.wav
S71083,a_repeat_senior,아 반복 발음 과제 (어르신),,,session_1769217769058_4hs1o4dw4f8,2026-01-24T01:22:46.359999+00:00,media/audio/senior/S71083/9dc8c540d8944ff6b6ee3c62f6491e28.json,audio/senior/S71083/9dc8c540d8944ff6b6ee3c62f6491e28.wav
S71083,repeat_senior,퍼터커 반복 발음 과제 (어르신),4,커,senior_repeat_1769217922687_psjymbnx1,2026-01-24T01:25:20.299294+00:00,media/audio/senior/S71083/b426016379ce4520a56d8712cbc2a483.json,audio/senior/S71083/b426016379ce4520a56d8712cbc2a483.wav
S71083,repeat_senior,퍼터커 반복 발음 과제 (어르신),1,퍼,senior_repeat_1769217857507_ep52avj0f,2026-01-24T01:24:14.939821+00:00,media/audio/senior/S71083/c2a371a310f947deac1f04940443052b.json,audio/senior/S71083/c2a371a310f947deac1f04940443052b.wav
S71083,repeat_senior,퍼터커 반복 발음 과제 (어르신),0,퍼,senior_repeat_1769217834306_t5co45sxv,2026-01-24T01:23:52.970977+00:00,media/audio/senior/S71083/cb0a5e7e1afc4a519b0b1d3c61e3e8dd.json,audio/senior/S71083/cb0a5e7e1afc4a519b0b1d3c61e3e8dd.wav
S71083,repeat_senior,퍼터커 반복 발음 과제 (어르신),3,터,senior_repeat_1769217900867_j3rn9rzuh,2026-01-24T01:24:58.631170+00:00,media/audio/senior/S71083/65b74cb1d3dc4f74a80f1913c083710a.json,audio/senior/S71083/65b74cb1d3dc4f74a80f1913c083710a.wav
S71083,a_repeat_senior,아 반복 발음 과제 (어르신),,,session_1769217800626_1njxhczwxjp,2026-01-24T01:23:19.718145+00:00,media/audio/senior/S71083/6526d6959c0346ba8b07f8ec8864163d.json,audio/senior/S71083/6526d6959c0346ba8b07f8ec8864163d.wav
S71083,repeat_senior,퍼터커 반복 발음 과제 (어르신),5,커,senior_repeat_1769217941809_t14ncyjro,2026-01-24T01:25:40.331858+00:00,media/audio/senior/S71083/c8723252f6954b95b84a7890001a4ce9.json,audio/senior/S71083/c8723252f6954b95b84a7890001a4ce9.wav
S71083,repeat_senior,퍼터커 반복 발음 과제 (어르신),6,퍼터커,senior_repeat_1769217963755_32pgpie80,2026-01-24T01:26:01.512402+00:00,media/audio/senior/S71083/541a59acac794c6193aaa33bb6918a74.json,audio/senior/S71083/541a59acac794c6193aaa33bb6918a74.wav
S13422,repeat_senior,퍼터커 반복 발음 과제 (어르신),0,퍼,senior_repeat_1765096329100_9wk0g798o,2025-12-07T08:32:09.618901+00:00,media/audio/senior/S13422/f7cffae817984e76adc1f4f8d67875c2.json,audio/senior/S13422/f7cffae817984e76adc1f4f8d67875c2.wav
S13422,a_repeat_senior,아 반복 발음 과제 (어르신),,,session_1765096232582_9rxymw2ky6l,2025-12-07T08:30:33.328644+00:00,media/audio/senior/S13422/e5839983a77b4f6fbac14f97950df652.json,audio/senior/S13422/e5839983a77b4f6fbac14f97950df652.wav
S13422,repeat_senior,퍼터커 반복 발음 과제 (어르신),4,커,senior_repeat_1765096498808_tzw6k6rvd,2025-12-07T08:34:59.291642+00:00,media/audio/senior/S13422/c4509eef557447e38a6b51ae58435e98.json,audio/senior/S13422/c4509eef557447e38a6b51ae58435e98.wav
S13422,repeat_senior,퍼터커 반복 발음 과제 (어르신),1,퍼,senior_repeat_1765096367151_7nckctvgy,2025-12-07T08:32:47.744539+00:00,media/audio/senior/S13422/25ac840d83a342dc8e7da749b8b08785.json,audio/senior/S13422/25ac840d83a342dc8e7da749b8b08785.wav
S13422,repeat_senior,퍼터커 반복 발음 과제 (어르신),5,커,senior_repeat_1765096534172_nwrwykfcx,2025-12-07T08:35:34.627908+00:00,media/audio/senior/S13422/b58d246b24414e12b210a452eb37aafa.json,audio/senior/S13422/b58d246b24414e12b210a452eb37aafa.wav
S13422,a_repeat_senior,아 반복 발음 과제 (어르신),,,session_1765096282297_uajp7owziq,2025-12-07T08:31:22.903047+00:00,media/audio/senior/S13422/68d209f2a05a4496984e87f63c38875c.json,audio/senior/S13422/68d209f2a05a4496984e87f63c38875c.wav
S13422,repeat_senior,퍼터커 반복 발음 과제 (어르신),3,터,senior_repeat_1765096456035_6riuwzc1t,2025-12-07T08:34:16.541772+00:00,media/audio/senior/S13422/e95b93d06f4149fb9f872218d081c587.json,audio/senior/S13422/e95b93d06f4149fb9f872218d081c587.wav
S13422,repeat_senior,퍼터커 반복 발음 과제 (어르신),7,퍼터커,senior_repeat_1765096638101_e3n2tbm9y,2025-12-07T08:37:18.596302+00:00,media/audio/senior/S13422/1e31c31f151f46998bfc880c345cd053.json,audio/senior/S13422/1e31c31f151f46998bfc880c345cd053.wav
S13422,repeat_senior,퍼터커 반복 발음 과제 (어르신),2,터,senior_repeat_1765096410364_bxlyz13w2,2025-12-07T08:33:30.902616+00:00,media/audio/senior/S13422/a1e22d5671e3433a96ab12617d0d514b.json,audio/senior/S13422/a1e22d5671e3433a96ab12617d0d514b.wav
S13422,repeat_senior,퍼터커 반복 발음 과제 (어르신),6,퍼터커,senior_repeat_1765096589548_00fqvh222,2025-12-07T08:36:30.096514+00:00,media/audio/senior/S13422/0e31c01e70e5483fa0a176a1dd9fd628.json,audio/senior/S13422/0e31c01e70e5483fa0a176a1dd9fd628.wav
S29329,a_repeat_senior,아 반복 발음 과제 (어르신),,,session_1764391713774_1g6v17uc1my,2025-11-29T04:48:33.930700+00:00,media/audio/senior/S29329/4727e304c6ed4047a251deae86e12143.json,audio/senior/S29329/4727e304c6ed4047a251deae86e12143.wav
S29329,repeat_senior,퍼터커 반복 발음 과제 (어르신),1,퍼,senior_repeat_1764391748602_nhrc3doij,2025-11-29T04:49:08.737721+00:00,media/audio/senior/S29329/772d85030c7841a3bbf6e980e21361f5.json,audio/senior/S29329/772d85030c7841a3bbf6e980e21361f5.wav
S29329,repeat_senior,퍼터커 반복 발음 과제 (어르신),7,퍼터커,senior_repeat_1764391825699_5lxiijljx,2025-11-29T04:50:25.851397+00:00,media/audio/senior/S29329/ece1d263afce446fb49a90bf9f6b215e.json,audio/senior/S29329/ece1d263afce446fb49a90bf9f6b215e.wav
S29329,a_repeat_senior,아 반복 발음 과제 (어르신),,,session_1764391703289_o923cxyifpm,2025-11-29T04:48:23.451776+00:00,media/audio/senior/S29329/2d6facf0c60f4125ae9ea99df33f07ca.json,audio/senior/S29329/2d6facf0c60f4125ae9ea99df33f07ca.wav
S29329,repeat_senior,퍼터커 반복 발음 과제 (어르신),6,퍼터커,senior_repeat_1764391814571_3m8qwvuri,2025-11-29T04:50:14.714074+00:00,media/audio/senior/S29329/2a4eb81839cc4893bf0c63f9e91b27f4.json,audio/senior/S29329/2a4eb81839cc4893bf0c63f9e91b27f4.wav
S29329,repeat_senior,퍼터커 반복 발음 과제 (어르신),4,커,senior_repeat_1764391786576_5porh44gm,2025-11-29T04:49:46.731129+00:00,media/audio/senior/S29329/59d85887d85f4ee9827430492073c288.json,audio/senior/S29329/59d85887d85f4ee9827430492073c288.wav
S29329,repeat_senior,퍼터커 반복 발음 과제 (어르신),5,커,senior_repeat_1764391797715_c9tg3em05,2025-11-29T04:49:57.865512+00:00,media/audio/senior/S29329/fc6124f890124725b13c8910307721e2.json,audio/senior/S29329/fc6124f890124725b13c8910307721e2.wav
S29329,repeat_senior,퍼터커 반복 발음 과제 (어르신),3,터,senior_repeat_1764391772630_llzimhzqq,2025-11-29T04:49:32.774867+00:00,media/audio/senior/S29329/9bfd8e33d1ba44aa9ec48f0f7d3ca814.json,audio/senior/S29329/9bfd8e33d1ba44aa9ec48f0f7d3ca814.wav
S29329,repeat_senior,퍼터커 반복 발음 과제 (어르신),0,퍼,senior_repeat_1764391737660_hfu1cn386,2025-11-29T04:48:57.796484+00:00,media/audio/senior/S29329/9ece45d2465e4af7afdd23052d7d93fa.json,audio/senior/S29329/9ece45d2465e4af7afdd23052d7d93fa.wav
S29329,repeat_senior,퍼터커 반복 발음 과제 (어르신),2,터,senior_repeat_1764391762619_4gypxakjy,2025-11-29T04:49:22.762500+00:00,media/audio/senior/S29329/3792f849565245709371245f25581060.json,audio/senior/S29329/3792f849565245709371245f25581060.wav
S2602051257,repeat_senior,퍼터커 반복 발음 과제 (어르신),7,퍼터커,senior_repeat_1770264072302_khukhxrgi,2026-02-05T04:01:12.049185+00:00,media/audio/senior/S2602051257/7ce01364682b460fbb18acec4d48f1a5.json,audio/senior/S2602051257/7ce01364682b460fbb18acec4d48f1a5.wav
S2602051257,repeat_senior,퍼터커 반복 발음 과제 (어르신),1,퍼,senior_repeat_1770263996283_qa8x6bdlm,2026-02-05T03:59:56.357416+00:00,media/audio/senior/S2602051257/d05a700dccc746e6bde54674283e0315.json,audio/senior/S2602051257/d05a700dccc746e6bde54674283e0315.wav
S2602051257,repeat_senior,퍼터커 반복 발음 과제 (어르신),6,퍼터커,senior_repeat_1770264059922_sbvez6uvr,2026-02-05T04:00:59.627142+00:00,media/audio/senior/S2602051257/73195369fefd46a2803954184602b822.json,audio/senior/S2602051257/73195369fefd46a2803954184602b822.wav
S2602051257,repeat_senior,퍼터커 반복 발음 과제 (어르신),3,터,senior_repeat_1770264022677_rdff9dpgw,2026-02-05T04:00:22.892034+00:00,media/audio/senior/S2602051257/67aa4a52d617424e80731822a381c81e.json,audio/senior/S2602051257/67aa4a52d617424e80731822a381c81e.wav
S2602051257,repeat_senior,퍼터커 반복 발음 과제 (어르신),5,커,senior_repeat_1770264045130_u3tf6uskv,2026-02-05T04:00:44.958712+00:00,media/audio/senior/S2602051257/49d2c94ca9694c7da0dd03a8798ae15b.json,audio/senior/S2602051257/49d2c94ca9694c7da0dd03a8798ae15b.wav
S2602051257,a_repeat_senior,아 반복 발음 과제 (어르신),,,session_1770263953629_v3ngkxgjj9k,2026-02-05T03:59:13.446314+00:00,media/audio/senior/S2602051257/4a8c1a5e6d0d4d01a8b5584fca56457e.json,audio/senior/S2602051257/4a8c1a5e6d0d4d01a8b5584fca56457e.wav
S2602051257,a_repeat_senior,아 반복 발음 과제 (어르신),,,session_1770263964238_5em6hvaok2h,2026-02-05T03:59:24.381385+00:00,media/audio/senior/S2602051257/01bd914d02e049288e0f1ce1971883dd.json,audio/senior/S2602051257/01bd914d02e049288e0f1ce1971883dd.wav
S2602051257,repeat_senior,퍼터커 반복 발음 과제 (어르신),0,퍼,senior_repeat_1770263984613_6tglalo6i,2026-02-05T03:59:44.525912+00:00,media/audio/senior/S2602051257/8fe8e5780a494b1ba2ca435945f79d0c.json,audio/senior/S2602051257/8fe8e5780a494b1ba2ca435945f79d0c.wav
S2602051257,repeat_senior,퍼터커 반복 발음 과제 (어르신),4,커,senior_repeat_1770264034773_f0pv9a65q,2026-02-05T04:00:34.602065+00:00,media/audio/senior/S2602051257/f70f7e6b5ce8447293cad6de8538bab5.json,audio/senior/S2602051257/f70f7e6b5ce8447293cad6de8538bab5.wav
S2602051257,repeat_senior,퍼터커 반복 발음 과제 (어르신),2,터,senior_repeat_1770264009814_uh5iyxhy4,2026-02-05T04:00:09.723546+00:00,media/audio/senior/S2602051257/fdaf2eaca4c549848417ae3120a02ca6.json,audio/senior/S2602051257/fdaf2eaca4c549848417ae3120a02ca6.wav
S2602081408,a_repeat_senior,아 반복 발음 과제 (어르신),,,session_1770527403472_4rulbgzcras,2026-02-08T05:10:04.017980+00:00,media/audio/senior/S2602081408/da6958e8ea7f4c429c524853ff80020b.json,audio/senior/S2602081408/da6958e8ea7f4c429c524853ff80020b.wav
S2602081408,repeat_senior,퍼터커 반복 발음 과제 (어르신),1,퍼,senior_repeat_1770527440693_6x8qe3u7u,2026-02-08T05:10:41.205451+00:00,media/audio/senior/S2602081408/cfd8bce4bb1b4141b413a3a41857ff08.json,audio/senior/S2602081408/cfd8bce4bb1b4141b413a3a41857ff08.wav
S2602081408,a_repeat_senior,아 반복 발음 과제 (어르신),,,session_1770527389417_psqmt928jiq,2026-02-08T05:09:50.055304+00:00,media/audio/senior/S2602081408/1727d10bae7341ac96be51c574430160.json,audio/senior/S2602081408/1727d10bae7341ac96be51c574430160.wav
S2602081408,repeat_senior,퍼터커 반복 발음 과제 (어르신),7,퍼터커,senior_repeat_1770527509230_von0hy6zl,2026-02-08T05:11:49.743533+00:00,media/audio/senior/S2602081408/7a2e391fb3694634a547accf25ad433d.json,audio/senior/S2602081408/7a2e391fb3694634a547accf25ad433d.wav
S2602081408,repeat_senior,퍼터커 반복 발음 과제 (어르신),2,터,senior_repeat_1770527455079_85ks64nlu,2026-02-08T05:10:55.595603+00:00,media/audio/senior/S2602081408/a62249fe9fac4b5bb1efe48794fea5fb.json,audio/senior/S2602081408/a62249fe9fac4b5bb1efe48794fea5fb.wav
S2602081408,repeat_senior,퍼터커 반복 발음 과제 (어르신),5,커,senior_repeat_1770527487683_0wwab6l8o,2026-02-08T05:11:28.189846+00:00,media/audio/senior/S2602081408/dc0fc479855e49b7bfd715d1446c19c9.json,audio/senior/S2602081408/dc0fc479855e49b7bfd715d1446c19c9.wav
S2602081408,repeat_senior,퍼터커 반복 발음 과제 (어르신),3,터,senior_repeat_1770527464735_ic5o7ds92,2026-02-08T05:11:05.257067+00:00,media/audio/senior/S2602081408/5460794d30d444c897a574d6469b9255.json,audio/senior/S2602081408/5460794d30d444c897a574d6469b9255.wav
S2602081408,repeat_senior,퍼터커 반복 발음 과제 (어르신),6,퍼터커,senior_repeat_1770527500042_8o6p6tajy,2026-02-08T05:11:40.558310+00:00,media/audio/senior/S2602081408/73ffbdf5f72746da82817e053673c373.json,audio/senior/S2602081408/73ffbdf5f72746da82817e053673c373.wav
S2602081408,repeat_senior,퍼터커 반복 발음 과제 (어르신),0,퍼,senior_repeat_1770527430266_ycwgscqcz,2026-02-08T05:10:30.779563+00:00,media/audio/senior/S2602081408/b4ce40ad7ae94fd5b981de12dab795b2.json,audio/senior/S2602081408/b4ce40ad7ae94fd5b981de12dab795b2.wav
S2602081408,repeat_senior,퍼터커 반복 발음 과제 (어르신),4,커,senior_repeat_1770527477526_1thlfgp5d,2026-02-08T05:11:18.044795+00:00,media/audio/senior/S2602081408/bd763756b4df4e8886ecc7525a07d797.json,audio/senior/S2602081408/bd763756b4df4e8886ecc7525a07d797.wav
S48210,repeat_senior,퍼터커 반복 발음 과제 (어르신),6,퍼터커,senior_repeat_1761128283342_5ijtoob8g,2025-10-22T10:18:03.432827+00:00,media/audio/senior/S48210/6aef94823fbe4dc4a0d6e0e82f57263d.json,audio/senior/6aef94823fbe4dc4a0d6e0e82f57263d.wav
S48210,a_repeat_senior,아 반복 발음 과제 (어르신),,,session_1761128257842_qbzmeoc352,2025-10-22T10:17:37.940018+00:00,media/audio/senior/S48210/16d174a3182442b3af9e47810d8ee57b.json,audio/senior/16d174a3182442b3af9e47810d8ee57b.wav
S48210,a_repeat_senior,아 반복 발음 과제 (어르신),,,session_1761128355587_nng7zbsyqpg,2025-10-22T10:19:15.710796+00:00,media/audio/senior/S48210/20af36209b314d08874104230cd6e955.json,audio/senior/20af36209b314d08874104230cd6e955.wav
S48210,repeat_senior,퍼터커 반복 발음 과제 (어르신),3,터,senior_repeat_1761128274309_8mbz4v88n,2025-10-22T10:17:54.401018+00:00,media/audio/senior/S48210/e5677aff8427461fa18efff80b79a433.json,audio/senior/e5677aff8427461fa18efff80b79a433.wav
S48210,repeat_senior,퍼터커 반복 발음 과제 (어르신),0,퍼,senior_repeat_1761128319352_fcydm24dm,2025-10-22T10:18:39.452109+00:00,media/audio/senior/S48210/534bcea9050f45f784e592f01973bf1b.json,audio/senior/534bcea9050f45f784e592f01973bf1b.wav
S48210,repeat_senior,퍼터커 반복 발음 과제 (어르신),1,퍼,senior_repeat_1761128267674_edev9xmes,2025-10-22T10:17:47.766694+00:00,media/audio/senior/S48210/581e695dcbe14bacb6ff894f4530348c.json,audio/senior/581e695dcbe14bacb6ff894f4530348c.wav
S48210,repeat_senior,퍼터커 반복 발음 과제 (어르신),4,커,senior_repeat_1761128276965_uerey9tso,2025-10-22T10:17:57.051030+00:00,media/audio/senior/S48210/d6502dec7be34cebb22f4dbcca496f65.json,audio/senior/d6502dec7be34cebb22f4dbcca496f65.wav
S48210,repeat_senior,퍼터커 반복 발음 과제 (어르신),7,퍼터커,senior_repeat_1761128286441_agl3w65xz,2025-10-22T10:18:06.533085+00:00,media/audio/senior/S48210/38eb209d7a14408188d8cf797e1cc334.json,audio/senior/38eb209d7a14408188d8cf797e1cc334.wav
S48210,a_repeat_senior,아 반복 발음 과제 (어르신),,,session_1761128253902_b90z8trenue,2025-10-22T10:17:34.027163+00:00,media/audio/senior/S48210/3230a542654541c988ff5dfeb94f1ba0.json,audio/senior/3230a542654541c988ff5dfeb94f1ba0.wav
S48210,repeat_senior,퍼터커 반복 발음 과제 (어르신),2,터,senior_repeat_1761128270789_oidv9xnif,2025-10-22T10:17:50.882732+00:00,media/audio/senior/S48210/0fcc4c616d4d470ea3f73138d956c1f4.json,audio/senior/0fcc4c616d4d470ea3f73138d956c1f4.wav
S48210,repeat_senior,퍼터커 반복 발음 과제 (어르신),0,퍼,senior_repeat_1761128263913_l20rppwgx,2025-10-22T10:17:44.005554+00:00,media/audio/senior/S48210/62dad908aa8149d0a8dd8da5b30e7f58.json,audio/senior/62dad908aa8149d0a8dd8da5b30e7f58.wav
S48210,repeat_senior,퍼터커 반복 발음 과제 (어르신),5,커,senior_repeat_1761128279916_rji8csaxb,2025-10-22T10:18:00.039327+00:00,media/audio/senior/S48210/0f6784161a594e0094dc10fd220228af.json,audio/senior/0f6784161a594e0094dc10fd220228af.wav
S95368,a_repeat_senior,아 반복 발음 과제 (어르신),,,session_1761449471595_iyu9qo4t89,2025-10-26T03:31:08.374308+00:00,media/audio/senior/S95368/741141166c57498e9ad4b93bad12f007.json,audio/senior/741141166c57498e9ad4b93bad12f007.wav
S95368,repeat_senior,퍼터커 반복 발음 과제 (어르신),0,퍼,senior_repeat_1761449475836_lrookwdyi,2025-10-26T03:31:12.617593+00:00,media/audio/senior/S95368/935b2283556d419bab5806558b3b2247.json,audio/senior/935b2283556d419bab5806558b3b2247.wav
S95368,repeat_senior,퍼터커 반복 발음 과제 (어르신),6,퍼터커,senior_repeat_1761449498230_opnqs9wq7,2025-10-26T03:31:35.009519+00:00,media/audio/senior/S95368/0adc6e62948040b293ee534b359514b0.json,audio/senior/0adc6e62948040b293ee534b359514b0.wav
S95368,repeat_senior,퍼터커 반복 발음 과제 (어르신),3,터,senior_repeat_1761449486288_wdh0ya8t4,2025-10-26T03:31:23.058664+00:00,media/audio/senior/S95368/5c4cc74c10c14aefa8f386f8d08c716e.json,audio/senior/5c4cc74c10c14aefa8f386f8d08c716e.wav
S95368,repeat_senior,퍼터커 반복 발음 과제 (어르신),7,퍼터커,senior_repeat_1761449502605_n75vy7l6e,2025-10-26T03:31:39.400288+00:00,media/audio/senior/S95368/2224789b91fa46a49940f548d1cc4984.json,audio/senior/2224789b91fa46a49940f548d1cc4984.wav
S95368,repeat_senior,퍼터커 반복 발음 과제 (어르신),5,커,senior_repeat_1761449494155_s5n34h7i8,2025-10-26T03:31:30.937300+00:00,media/audio/senior/S95368/8e9d63855d074b88b9d6bbeb6a03a5ba.json,audio/senior/8e9d63855d074b88b9d6bbeb6a03a5ba.wav
S95368,repeat_senior,퍼터커 반복 발음 과제 (어르신),1,퍼,senior_repeat_1761449479721_o0lxhexvd,2025-10-26T03:31:16.504436+00:00,media/audio/senior/S95368/30c7f74bc7d04ec094697339059b0e54.json,audio/senior/30c7f74bc7d04ec094697339059b0e54.wav
S95368,a_repeat_senior,아 반복 발음 과제 (어르신),,,session_1761449467578_p1haiazzr8t,2025-10-26T03:31:04.375452+00:00,media/audio/senior/S95368/1e459694435e4377b72856bd225e2e0a.json,audio/senior/1e459694435e4377b72856bd225e2e0a.wav
S95368,repeat_senior,퍼터커 반복 발음 과제 (어르신),2,터,senior_repeat_1761449482887_4ko0jb823,2025-10-26T03:31:19.668186+00:00,media/audio/senior/S95368/7c81109901f24f79b82fac4cff19d7ae.json,audio/senior/7c81109901f24f79b82fac4cff19d7ae.wav
S95368,repeat_senior,퍼터커 반복 발음 과제 (어르신),4,커,senior_repeat_1761449489700_obx5zluot,2025-10-26T03:31:26.483325+00:00,media/audio/senior/S95368/78c31108a4fa4350af0c0badc9056299.json,audio/senior/78c31108a4fa4350af0c0badc9056299.wav
S2602091240,repeat_senior,퍼터커 반복 발음 과제 (어르신),7,퍼터커,senior_repeat_1770610110628_xxfdug90c,2026-02-09T04:08:30.012946+00:00,media/audio/senior/S2602091240/a84fcabccb55471daacac31035a10dfd.json,audio/senior/S2602091240/a84fcabccb55471daacac31035a10dfd.wav
S2602091240,repeat_senior,퍼터커 반복 발음 과제 (어르신),6,퍼터커,senior_repeat_1770610101138_nh32a2hvl,2026-02-09T04:08:20.522500+00:00,media/audio/senior/S2602091240/74828aa8c3804d37bce394d4a6bfcb44.json,audio/senior/S2602091240/74828aa8c3804d37bce394d4a6bfcb44.wav
S2602091240,repeat_senior,퍼터커 반복 발음 과제 (어르신),2,터,senior_repeat_1770610046128_93isi7dre,2026-02-09T04:07:25.382891+00:00,media/audio/senior/S2602091240/33ba6c85156244b79039c41f511e480e.json,audio/senior/S2602091240/33ba6c85156244b79039c41f511e480e.wav
S2602091240,repeat_senior,퍼터커 반복 발음 과제 (어르신),5,커,senior_repeat_1770610088414_jttxyi4sp,2026-02-09T04:08:07.895673+00:00,media/audio/senior/S2602091240/e705e3773e8c4b788951030b9b4e6ef4.json,audio/senior/S2602091240/e705e3773e8c4b788951030b9b4e6ef4.wav
S2602091240,repeat_senior,퍼터커 반복 발음 과제 (어르신),0,퍼,senior_repeat_1770610020660_jb2tsg5fp,2026-02-09T04:07:00.090983+00:00,media/audio/senior/S2602091240/5893541cfe5c42599cc020d2ed2d318c.json,audio/senior/S2602091240/5893541cfe5c42599cc020d2ed2d318c.wav
S2602091240,repeat_senior,퍼터커 반복 발음 과제 (어르신),1,퍼,senior_repeat_1770610031896_fpgnsggqf,2026-02-09T04:07:11.570072+00:00,media/audio/senior/S2602091240/f7b6708b05f848da8e33ee491cbe09cd.json,audio/senior/S2602091240/f7b6708b05f848da8e33ee491cbe09cd.wav
S2602091240,repeat_senior,퍼터커 반복 발음 과제 (어르신),4,커,senior_repeat_1770610070913_qpo9cw8it,2026-02-09T04:07:50.333411+00:00,media/audio/senior/S2602091240/bcc8b26d656e424990249f544d4e35ec.json,audio/senior/S2602091240/bcc8b26d656e424990249f544d4e35ec.wav
S2602091240,a_repeat_senior,아 반복 발음 과제 (어르신),,,session_1770610000486_mmfiez50zua,2026-02-09T04:06:39.991748+00:00,media/audio/senior/S2602091240/e0d06dee162549a5b8a065e4a5d49c9c.json,audio/senior/S2602091240/e0d06dee162549a5b8a065e4a5d49c9c.wav
S2602091240,a_repeat_senior,아 반복 발음 과제 (어르신),,,session_1770609987499_rjhv708kln,2026-02-09T04:06:26.964540+00:00,media/audio/senior/S2602091240/f388d5065e3146febefb398bc7e1b6d4.json,audio/senior/S2602091240/f388d5065e3146febefb398bc7e1b6d4.wav
S2602091240,repeat_senior,퍼터커 반복 발음 과제 (어르신),3,터,senior_repeat_1770610057424_3u2pxbkno,2026-02-09T04:07:36.855262+00:00,media/audio/senior/S2602091240/aff133afd5d34fb0a01d05491ed7f4a6.json,audio/senior/S2602091240/aff133afd5d34fb0a01d05491ed7f4a6.wav
S95852,repeat_senior,퍼터커 반복 발음 과제 (어르신),6,퍼터커,senior_repeat_1764310049174_5mwzw67vc,2025-11-28T06:07:29.617658+00:00,media/audio/senior/S95852/eb54333743164ae28c61d33970820647.json,audio/senior/S95852/eb54333743164ae28c61d33970820647.wav
S95852,a_repeat_senior,아 반복 발음 과제 (어르신),,,session_1764309892499_tuffkpquezc,2025-11-28T06:04:53.072347+00:00,media/audio/senior/S95852/824afa0af2af44b4b205ea47fbf63e35.json,audio/senior/S95852/824afa0af2af44b4b205ea47fbf63e35.wav
S95852,repeat_senior,퍼터커 반복 발음 과제 (어르신),3,터,senior_repeat_1764309975301_vdvpga08y,2025-11-28T06:06:15.784230+00:00,media/audio/senior/S95852/770ed163bfe64a619481f405ae9ddf8f.json,audio/senior/S95852/770ed163bfe64a619481f405ae9ddf8f.wav
S95852,repeat_senior,퍼터커 반복 발음 과제 (어르신),2,터,senior_repeat_1764309961494_rj3lteubn,2025-11-28T06:06:01.979190+00:00,media/audio/senior/S95852/d2b3825ebbca40a7b602518a7b0fcf29.json,audio/senior/S95852/d2b3825ebbca40a7b602518a7b0fcf29.wav
S95852,repeat_senior,퍼터커 반복 발음 과제 (어르신),5,커,senior_repeat_1764310008546_i5on2055v,2025-11-28T06:06:48.990026+00:00,media/audio/senior/S95852/eaffdc2f04364fea9d08e9087e1b6cd2.json,audio/senior/S95852/eaffdc2f04364fea9d08e9087e1b6cd2.wav
S95852,repeat_senior,퍼터커 반복 발음 과제 (어르신),7,퍼터커,senior_repeat_1764310061780_z116oxgoi,2025-11-28T06:07:42.534144+00:00,media/audio/senior/S95852/fd6c74cc3a804ad4931bc66493adbe2d.json,audio/senior/S95852/fd6c74cc3a804ad4931bc66493adbe2d.wav
S95852,repeat_senior,퍼터커 반복 발음 과제 (어르신),4,커,senior_repeat_1764309992609_skr1tie2z,2025-11-28T06:06:33.312288+00:00,media/audio/senior/S95852/79895e81b95c4dd0b7f16f992a680f60.json,audio/senior/S95852/79895e81b95c4dd0b7f16f992a680f60.wav
S95852,repeat_senior,퍼터커 반복 발음 과제 (어르신),0,퍼,senior_repeat_1764309930402_bh2txr0od,2025-11-28T06:05:30.875806+00:00,media/audio/senior/S95852/4f57b36cba8040a18e94513ef452574a.json,audio/senior/S95852/4f57b36cba8040a18e94513ef452574a.wav
S95852,a_repeat_senior,아 반복 발음 과제 (어르신),,,session_1764309908375_ruxpj5nw8xq,2025-11-28T06:05:09.252575+00:00,media/audio/senior/S95852/feed55704e60409a90719857b9634d77.json,audio/senior/S95852/feed55704e60409a90719857b9634d77.wav
S95852,repeat_senior,퍼터커 반복 발음 과제 (어르신),1,퍼,senior_repeat_1764309946506_bek64suec,2025-11-28T06:05:46.999960+00:00,media/audio/senior/S95852/a15c45e01e74445eb00e4b9228fba4bf.json,audio/senior/S95852/a15c45e01e74445eb00e4b9228fba4bf.wav
S53247,repeat_senior,퍼터커 반복 발음 과제 (어르신),5,커,senior_repeat_1765985938089_09dvzp3d1,2025-12-17T15:38:56.234202+00:00,media/audio/senior/S53247/148466bd09ee46caaed83bef1596967d.json,audio/senior/S53247/148466bd09ee46caaed83bef1596967d.wav
S53247,repeat_senior,퍼터커 반복 발음 과제 (어르신),2,터,senior_repeat_1765985888240_72cobwvwl,2025-12-17T15:38:06.374689+00:00,media/audio/senior/S53247/daf7a78548394f0ba23f2c3a72eaa028.json,audio/senior/S53247/daf7a78548394f0ba23f2c3a72eaa028.wav
S53247,repeat_senior,퍼터커 반복 발음 과제 (어르신),4,커,senior_repeat_1765985924672_fzn3jx0qk,2025-12-17T15:38:42.582725+00:00,media/audio/senior/S53247/b800b7e69a03429197ae2b8541315d22.json,audio/senior/S53247/b800b7e69a03429197ae2b8541315d22.wav
S53247,repeat_senior,퍼터커 반복 발음 과제 (어르신),7,퍼터커,senior_repeat_1765985963926_b62yel35p,2025-12-17T15:39:21.986060+00:00,media/audio/senior/S53247/3db6f444c8414f4eb30b7cf830cf65ce.json,audio/senior/S53247/3db6f444c8414f4eb30b7cf830cf65ce.wav
S53247,repeat_senior,퍼터커 반복 발음 과제 (어르신),6,퍼터커,senior_repeat_1765985951961_7nfzgzryr,2025-12-17T15:39:10.074082+00:00,media/audio/senior/S53247/d6a90d13470e4b86b272fbf72fd523c8.json,audio/senior/S53247/d6a90d13470e4b86b272fbf72fd523c8.wav
S53247,a_repeat_senior,아 반복 발음 과제 (어르신),,,session_1765985819121_om3nz91bc6l,2025-12-17T15:36:57.372910+00:00,media/audio/senior/S53247/605848713a524ad88c4cc0e241919af7.json,audio/senior/S53247/605848713a524ad88c4cc0e241919af7.wav
S53247,repeat_senior,퍼터커 반복 발음 과제 (어르신),1,퍼,senior_repeat_1765985872973_zbgyw34in,2025-12-17T15:37:51.135111+00:00,media/audio/senior/S53247/b0335aa2474e4dbca7289d17e1c62055.json,audio/senior/S53247/b0335aa2474e4dbca7289d17e1c62055.wav
S53247,repeat_senior,퍼터커 반복 발음 과제 (어르신),0,퍼,senior_repeat_1765985859624_niwokx2tl,2025-12-17T15:37:37.810631+00:00,media/audio/senior/S53247/1b6c9a5670e4404e8b01bba4db277021.json,audio/senior/S53247/1b6c9a5670e4404e8b01bba4db277021.wav
S53247,a_repeat_senior,아 반복 발음 과제 (어르신),,,session_1765985802572_rik2yohyj19,2025-12-17T15:36:40.703667+00:00,media/audio/senior/S53247/b0ff6030b6d542b6a68af927a2eeb424.json,audio/senior/S53247/b0ff6030b6d542b6a68af927a2eeb424.wav
S53247,repeat_senior,퍼터커 반복 발음 과제 (어르신),3,터,senior_repeat_1765985906510_h8pi0k6ho,2025-12-17T15:38:24.435760+00:00,media/audio/senior/S53247/cf710c39a1cb482a9e7e07f5b63188d0.json,audio/senior/S53247/cf710c39a1cb482a9e7e07f5b63188d0.wav
S24454,repeat_senior,퍼터커 반복 발음 과제 (어르신),2,터,senior_repeat_1769737860027_a37qw2fj3,2026-01-30T01:50:57.718685+00:00,media/audio/senior/S24454/745de35109e54f23b3c0437f4712b522.json,audio/senior/S24454/745de35109e54f23b3c0437f4712b522.wav
S24454,repeat_senior,퍼터커 반복 발음 과제 (어르신),1,퍼,senior_repeat_1769737848880_08ylpw01w,2026-01-30T01:50:46.573120+00:00,media/audio/senior/S24454/05a02dbeb83244a3941be9948d571fe1.json,audio/senior/S24454/05a02dbeb83244a3941be9948d571fe1.wav
S24454,repeat_senior,퍼터커 반복 발음 과제 (어르신),7,퍼터커,senior_repeat_1769737926703_qpsv0vbe3,2026-01-30T01:52:04.398046+00:00,media/audio/senior/S24454/cbedc907e8234d7e903d15349cf5bbf7.json,audio/senior/S24454/cbedc907e8234d7e903d15349cf5bbf7.wav
S24454,repeat_senior,퍼터커 반복 발음 과제 (어르신),6,퍼터커,senior_repeat_1769737911631_9m9s6hdhu,2026-01-30T01:51:49.292541+00:00,media/audio/senior/S24454/60a703dfabcc4c83aff510f8dffa8f9e.json,audio/senior/S24454/60a703dfabcc4c83aff510f8dffa8f9e.wav
S24454,repeat_senior,퍼터커 반복 발음 과제 (어르신),3,터,senior_repeat_1769737870141_qxmuko4s9,2026-01-30T01:51:07.841903+00:00,media/audio/senior/S24454/2f03a4aa55ce4a789eee955e1adf8900.json,audio/senior/S24454/2f03a4aa55ce4a789eee955e1adf8900.wav
S24454,a_repeat_senior,아 반복 발음 과제 (어르신),,,session_1769737821316_arh6i6w9b5u,2026-01-30T01:50:19.028828+00:00,media/audio/senior/S24454/49eaf018d6294712b563b318f223c4e1.json,audio/senior/S24454/49eaf018d6294712b563b318f223c4e1.wav
S24454,repeat_senior,퍼터커 반복 발음 과제 (어르신),5,커,senior_repeat_1769737901684_70qapgpzd,2026-01-30T01:51:39.372275+00:00,media/audio/senior/S24454/aea04f5eb6794881968fba0f7750f3ab.json,audio/senior/S24454/aea04f5eb6794881968fba0f7750f3ab.wav
S24454,repeat_senior,퍼터커 반복 발음 과제 (어르신),4,커,senior_repeat_1769737887012_2nif87iwg,2026-01-30T01:51:24.683067+00:00,media/audio/senior/S24454/f2d9eb2ed6224c519692336dcebaa1b4.json,audio/senior/S24454/f2d9eb2ed6224c519692336dcebaa1b4.wav
S24454,a_repeat_senior,아 반복 발음 과제 (어르신),,,session_1769737810668_com2tmi3hw6,2026-01-30T01:50:08.428912+00:00,media/audio/senior/S24454/a23d2fd1891c4ab084f9981850b5d2af.json,audio/senior/S24454/a23d2fd1891c4ab084f9981850b5d2af.wav
S24454,repeat_senior,퍼터커 반복 발음 과제 (어르신),0,퍼,senior_repeat_1769737835655_qvbo8ehge,2026-01-30T01:50:33.346404+00:00,media/audio/senior/S24454/9dc49f570c9b420798a58c133e1645a4.json,audio/senior/S24454/9dc49f570c9b420798a58c133e1645a4.wav
S44574,repeat_senior,퍼터커 반복 발음 과제 (어르신),7,퍼터커,senior_repeat_1763950223608_g5jwgpasi,2025-11-24T02:10:23.977807+00:00,media/audio/senior/S44574/0d0d3af785f94453a31906901b6bf1e7.json,audio/senior/0d0d3af785f94453a31906901b6bf1e7.wav
S44574,repeat_senior,퍼터커 반복 발음 과제 (어르신),3,터,senior_repeat_1763950176784_bkvoum5qs,2025-11-24T02:09:36.959600+00:00,media/audio/senior/S44574/a2bd47d1f8174381a37aa836e17e6c6d.json,audio/senior/a2bd47d1f8174381a37aa836e17e6c6d.wav
S44574,repeat_senior,퍼터커 반복 발음 과제 (어르신),6,퍼터커,senior_repeat_1763950212839_w95kexzoz,2025-11-24T02:10:13.017839+00:00,media/audio/senior/S44574/d21b684d6c684845b625cb2dce81fa2b.json,audio/senior/d21b684d6c684845b625cb2dce81fa2b.wav
S44574,repeat_senior,퍼터커 반복 발음 과제 (어르신),2,터,senior_repeat_1763950166457_rjf3qr9s4,2025-11-24T02:09:26.632749+00:00,media/audio/senior/S44574/356ecd304adc49c984beecc0dc85868b.json,audio/senior/356ecd304adc49c984beecc0dc85868b.wav
S44574,a_repeat_senior,아 반복 발음 과제 (어르신),,,session_1763950109204_k7cj9vd8weh,2025-11-24T02:08:29.774084+00:00,media/audio/senior/S44574/50921878ea92468aaf6967ac324792d5.json,audio/senior/50921878ea92468aaf6967ac324792d5.wav
S44574,repeat_senior,퍼터커 반복 발음 과제 (어르신),1,퍼,senior_repeat_1763950155586_zzf0zifck,2025-11-24T02:09:15.768357+00:00,media/audio/senior/S44574/4be79b0d49254347a0c0d8ccc74c0e22.json,audio/senior/4be79b0d49254347a0c0d8ccc74c0e22.wav
S44574,repeat_senior,퍼터커 반복 발음 과제 (어르신),4,커,senior_repeat_1763950187952_mcnl2rr14,2025-11-24T02:09:48.408283+00:00,media/audio/senior/S44574/7336edb9031f431280c7604bd4fa73e8.json,audio/senior/7336edb9031f431280c7604bd4fa73e8.wav
S44574,a_repeat_senior,아 반복 발음 과제 (어르신),,,session_1763950124343_nmd3qs1n04,2025-11-24T02:08:44.918918+00:00,media/audio/senior/S44574/9bbffc3a1d154b1795121e5457475fca.json,audio/senior/9bbffc3a1d154b1795121e5457475fca.wav
S44574,repeat_senior,퍼터커 반복 발음 과제 (어르신),5,커,senior_repeat_1763950197523_7hw84kck6,2025-11-24T02:09:57.716738+00:00,media/audio/senior/S44574/55e21995e263428bb8fa1d4de6154c7e.json,audio/senior/55e21995e263428bb8fa1d4de6154c7e.wav
S44574,repeat_senior,퍼터커 반복 발음 과제 (어르신),0,퍼,senior_repeat_1763950145499_d8300qbg8,2025-11-24T02:09:06.034032+00:00,media/audio/senior/S44574/33a95d0384eb4a2197922ae67281f308.json,audio/senior/33a95d0384eb4a2197922ae67281f308.wav
S60789,repeat_senior,퍼터커 반복 발음 과제 (어르신),1,퍼,senior_repeat_1764290780088_v8u536rmv,2025-11-28T00:46:18.384410+00:00,media/audio/senior/S60789/da32f453f75e48c38a2362e6ba2c7db9.json,audio/senior/S60789/da32f453f75e48c38a2362e6ba2c7db9.wav
S60789,repeat_senior,퍼터커 반복 발음 과제 (어르신),7,퍼터커,senior_repeat_1764290849561_uyj0pbrdz,2025-11-28T00:47:27.869465+00:00,media/audio/senior/S60789/59d0584e613f4a8fa8307ee32b050a34.json,audio/senior/S60789/59d0584e613f4a8fa8307ee32b050a34.wav
S60789,repeat_senior,퍼터커 반복 발음 과제 (어르신),4,커,senior_repeat_1764290813971_oywvid4sx,2025-11-28T00:46:52.260221+00:00,media/audio/senior/S60789/8b59968f7b1b458082a11c5cd8eecafe.json,audio/senior/S60789/8b59968f7b1b458082a11c5cd8eecafe.wav
S60789,repeat_senior,퍼터커 반복 발음 과제 (어르신),0,퍼,senior_repeat_1764290770493_19ckudxyn,2025-11-28T00:46:08.778509+00:00,media/audio/senior/S60789/5b4f9b4fb1244f3d90443721e765863e.json,audio/senior/S60789/5b4f9b4fb1244f3d90443721e765863e.wav
S60789,repeat_senior,퍼터커 반복 발음 과제 (어르신),5,커,senior_repeat_1764290825336_j11snnyd9,2025-11-28T00:47:03.640206+00:00,media/audio/senior/S60789/614c82faa31d48d6bd5aaef17ff54aab.json,audio/senior/S60789/614c82faa31d48d6bd5aaef17ff54aab.wav
S60789,repeat_senior,퍼터커 반복 발음 과제 (어르신),6,퍼터커,senior_repeat_1764290838613_dzltfl78x,2025-11-28T00:47:16.914907+00:00,media/audio/senior/S60789/0bfa80ef442e49d59ec6558731a5c61f.json,audio/senior/S60789/0bfa80ef442e49d59ec6558731a5c61f.wav
S60789,a_repeat_senior,아 반복 발음 과제 (어르신),,,session_1764290739979_1c3fulo3ql2,2025-11-28T00:45:38.339432+00:00,media/audio/senior/S60789/ee876e267ca2423ca21d7c3b548ab410.json,audio/senior/S60789/ee876e267ca2423ca21d7c3b548ab410.wav
S60789,repeat_senior,퍼터커 반복 발음 과제 (어르신),3,터,senior_repeat_1764290803397_fmyp46zob,2025-11-28T00:46:41.682218+00:00,media/audio/senior/S60789/dd9fb181d5874c56a5d8a48ac463497c.json,audio/senior/S60789/dd9fb181d5874c56a5d8a48ac463497c.wav
S60789,repeat_senior,퍼터커 반복 발음 과제 (어르신),2,터,senior_repeat_1764290792644_jxvq7qycr,2025-11-28T00:46:30.926009+00:00,media/audio/senior/S60789/d0ac585d59ad419dafe768dad42e15a7.json,audio/senior/S60789/d0ac585d59ad419dafe768dad42e15a7.wav
S60789,a_repeat_senior,아 반복 발음 과제 (어르신),,,session_1764290753953_8ibkgxsar2x,2025-11-28T00:45:52.241934+00:00,media/audio/senior/S60789/6b5d05ad8aeb4bb39020b52c7b904d7f.json,audio/senior/S60789/6b5d05ad8aeb4bb39020b52c7b904d7f.wav
S2602090928,repeat_senior,퍼터커 반복 발음 과제 (어르신),4,커,senior_repeat_1770598032658_uo3oojxbs,2026-02-09T00:47:12.819372+00:00,media/audio/senior/S2602090928/87099ed9f6cd49c6b52577d0aea1848d.json,audio/senior/S2602090928/87099ed9f6cd49c6b52577d0aea1848d.wav
S2602090928,a_repeat_senior,아 반복 발음 과제 (어르신),,,session_1770597957405_nwr0bu61s7o,2026-02-09T00:45:57.597884+00:00,media/audio/senior/S2602090928/da2298b954ac4a41b77e3da7bbf2ed70.json,audio/senior/S2602090928/da2298b954ac4a41b77e3da7bbf2ed70.wav
S2602090928,repeat_senior,퍼터커 반복 발음 과제 (어르신),1,퍼,senior_repeat_1770597997677_l9lng6cl1,2026-02-09T00:46:37.654934+00:00,media/audio/senior/S2602090928/a68ba458ace641e58d951a97a1ec665c.json,audio/senior/S2602090928/a68ba458ace641e58d951a97a1ec665c.wav
S2602090928,repeat_senior,퍼터커 반복 발음 과제 (어르신),5,커,senior_repeat_1770598042604_d99ki82n5,2026-02-09T00:47:22.794548+00:00,media/audio/senior/S2602090928/b073b6e8748d4b40b7579bb2bc5a6cd8.json,audio/senior/S2602090928/b073b6e8748d4b40b7579bb2bc5a6cd8.wav
S2602090928,repeat_senior,퍼터커 반복 발음 과제 (어르신),0,퍼,senior_repeat_1770597987389_t900u6krz,2026-02-09T00:46:27.750875+00:00,media/audio/senior/S2602090928/b033394dc285417792239cab35b8c6f1.json,audio/senior/S2602090928/b033394dc285417792239cab35b8c6f1.wav
S2602090928,a_repeat_senior,아 반복 발음 과제 (어르신),,,session_1770597940677_eyec8xibykw,2026-02-09T00:45:41.205805+00:00,media/audio/senior/S2602090928/b3ce2b33681f40018de589f0e9dcc86e.json,audio/senior/S2602090928/b3ce2b33681f40018de589f0e9dcc86e.wav
S2602090928,repeat_senior,퍼터커 반복 발음 과제 (어르신),6,퍼터커,senior_repeat_1770598057513_tdzyvpj3y,2026-02-09T00:47:37.730063+00:00,media/audio/senior/S2602090928/702a80c8c17e4c5aae7c7c1a73413767.json,audio/senior/S2602090928/702a80c8c17e4c5aae7c7c1a73413767.wav
S2602090928,repeat_senior,퍼터커 반복 발음 과제 (어르신),3,터,senior_repeat_1770598020974_a3rpi8co7,2026-02-09T00:47:01.096777+00:00,media/audio/senior/S2602090928/f07813f85502414fb8d10d5c3340dd5a.json,audio/senior/S2602090928/f07813f85502414fb8d10d5c3340dd5a.wav
S2602090928,repeat_senior,퍼터커 반복 발음 과제 (어르신),2,터,senior_repeat_1770598011385_8tfa16wrq,2026-02-09T00:46:51.307792+00:00,media/audio/senior/S2602090928/3b6de6a48b7e4f4fb4a382072a14c961.json,audio/senior/S2602090928/3b6de6a48b7e4f4fb4a382072a14c961.wav
S2602090928,repeat_senior,퍼터커 반복 발음 과제 (어르신),7,퍼터커,senior_repeat_1770598068084_j7hbugmj1,2026-02-09T00:47:48.377770+00:00,media/audio/senior/S2602090928/c27b32b5359447b4a5e914b3b431fef1.json,audio/senior/S2602090928/c27b32b5359447b4a5e914b3b431fef1.wav
S2602161528,repeat_senior,퍼터커 반복 발음 과제 (어르신),5,커,senior_repeat_1771223414227_4fna39zw4,2026-02-16T06:30:14.705972+00:00,media/audio/senior/S2602161528/3eb5d1ddbff34c69825d5bda510e8e76.json,audio/senior/S2602161528/3eb5d1ddbff34c69825d5bda510e8e76.wav
S2602161528,a_repeat_senior,아 반복 발음 과제 (어르신),,,session_1771223350646_be95bxz0ct8,2026-02-16T06:29:11.151944+00:00,media/audio/senior/S2602161528/460839818dd94adaa849aab819ceada8.json,audio/senior/S2602161528/460839818dd94adaa849aab819ceada8.wav
S2602161528,repeat_senior,퍼터커 반복 발음 과제 (어르신),0,퍼,senior_repeat_1771223368726_q5cpl69l4,2026-02-16T06:29:29.223540+00:00,media/audio/senior/S2602161528/7cae8d24bf6140ea87cfbde581205e51.json,audio/senior/S2602161528/7cae8d24bf6140ea87cfbde581205e51.wav
S2602161528,repeat_senior,퍼터커 반복 발음 과제 (어르신),6,퍼터커,senior_repeat_1771223424233_4z8arfwkb,2026-02-16T06:30:24.735882+00:00,media/audio/senior/S2602161528/505fadc5913548e0b17ce80b5f0e5eb2.json,audio/senior/S2602161528/505fadc5913548e0b17ce80b5f0e5eb2.wav
S2602161528,a_repeat_senior,아 반복 발음 과제 (어르신),,,session_1771223358265_kanrw7yluct,2026-02-16T06:29:18.756938+00:00,media/audio/senior/S2602161528/9e6b4febe2dc409bbe8116efeed936ee.json,audio/senior/S2602161528/9e6b4febe2dc409bbe8116efeed936ee.wav
S2602161528,repeat_senior,퍼터커 반복 발음 과제 (어르신),2,터,senior_repeat_1771223391076_49xgbv4w1,2026-02-16T06:29:51.577013+00:00,media/audio/senior/S2602161528/e6445d0eaddf4cd8bd982503e386ccd2.json,audio/senior/S2602161528/e6445d0eaddf4cd8bd982503e386ccd2.wav
S2602161528,repeat_senior,퍼터커 반복 발음 과제 (어르신),7,퍼터커,senior_repeat_1771223433154_n8ccdhkin,2026-02-16T06:30:33.641954+00:00,media/audio/senior/S2602161528/0d9b5a904fb04ee3ac6a5f2b266c6a89.json,audio/senior/S2602161528/0d9b5a904fb04ee3ac6a5f2b266c6a89.wav
S2602161528,repeat_senior,퍼터커 반복 발음 과제 (어르신),1,퍼,senior_repeat_1771223380127_3tdwptibl,2026-02-16T06:29:40.616021+00:00,media/audio/senior/S2602161528/2c0298b784ce48ff971ccb38f386d5a3.json,audio/senior/S2602161528/2c0298b784ce48ff971ccb38f386d5a3.wav
S2602161528,repeat_senior,퍼터커 반복 발음 과제 (어르신),4,커,senior_repeat_1771223406821_azp8mbibk,2026-02-16T06:30:07.319213+00:00,media/audio/senior/S2602161528/9316f5d778cf4f098abf86b44bc41341.json,audio/senior/S2602161528/9316f5d778cf4f098abf86b44bc41341.wav
S2602161528,repeat_senior,퍼터커 반복 발음 과제 (어르신),3,터,senior_repeat_1771223398514_sbsrnz40z,2026-02-16T06:29:59.003769+00:00,media/audio/senior/S2602161528/edfa1cbaed474d00b9226722c86c69b9.json,audio/senior/S2602161528/edfa1cbaed474d00b9226722c86c69b9.wav
S51286,a_repeat_senior,아 반복 발음 과제 (어르신),,,session_1763882179497_kchr8vbmgs,2025-11-23T07:16:19.457798+00:00,media/audio/senior/S51286/340f28467e60459a9dd543ae78b4bf49.json,audio/senior/340f28467e60459a9dd543ae78b4bf49.wav
S51286,a_repeat_senior,아 반복 발음 과제 (어르신),,,session_1763882169040_5uvshuvkwws,2025-11-23T07:16:09.005719+00:00,media/audio/senior/S51286/dd574ed0a1dd48e99651ba4593e510d4.json,audio/senior/dd574ed0a1dd48e99651ba4593e510d4.wav
S51286,repeat_senior,퍼터커 반복 발음 과제 (어르신),0,퍼,senior_repeat_1763882200840_fzsojmuyd,2025-11-23T07:16:40.796995+00:00,media/audio/senior/S51286/7ed50c10281c46b5a4b4c09036a3f546.json,audio/senior/7ed50c10281c46b5a4b4c09036a3f546.wav
S51286,repeat_senior,퍼터커 반복 발음 과제 (어르신),3,터,senior_repeat_1763882233602_dy6j5p83r,2025-11-23T07:17:13.551565+00:00,media/audio/senior/S51286/01c5318a343d41e9a03fda31645624d9.json,audio/senior/01c5318a343d41e9a03fda31645624d9.wav
S51286,repeat_senior,퍼터커 반복 발음 과제 (어르신),1,퍼,senior_repeat_1763882211826_64hgpek4q,2025-11-23T07:16:51.791067+00:00,media/audio/senior/S51286/48a7572d72584aafa30c7c17036c1877.json,audio/senior/48a7572d72584aafa30c7c17036c1877.wav
S51286,repeat_senior,퍼터커 반복 발음 과제 (어르신),2,터,senior_repeat_1763882223263_6t0d7d3sm,2025-11-23T07:17:03.212958+00:00,media/audio/senior/S51286/2d2c894489cc4febb8ed3fd72aa356df.json,audio/senior/2d2c894489cc4febb8ed3fd72aa356df.wav
S51286,repeat_senior,퍼터커 반복 발음 과제 (어르신),4,커,senior_repeat_1763882244581_46e3jyrrx,2025-11-23T07:17:24.533497+00:00,media/audio/senior/S51286/72f7acebb73c44289926095c01b64d87.json,audio/senior/72f7acebb73c44289926095c01b64d87.wav
S51286,repeat_senior,퍼터커 반복 발음 과제 (어르신),5,커,senior_repeat_1763882254835_7ai37sxu4,2025-11-23T07:17:34.794579+00:00,media/audio/senior/S51286/5653d6a151ac44239bab94c6151b6cab.json,audio/senior/5653d6a151ac44239bab94c6151b6cab.wav
S51286,repeat_senior,퍼터커 반복 발음 과제 (어르신),6,퍼터커,senior_repeat_1763882265451_ty06tm5c8,2025-11-23T07:17:45.403968+00:00,media/audio/senior/S51286/127fe711c6cf4879b64bef5adca4fb2e.json,audio/senior/127fe711c6cf4879b64bef5adca4fb2e.wav
S51286,repeat_senior,퍼터커 반복 발음 과제 (어르신),7,퍼터커,senior_repeat_1763882275264_krwxf6nvu,2025-11-23T07:17:55.219621+00:00,media/audio/senior/S51286/c0b795fc1ba141c08f7c38cfb22e8c3f.json,audio/senior/c0b795fc1ba141c08f7c38cfb22e8c3f.wav
S2602121204,repeat_senior,퍼터커 반복 발음 과제 (어르신),3,터,senior_repeat_1770865674664_uwfrzc1m5,2026-02-12T03:07:49.901030+00:00,media/audio/senior/S2602121204/1547e136904748c2a7ef5a02a09dbeae.json,audio/senior/S2602121204/1547e136904748c2a7ef5a02a09dbeae.wav
S2602121204,a_repeat_senior,아 반복 발음 과제 (어르신),,,session_1770865611506_1gi58yfermh,2026-02-12T03:06:46.747836+00:00,media/audio/senior/S2602121204/c1ebedba8f7c493ea5203855e6a8fcfc.json,audio/senior/S2602121204/c1ebedba8f7c493ea5203855e6a8fcfc.wav
S2602121204,repeat_senior,퍼터커 반복 발음 과제 (어르신),2,터,senior_repeat_1770865663993_ciqru0k0w,2026-02-12T03:07:39.179536+00:00,media/audio/senior/S2602121204/20d24e0b88d34b73826b7fd42a9e5119.json,audio/senior/S2602121204/20d24e0b88d34b73826b7fd42a9e5119.wav
S2602121204,repeat_senior,퍼터커 반복 발음 과제 (어르신),7,퍼터커,senior_repeat_1770865727018_y27hjqnof,2026-02-12T03:08:42.092990+00:00,media/audio/senior/S2602121204/0b8120985fb54ea69c38cd272a019031.json,audio/senior/S2602121204/0b8120985fb54ea69c38cd272a019031.wav
S2602121204,repeat_senior,퍼터커 반복 발음 과제 (어르신),0,퍼,senior_repeat_1770865637026_bxpg4en7p,2026-02-12T03:07:11.958110+00:00,media/audio/senior/S2602121204/e0ae2513a95a4916b128282e22851b09.json,audio/senior/S2602121204/e0ae2513a95a4916b128282e22851b09.wav
S2602121204,repeat_senior,퍼터커 반복 발음 과제 (어르신),4,커,senior_repeat_1770865688689_kozhlf0dp,2026-02-12T03:08:03.758561+00:00,media/audio/senior/S2602121204/66bf551acbbc422eb8749e0670f57b2f.json,audio/senior/S2602121204/66bf551acbbc422eb8749e0670f57b2f.wav
S2602121204,repeat_senior,퍼터커 반복 발음 과제 (어르신),5,커,senior_repeat_1770865699684_xn0hafof7,2026-02-12T03:08:14.624859+00:00,media/audio/senior/S2602121204/15880895404b4f5da40a7c160507f873.json,audio/senior/S2602121204/15880895404b4f5da40a7c160507f873.wav
S2602121204,repeat_senior,퍼터커 반복 발음 과제 (어르신),6,퍼터커,senior_repeat_1770865715366_jg48h8uxm,2026-02-12T03:08:30.847770+00:00,media/audio/senior/S2602121204/c737ca5edf7f4da98d3c7adf0063c15e.json,audio/senior/S2602121204/c737ca5edf7f4da98d3c7adf0063c15e.wav
S2602121204,a_repeat_senior,아 반복 발음 과제 (어르신),,,session_1770865596877_cnen72p5nnb,2026-02-12T03:06:32.294858+00:00,media/audio/senior/S2602121204/c7d3440ba77e4955a326ffa83cfbcf55.json,audio/senior/S2602121204/c7d3440ba77e4955a326ffa83cfbcf55.wav
S2602121204,repeat_senior,퍼터커 반복 발음 과제 (어르신),1,퍼,senior_repeat_1770865648319_l5zbkfdz2,2026-02-12T03:07:23.248372+00:00,media/audio/senior/S2602121204/325c8664f6a44950978fe753f4a18c4b.json,audio/senior/S2602121204/325c8664f6a44950978fe753f4a18c4b.wav
S19670,a_repeat_senior,아 반복 발음 과제 (어르신),,,session_1764492010478_ks3ku2sqd1,2025-11-30T08:40:09.521596+00:00,media/audio/senior/S19670/aa68c34995fb499e86f8214a33e92ff7.json,audio/senior/S19670/aa68c34995fb499e86f8214a33e92ff7.wav
S19670,repeat_senior,퍼터커 반복 발음 과제 (어르신),0,퍼,senior_repeat_1764492031295_v9i20bib6,2025-11-30T08:40:29.648316+00:00,media/audio/senior/S19670/6df09729d9054feea783af89c47a9ec7.json,audio/senior/S19670/6df09729d9054feea783af89c47a9ec7.wav
S19670,repeat_senior,퍼터커 반복 발음 과제 (어르신),7,퍼터커,senior_repeat_1764492122903_8oxj796cj,2025-11-30T08:42:00.770751+00:00,media/audio/senior/S19670/18eb7d500d5a4122b8742ac0c5718322.json,audio/senior/S19670/18eb7d500d5a4122b8742ac0c5718322.wav
S19670,repeat_senior,퍼터커 반복 발음 과제 (어르신),2,터,senior_repeat_1764492056051_3w9gp0fb8,2025-11-30T08:40:54.238875+00:00,media/audio/senior/S19670/901c3afe71744485b3de2c911aba94ab.json,audio/senior/S19670/901c3afe71744485b3de2c911aba94ab.wav
S19670,repeat_senior,퍼터커 반복 발음 과제 (어르신),4,커,senior_repeat_1764492081457_vh3d0ajdi,2025-11-30T08:41:19.784840+00:00,media/audio/senior/S19670/abefde079d2645d593f6a284976526e4.json,audio/senior/S19670/abefde079d2645d593f6a284976526e4.wav
S19670,a_repeat_senior,아 반복 발음 과제 (어르신),,,session_1764491990882_6369nxktz5q,2025-11-30T08:39:51.223764+00:00,media/audio/senior/S19670/9d90afe2e61f4e6cb00460377b2cbba9.json,audio/senior/S19670/9d90afe2e61f4e6cb00460377b2cbba9.wav
S19670,repeat_senior,퍼터커 반복 발음 과제 (어르신),5,커,senior_repeat_1764492092960_ajpsa2qa2,2025-11-30T08:41:33.693105+00:00,media/audio/senior/S19670/bc00ad48d30d49c1a1371251529da9cf.json,audio/senior/S19670/bc00ad48d30d49c1a1371251529da9cf.wav
S19670,repeat_senior,퍼터커 반복 발음 과제 (어르신),6,퍼터커,senior_repeat_1764492109200_guuhf4bwq,2025-11-30T08:41:48.687659+00:00,media/audio/senior/S19670/d2134ed52bac47f7a3a11bd0f10f8df1.json,audio/senior/S19670/d2134ed52bac47f7a3a11bd0f10f8df1.wav
S19670,repeat_senior,퍼터커 반복 발음 과제 (어르신),3,터,senior_repeat_1764492066501_mqyxocr40,2025-11-30T08:41:05.323858+00:00,media/audio/senior/S19670/c68cc9c7c97949a9810ab383839d7592.json,audio/senior/S19670/c68cc9c7c97949a9810ab383839d7592.wav
S19670,repeat_senior,퍼터커 반복 발음 과제 (어르신),1,퍼,senior_repeat_1764492042666_vsv0kjjxb,2025-11-30T08:40:40.941452+00:00,media/audio/senior/S19670/51e719f372294c02825e26b45a665771.json,audio/senior/S19670/51e719f372294c02825e26b45a665771.wav
S74084,repeat_senior,퍼터커 반복 발음 과제 (어르신),1,퍼,senior_repeat_1764830510791_go57zu9ly,2025-12-04T06:41:49.430855+00:00,media/audio/senior/S74084/482dd0c3602e4311b10dac10945773e8.json,audio/senior/S74084/482dd0c3602e4311b10dac10945773e8.wav
S74084,repeat_senior,퍼터커 반복 발음 과제 (어르신),6,퍼터커,senior_repeat_1764830590521_7ulxshbxf,2025-12-04T06:43:09.060359+00:00,media/audio/senior/S74084/6d93ad6cf3dc4225b50ddb4bb01f1677.json,audio/senior/S74084/6d93ad6cf3dc4225b50ddb4bb01f1677.wav
S74084,repeat_senior,퍼터커 반복 발음 과제 (어르신),7,퍼터커,senior_repeat_1764830602704_8auwn2c5m,2025-12-04T06:43:21.303204+00:00,media/audio/senior/S74084/58ad763c96c84ccc9e3f32142488ad3d.json,audio/senior/S74084/58ad763c96c84ccc9e3f32142488ad3d.wav
S74084,a_repeat_senior,아 반복 발음 과제 (어르신),,,session_1764830473591_lyxbr4ggpfb,2025-12-04T06:41:12.260224+00:00,media/audio/senior/S74084/b8272e4594bb4ecc86245b8ad84ea5b9.json,audio/senior/S74084/b8272e4594bb4ecc86245b8ad84ea5b9.wav
S74084,repeat_senior,퍼터커 반복 발음 과제 (어르신),3,터,senior_repeat_1764830540268_vhmt2ogbx,2025-12-04T06:42:18.854179+00:00,media/audio/senior/S74084/2850960540bf463fa3248088c93fa815.json,audio/senior/S74084/2850960540bf463fa3248088c93fa815.wav
S74084,repeat_senior,퍼터커 반복 발음 과제 (어르신),4,커,senior_repeat_1764830552270_azw2g7ore,2025-12-04T06:42:30.913905+00:00,media/audio/senior/S74084/41587bada4304e709e260b14844c835e.json,audio/senior/S74084/41587bada4304e709e260b14844c835e.wav
S74084,repeat_senior,퍼터커 반복 발음 과제 (어르신),2,터,senior_repeat_1764830528917_vj502j3pd,2025-12-04T06:42:07.518439+00:00,media/audio/senior/S74084/bfdd43d3436746e0baedb236a376680f.json,audio/senior/S74084/bfdd43d3436746e0baedb236a376680f.wav
S74084,a_repeat_senior,아 반복 발음 과제 (어르신),,,session_1764830483415_z3gcb6qe0kn,2025-12-04T06:41:21.984088+00:00,media/audio/senior/S74084/00a87fe111f94764a6440a2c2d4bfd51.json,audio/senior/S74084/00a87fe111f94764a6440a2c2d4bfd51.wav
S74084,repeat_senior,퍼터커 반복 발음 과제 (어르신),0,퍼,senior_repeat_1764830500096_9rjp298w8,2025-12-04T06:41:38.689800+00:00,media/audio/senior/S74084/dd743b2ef4e74f5a9fc9e3f5b225f159.json,audio/senior/S74084/dd743b2ef4e74f5a9fc9e3f5b225f159.wav
S74084,repeat_senior,퍼터커 반복 발음 과제 (어르신),5,커,senior_repeat_1764830565538_4ets6hhmk,2025-12-04T06:42:44.178299+00:00,media/audio/senior/S74084/8a31f33bab3640b1a5977b56de1382c2.json,audio/senior/S74084/8a31f33bab3640b1a5977b56de1382c2.wav
S2602011929,repeat_senior,퍼터커 반복 발음 과제 (어르신),6,퍼터커,senior_repeat_1769941827395_tdy3445gl,2026-02-01T10:30:23.570223+00:00,media/audio/senior/S2602011929/3791126bd679415c992f8acb683cd15a.json,audio/senior/S2602011929/3791126bd679415c992f8acb683cd15a.wav
S2602011929,repeat_senior,퍼터커 반복 발음 과제 (어르신),3,터,senior_repeat_1769941814782_gt5je41b6,2026-02-01T10:30:10.967806+00:00,media/audio/senior/S2602011929/5ed2b26471f64e91b666c985700a753f.json,audio/senior/S2602011929/5ed2b26471f64e91b666c985700a753f.wav
S2602011929,a_repeat_senior,아 반복 발음 과제 (어르신),,,session_1769941799621_car33s1wv6l,2026-02-01T10:29:55.799679+00:00,media/audio/senior/S2602011929/45623c74c7594ddaa1a163b4962c09ba.json,audio/senior/S2602011929/45623c74c7594ddaa1a163b4962c09ba.wav
S2602011929,repeat_senior,퍼터커 반복 발음 과제 (어르신),2,터,senior_repeat_1769941811047_3s7pl9h6d,2026-02-01T10:30:07.259722+00:00,media/audio/senior/S2602011929/9a15bd3312734bc4a0459efcda6cb0b6.json,audio/senior/S2602011929/9a15bd3312734bc4a0459efcda6cb0b6.wav
S2602011929,a_repeat_senior,아 반복 발음 과제 (어르신),,,session_1769941794791_msp08bjof6n,2026-02-01T10:29:51.042875+00:00,media/audio/senior/S2602011929/dd4910669b21411b930e630390f35aae.json,audio/senior/S2602011929/dd4910669b21411b930e630390f35aae.wav
S2602011929,repeat_senior,퍼터커 반복 발음 과제 (어르신),5,커,senior_repeat_1769941823185_t59n79u7r,2026-02-01T10:30:19.366200+00:00,media/audio/senior/S2602011929/f3e09ac9ec624f658b7daf5461884b7b.json,audio/senior/S2602011929/f3e09ac9ec624f658b7daf5461884b7b.wav
S2602011929,repeat_senior,퍼터커 반복 발음 과제 (어르신),7,퍼터커,senior_repeat_1769941831450_p0mh24jmn,2026-02-01T10:30:27.637492+00:00,media/audio/senior/S2602011929/940d26ed30bf41538265b580a3d38b81.json,audio/senior/S2602011929/940d26ed30bf41538265b580a3d38b81.wav
S2602011929,repeat_senior,퍼터커 반복 발음 과제 (어르신),4,커,senior_repeat_1769941819124_vvno11h3o,2026-02-01T10:30:15.308983+00:00,media/audio/senior/S2602011929/629c17b230b24190a0fdf64b3002e517.json,audio/senior/S2602011929/629c17b230b24190a0fdf64b3002e517.wav
S2602011929,repeat_senior,퍼터커 반복 발음 과제 (어르신),1,퍼,senior_repeat_1769941807119_mofz6cc97,2026-02-01T10:30:03.303260+00:00,media/audio/senior/S2602011929/eff56ef5f94c4c599118c5fc3f58919b.json,audio/senior/S2602011929/eff56ef5f94c4c599118c5fc3f58919b.wav
S2602011929,repeat_senior,퍼터커 반복 발음 과제 (어르신),0,퍼,senior_repeat_1769941803239_ujvqzzijx,2026-02-01T10:29:59.404931+00:00,media/audio/senior/S2602011929/391f19cef24d4c80913190d055c045b2.json,audio/senior/S2602011929/391f19cef24d4c80913190d055c045b2.wav
S93129,repeat_senior,퍼터커 반복 발음 과제 (어르신),3,터,senior_repeat_1767072741799_ktgihuhz5,2025-12-30T05:32:19.896313+00:00,media/audio/senior/S93129/cb039d53d5d34338984385cc06d1c2cc.json,audio/senior/S93129/cb039d53d5d34338984385cc06d1c2cc.wav
S93129,a_repeat_senior,아 반복 발음 과제 (어르신),,,session_1767072678626_30oq69artgo,2025-12-30T05:31:16.818320+00:00,media/audio/senior/S93129/1f27752521de477e87e113e5859408c0.json,audio/senior/S93129/1f27752521de477e87e113e5859408c0.wav
S93129,repeat_senior,퍼터커 반복 발음 과제 (어르신),6,퍼터커,senior_repeat_1767072778280_cfb0os5m2,2025-12-30T05:32:56.376812+00:00,media/audio/senior/S93129/e862f4181cfd4139a6fce40d216aff27.json,audio/senior/S93129/e862f4181cfd4139a6fce40d216aff27.wav
S93129,a_repeat_senior,아 반복 발음 과제 (어르신),,,session_1767072690528_g8glgp942cf,2025-12-30T05:31:28.645052+00:00,media/audio/senior/S93129/e612c520eb1241728b5c2cce0d9d59fa.json,audio/senior/S93129/e612c520eb1241728b5c2cce0d9d59fa.wav
S93129,repeat_senior,퍼터커 반복 발음 과제 (어르신),0,퍼,senior_repeat_1767072709931_i1zgqdt6b,2025-12-30T05:31:48.027283+00:00,media/audio/senior/S93129/b0b0b6a7e43742a0b6d10a96e85fed6b.json,audio/senior/S93129/b0b0b6a7e43742a0b6d10a96e85fed6b.wav
S93129,repeat_senior,퍼터커 반복 발음 과제 (어르신),1,퍼,senior_repeat_1767072719758_9c4vdcsvj,2025-12-30T05:31:57.846691+00:00,media/audio/senior/S93129/0649114ba5554be2aaaa247c50f66795.json,audio/senior/S93129/0649114ba5554be2aaaa247c50f66795.wav
S93129,repeat_senior,퍼터커 반복 발음 과제 (어르신),4,커,senior_repeat_1767072755623_cn6quws4z,2025-12-30T05:32:33.711122+00:00,media/audio/senior/S93129/fead4260bf034c9b87b14f82062cb112.json,audio/senior/S93129/fead4260bf034c9b87b14f82062cb112.wav
S93129,repeat_senior,퍼터커 반복 발음 과제 (어르신),5,커,senior_repeat_1767072766580_jmrgie5ae,2025-12-30T05:32:44.689317+00:00,media/audio/senior/S93129/aabf88135ed44d37a5e69830ee2e939a.json,audio/senior/S93129/aabf88135ed44d37a5e69830ee2e939a.wav
S93129,repeat_senior,퍼터커 반복 발음 과제 (어르신),7,퍼터커,senior_repeat_1767072788305_ikoh35uau,2025-12-30T05:33:06.400963+00:00,media/audio/senior/S93129/fcb38ddc8f604b1082be07551d3237aa.json,audio/senior/S93129/fcb38ddc8f604b1082be07551d3237aa.wav
S93129,repeat_senior,퍼터커 반복 발음 과제 (어르신),2,터,senior_repeat_1767072732070_i531iv1h6,2025-12-30T05:32:10.159548+00:00,media/audio/senior/S93129/6dda3a5796ff4e99b99f3c2819d36b58.json,audio/senior/S93129/6dda3a5796ff4e99b99f3c2819d36b58.wav
S60770,repeat_senior,퍼터커 반복 발음 과제 (어르신),2,터,senior_repeat_1761370729797_41ay7vnes,2025-10-25T05:38:45.873259+00:00,media/audio/senior/S60770/3f13bd7b0aa44a76a8246a8dbbb8099e.json,audio/senior/3f13bd7b0aa44a76a8246a8dbbb8099e.wav
S60770,repeat_senior,퍼터커 반복 발음 과제 (어르신),7,퍼터커,senior_repeat_1761370792947_sxwnahrcw,2025-10-25T05:39:49.029011+00:00,media/audio/senior/S60770/ba25c4f7261246558ca59044f9fb1435.json,audio/senior/ba25c4f7261246558ca59044f9fb1435.wav
S60770,a_repeat_senior,아 반복 발음 과제 (어르신),,,session_1761370677492_tl9tnvoqh8j,2025-10-25T05:37:53.571539+00:00,media/audio/senior/S60770/ad6a0953c35e41a7b792443ce8f93c55.json,audio/senior/ad6a0953c35e41a7b792443ce8f93c55.wav
S60770,repeat_senior,퍼터커 반복 발음 과제 (어르신),5,커,senior_repeat_1761370766195_is3d2mai8,2025-10-25T05:39:22.275396+00:00,media/audio/senior/S60770/1d14ffa5ae994b76a80bd8005ee79007.json,audio/senior/1d14ffa5ae994b76a80bd8005ee79007.wav
S60770,repeat_senior,퍼터커 반복 발음 과제 (어르신),3,터,senior_repeat_1761370742205_biffent8e,2025-10-25T05:38:58.282274+00:00,media/audio/senior/S60770/b2d3107c61384bda83ffca1ab7fab068.json,audio/senior/b2d3107c61384bda83ffca1ab7fab068.wav
S60770,repeat_senior,퍼터커 반복 발음 과제 (어르신),0,퍼,senior_repeat_1761370702079_owhpk6u7n,2025-10-25T05:38:18.149512+00:00,media/audio/senior/S60770/102011ab61c448499e58e4902e3a5c80.json,audio/senior/102011ab61c448499e58e4902e3a5c80.wav
S60770,repeat_senior,퍼터커 반복 발음 과제 (어르신),1,퍼,senior_repeat_1761370715291_p97dp7m6f,2025-10-25T05:38:31.369204+00:00,media/audio/senior/S60770/4fa31db6700d467299953fac019f58b8.json,audio/senior/4fa31db6700d467299953fac019f58b8.wav
S60770,repeat_senior,퍼터커 반복 발음 과제 (어르신),4,커,senior_repeat_1761370754750_hz6un2681,2025-10-25T05:39:10.825301+00:00,media/audio/senior/S60770/4a80cc3b4a4f4fedb40c4adc5576d304.json,audio/senior/4a80cc3b4a4f4fedb40c4adc5576d304.wav
S60770,repeat_senior,퍼터커 반복 발음 과제 (어르신),6,퍼터커,senior_repeat_1761370780954_po0xo6sz7,2025-10-25T05:39:37.041551+00:00,media/audio/senior/S60770/f60b36e969fc4bcdb1d22afb66806d63.json,audio/senior/f60b36e969fc4bcdb1d22afb66806d63.wav
S60770,a_repeat_senior,아 반복 발음 과제 (어르신),,,session_1761370664541_kwstp2c0pk,2025-10-25T05:37:40.648360+00:00,media/audio/senior/S60770/384e6029b59c4b4db78b71c1b3ef67af.json,audio/senior/384e6029b59c4b4db78b71c1b3ef67af.wav
S08385,repeat_senior,퍼터커 반복 발음 과제 (어르신),2,터,senior_repeat_1763776656117_1q4r15m8u,2025-11-22T01:57:36.271874+00:00,media/audio/senior/S08385/7676ae2f64464ab1a7e3b8aa789ac90c.json,audio/senior/7676ae2f64464ab1a7e3b8aa789ac90c.wav
S08385,repeat_senior,퍼터커 반복 발음 과제 (어르신),4,커,senior_repeat_1763776714895_v9o1e9trp,2025-11-22T01:58:34.865084+00:00,media/audio/senior/S08385/b21b832f88444dae990d8b12129ea949.json,audio/senior/b21b832f88444dae990d8b12129ea949.wav
S08385,repeat_senior,퍼터커 반복 발음 과제 (어르신),7,퍼터커,senior_repeat_1763776791243_fxcd108y5,2025-11-22T01:59:51.376088+00:00,media/audio/senior/S08385/8c3a47f8abe24cd094d1a7071e6486d7.json,audio/senior/8c3a47f8abe24cd094d1a7071e6486d7.wav
S08385,repeat_senior,퍼터커 반복 발음 과제 (어르신),5,커,senior_repeat_1763776734944_sqn67slba,2025-11-22T01:58:55.157259+00:00,media/audio/senior/S08385/cec64b8b36124dc281af5a6f05203fc5.json,audio/senior/cec64b8b36124dc281af5a6f05203fc5.wav
S08385,repeat_senior,퍼터커 반복 발음 과제 (어르신),0,퍼,senior_repeat_1763776608524_exeawbn7z,2025-11-22T01:56:48.350531+00:00,media/audio/senior/S08385/f016a056fd9141f88f249ea05d185e40.json,audio/senior/f016a056fd9141f88f249ea05d185e40.wav
S08385,repeat_senior,퍼터커 반복 발음 과제 (어르신),1,퍼,senior_repeat_1763776634029_b6b3k2lpq,2025-11-22T01:57:14.421280+00:00,media/audio/senior/S08385/2e5895188e25416cb65595c675271d2a.json,audio/senior/2e5895188e25416cb65595c675271d2a.wav
S08385,repeat_senior,퍼터커 반복 발음 과제 (어르신),3,터,senior_repeat_1763776693340_94v7tge3q,2025-11-22T01:58:13.608759+00:00,media/audio/senior/S08385/92cf97356f4349b0afe874cd2313a5c2.json,audio/senior/92cf97356f4349b0afe874cd2313a5c2.wav
S08385,a_repeat_senior,아 반복 발음 과제 (어르신),,,session_1763776583529_zd4fjphvosr,2025-11-22T01:56:23.409971+00:00,media/audio/senior/S08385/8b9c2ed42e88470ea59d615d53251848.json,audio/senior/8b9c2ed42e88470ea59d615d53251848.wav
S08385,repeat_senior,퍼터커 반복 발음 과제 (어르신),6,퍼터커,senior_repeat_1763776765202_k8fkum2c7,2025-11-22T01:59:25.720987+00:00,media/audio/senior/S08385/da7fd433806d41589d724ca6b35f52b1.json,audio/senior/da7fd433806d41589d724ca6b35f52b1.wav
S08385,a_repeat_senior,아 반복 발음 과제 (어르신),,,session_1763776568938_jv82m15x67,2025-11-22T01:56:08.918765+00:00,media/audio/senior/S08385/da922df5fa984e0ea273479abf843799.json,audio/senior/da922df5fa984e0ea273479abf843799.wav
S2602021043,repeat_senior,퍼터커 반복 발음 과제 (어르신),3,터,senior_repeat_1769996792014_muubctd7y,2026-02-02T01:46:28.899542+00:00,media/audio/senior/S2602021043/ec63d6df73c24ff49454ae8bbed81089.json,audio/senior/S2602021043/ec63d6df73c24ff49454ae8bbed81089.wav
S2602021043,a_repeat_senior,아 반복 발음 과제 (어르신),,,session_1769996736264_kb8uqxyc2f7,2026-02-02T01:45:33.143746+00:00,media/audio/senior/S2602021043/4800920f35864bdab843981aee17450b.json,audio/senior/S2602021043/4800920f35864bdab843981aee17450b.wav
S2602021043,repeat_senior,퍼터커 반복 발음 과제 (어르신),7,퍼터커,senior_repeat_1769996844790_gha6e7m8e,2026-02-02T01:47:22.330874+00:00,media/audio/senior/S2602021043/d3aaad4e0f884a48b74ae5d659841162.json,audio/senior/S2602021043/d3aaad4e0f884a48b74ae5d659841162.wav
S2602021043,repeat_senior,퍼터커 반복 발음 과제 (어르신),5,커,senior_repeat_1769996815033_ya9oqntqf,2026-02-02T01:46:51.795396+00:00,media/audio/senior/S2602021043/00921ea6d117471a893e61338ef8b4f8.json,audio/senior/S2602021043/00921ea6d117471a893e61338ef8b4f8.wav
S2602021043,repeat_senior,퍼터커 반복 발음 과제 (어르신),1,퍼,senior_repeat_1769996765747_wy72nh6bu,2026-02-02T01:46:02.571251+00:00,media/audio/senior/S2602021043/bfebb47628ff454a8392ea31c5108c6a.json,audio/senior/S2602021043/bfebb47628ff454a8392ea31c5108c6a.wav
S2602021043,repeat_senior,퍼터커 반복 발음 과제 (어르신),6,퍼터커,senior_repeat_1769996832225_5lprgwm9e,2026-02-02T01:47:09.140503+00:00,media/audio/senior/S2602021043/8802ef02393544a09138e79ac2e7bc1a.json,audio/senior/S2602021043/8802ef02393544a09138e79ac2e7bc1a.wav
S2602021043,repeat_senior,퍼터커 반복 발음 과제 (어르신),2,터,senior_repeat_1769996780456_ihtlk2lb9,2026-02-02T01:46:17.431859+00:00,media/audio/senior/S2602021043/41466ecefd1f411ba1b874b077e7a8c9.json,audio/senior/S2602021043/41466ecefd1f411ba1b874b077e7a8c9.wav
S2602021043,a_repeat_senior,아 반복 발음 과제 (어르신),,,session_1769996722988_tg7z927uvv,2026-02-02T01:45:20.029930+00:00,media/audio/senior/S2602021043/25c4cd27ce1440259aa2bec252504afc.json,audio/senior/S2602021043/25c4cd27ce1440259aa2bec252504afc.wav
S2602021043,repeat_senior,퍼터커 반복 발음 과제 (어르신),0,퍼,senior_repeat_1769996754642_mhnnj5uoz,2026-02-02T01:45:51.402191+00:00,media/audio/senior/S2602021043/9d2c0b6204f84b76960bd9477254edec.json,audio/senior/S2602021043/9d2c0b6204f84b76960bd9477254edec.wav
S2602021043,repeat_senior,퍼터커 반복 발음 과제 (어르신),4,커,senior_repeat_1769996804645_4t5qf0zgk,2026-02-02T01:46:41.466108+00:00,media/audio/senior/S2602021043/3d92a1ce724d4b67be23d62bc975b050.json,audio/senior/S2602021043/3d92a1ce724d4b67be23d62bc975b050.wav
S80783,a_repeat_senior,아 반복 발음 과제 (어르신),,,session_1765677977180_7y8a77j80qd,2025-12-14T02:06:18.220864+00:00,media/audio/senior/S80783/19c91e35b7194b7f91ee802c39e02814.json,audio/senior/S80783/19c91e35b7194b7f91ee802c39e02814.wav
S80783,repeat_senior,퍼터커 반복 발음 과제 (어르신),7,퍼터커,senior_repeat_1765678120134_7u5pgy0x7,2025-12-14T02:08:41.024052+00:00,media/audio/senior/S80783/3b1eada9920042a1be904172197dd580.json,audio/senior/S80783/3b1eada9920042a1be904172197dd580.wav
S80783,repeat_senior,퍼터커 반복 발음 과제 (어르신),6,퍼터커,senior_repeat_1765678105875_xuymibovp,2025-12-14T02:08:26.764102+00:00,media/audio/senior/S80783/e61280b5988e4347a2b71b2f4608d441.json,audio/senior/S80783/e61280b5988e4347a2b71b2f4608d441.wav
S80783,repeat_senior,퍼터커 반복 발음 과제 (어르신),0,퍼,senior_repeat_1765678010541_bruhzdchf,2025-12-14T02:06:52.942848+00:00,media/audio/senior/S80783/12eb944cf89545288d227e44571ac510.json,audio/senior/S80783/12eb944cf89545288d227e44571ac510.wav
S80783,a_repeat_senior,아 반복 발음 과제 (어르신),,,session_1765677961560_9e3er6z5bat,2025-12-14T02:06:03.660869+00:00,media/audio/senior/S80783/08d84c1b6739458e8f5bce6a8a9994b5.json,audio/senior/S80783/08d84c1b6739458e8f5bce6a8a9994b5.wav
S80783,repeat_senior,퍼터커 반복 발음 과제 (어르신),5,커,senior_repeat_1765678090235_40fkma5an,2025-12-14T02:08:11.111226+00:00,media/audio/senior/S80783/029400f3ad5f4655b40abf9da6463899.json,audio/senior/S80783/029400f3ad5f4655b40abf9da6463899.wav
S80783,repeat_senior,퍼터커 반복 발음 과제 (어르신),3,터,senior_repeat_1765678063915_rmiyjwcxu,2025-12-14T02:07:44.824589+00:00,media/audio/senior/S80783/9af2c47421674266be14a3a4b792c7be.json,audio/senior/S80783/9af2c47421674266be14a3a4b792c7be.wav
S80783,repeat_senior,퍼터커 반복 발음 과제 (어르신),2,터,senior_repeat_1765678048907_g3il83mis,2025-12-14T02:07:30.664718+00:00,media/audio/senior/S80783/139376e4f97a4ee994799b193662f4bc.json,audio/senior/S80783/139376e4f97a4ee994799b193662f4bc.wav
S80783,repeat_senior,퍼터커 반복 발음 과제 (어르신),1,퍼,senior_repeat_1765678033329_6d0nf9dun,2025-12-14T02:07:14.402664+00:00,media/audio/senior/S80783/e492271e87ca4c69b06ac064a37427a6.json,audio/senior/S80783/e492271e87ca4c69b06ac064a37427a6.wav
S80783,repeat_senior,퍼터커 반복 발음 과제 (어르신),4,커,senior_repeat_1765678077143_0a0crkxt7,2025-12-14T02:07:57.949885+00:00,media/audio/senior/S80783/74f5912fc5ca400f9e2f7ba077ed5445.json,audio/senior/S80783/74f5912fc5ca400f9e2f7ba077ed5445.wav
S18325,a_repeat_senior,아 반복 발음 과제 (어르신),,,session_1764572999681_cmewbgo2wl9,2025-12-01T07:09:59.666375+00:00,media/audio/senior/S18325/95c74f8fbcee4b67b0a4b1f0e7603150.json,audio/senior/S18325/95c74f8fbcee4b67b0a4b1f0e7603150.wav
S18325,repeat_senior,퍼터커 반복 발음 과제 (어르신),3,터,senior_repeat_1764573080172_1oo1lo7sh,2025-12-01T07:11:19.502168+00:00,media/audio/senior/S18325/1ca4f1d6989146818d113d874816542f.json,audio/senior/S18325/1ca4f1d6989146818d113d874816542f.wav
S18325,repeat_senior,퍼터커 반복 발음 과제 (어르신),0,퍼,senior_repeat_1764573042002_vdowcle42,2025-12-01T07:10:42.310925+00:00,media/audio/senior/S18325/4c8ef0081bad4a57b55bf397c3e8e76d.json,audio/senior/S18325/4c8ef0081bad4a57b55bf397c3e8e76d.wav
S18325,repeat_senior,퍼터커 반복 발음 과제 (어르신),1,퍼,senior_repeat_1764573054135_bfny0hrh0,2025-12-01T07:10:53.453713+00:00,media/audio/senior/S18325/86470ef806bc4ab3894882e5fa09f72c.json,audio/senior/S18325/86470ef806bc4ab3894882e5fa09f72c.wav
S18325,repeat_senior,퍼터커 반복 발음 과제 (어르신),7,퍼터커,senior_repeat_1764573129922_ukmy8rza6,2025-12-01T07:12:09.387290+00:00,media/audio/senior/S18325/2a87c265701449678b058553b34eb980.json,audio/senior/S18325/2a87c265701449678b058553b34eb980.wav
S18325,repeat_senior,퍼터커 반복 발음 과제 (어르신),6,퍼터커,senior_repeat_1764573116703_179m8287q,2025-12-01T07:11:56.105118+00:00,media/audio/senior/S18325/4cecbcf32f7f4cde952b4cb485f7904e.json,audio/senior/S18325/4cecbcf32f7f4cde952b4cb485f7904e.wav
S18325,repeat_senior,퍼터커 반복 발음 과제 (어르신),5,커,senior_repeat_1764573103047_qb8hag9lz,2025-12-01T07:11:42.461813+00:00,media/audio/senior/S18325/22ac0bd62027417a950991517030501b.json,audio/senior/S18325/22ac0bd62027417a950991517030501b.wav
S18325,a_repeat_senior,아 반복 발음 과제 (어르신),,,session_1764573013955_y09kdqy8zz,2025-12-01T07:10:13.692089+00:00,media/audio/senior/S18325/6306d156ce564fd598126fa739474363.json,audio/senior/S18325/6306d156ce564fd598126fa739474363.wav
S18325,repeat_senior,퍼터커 반복 발음 과제 (어르신),2,터,senior_repeat_1764573068672_korbnh4ar,2025-12-01T07:11:08.690540+00:00,media/audio/senior/S18325/fef92043965f482f8370ff7c47cfad37.json,audio/senior/S18325/fef92043965f482f8370ff7c47cfad37.wav
S18325,repeat_senior,퍼터커 반복 발음 과제 (어르신),4,커,senior_repeat_1764573092552_wegzj16yt,2025-12-01T07:11:31.897406+00:00,media/audio/senior/S18325/ee585c13f71f47339dc0718a70cd4a15.json,audio/senior/S18325/ee585c13f71f47339dc0718a70cd4a15.wav
S77778,a_repeat_senior,아 반복 발음 과제 (어르신),,,session_1764341872035_lnna9bdyulf,2025-11-28T14:57:52.430090+00:00,media/audio/senior/S77778/5fa228f583d543d285627c0d16ac00fe.json,audio/senior/S77778/5fa228f583d543d285627c0d16ac00fe.wav
S77778,repeat_senior,퍼터커 반복 발음 과제 (어르신),7,퍼터커,senior_repeat_1764342127180_lwx0vyzlf,2025-11-28T15:02:07.610286+00:00,media/audio/senior/S77778/d7a6c1101d5b49389f94dc5f0882f3ce.json,audio/senior/S77778/d7a6c1101d5b49389f94dc5f0882f3ce.wav
S77778,repeat_senior,퍼터커 반복 발음 과제 (어르신),0,퍼,senior_repeat_1764341909012_08x8i4cxd,2025-11-28T14:58:29.460352+00:00,media/audio/senior/S77778/d9262a2ca8514dd29b29ec604c6aac46.json,audio/senior/S77778/d9262a2ca8514dd29b29ec604c6aac46.wav
S77778,a_repeat_senior,아 반복 발음 과제 (어르신),,,session_1764341842726_g2981atz6r,2025-11-28T14:57:23.131106+00:00,media/audio/senior/S77778/5295159dd4d14814b5021961c9f06eb5.json,audio/senior/S77778/5295159dd4d14814b5021961c9f06eb5.wav
S77778,repeat_senior,퍼터커 반복 발음 과제 (어르신),6,퍼터커,senior_repeat_1764342102637_r2nspzkno,2025-11-28T15:01:43.026449+00:00,media/audio/senior/S77778/ea24419d78a44e13968248d9283f5928.json,audio/senior/S77778/ea24419d78a44e13968248d9283f5928.wav
S77778,repeat_senior,퍼터커 반복 발음 과제 (어르신),4,커,senior_repeat_1764342038695_h9aife5wb,2025-11-28T15:00:39.096994+00:00,media/audio/senior/S77778/858250ddaaf240c3b902a912a85a49e9.json,audio/senior/S77778/858250ddaaf240c3b902a912a85a49e9.wav
S77778,repeat_senior,퍼터커 반복 발음 과제 (어르신),1,퍼,senior_repeat_1764341969028_wnb81reki,2025-11-28T14:59:29.579719+00:00,media/audio/senior/S77778/12e56fc0e5fc4298bf42097a97c1b9e0.json,audio/senior/S77778/12e56fc0e5fc4298bf42097a97c1b9e0.wav
S77778,repeat_senior,퍼터커 반복 발음 과제 (어르신),2,터,senior_repeat_1764341988700_j5ocmeboq,2025-11-28T14:59:49.029643+00:00,media/audio/senior/S77778/77f798bf409c4d688c736f6be66f2976.json,audio/senior/S77778/77f798bf409c4d688c736f6be66f2976.wav
S77778,repeat_senior,퍼터커 반복 발음 과제 (어르신),5,커,senior_repeat_1764342064709_qdm1zvs96,2025-11-28T15:01:05.130365+00:00,media/audio/senior/S77778/cd9bfcf278da4b8794eee88cfdacfba9.json,audio/senior/S77778/cd9bfcf278da4b8794eee88cfdacfba9.wav
S77778,repeat_senior,퍼터커 반복 발음 과제 (어르신),3,터,senior_repeat_1764342010456_an75t5x4s,2025-11-28T15:00:10.794438+00:00,media/audio/senior/S77778/65d58d2ca795400c9c5ba030624eba61.json,audio/senior/S77778/65d58d2ca795400c9c5ba030624eba61.wav
S91817,repeat_senior,퍼터커 반복 발음 과제 (어르신),4,커,senior_repeat_1766025427071_jh5d6k3ke,2025-12-18T02:37:04.400587+00:00,media/audio/senior/S91817/3885d3bb776c4a608a96810c8d1ec279.json,audio/senior/S91817/3885d3bb776c4a608a96810c8d1ec279.wav
S91817,repeat_senior,퍼터커 반복 발음 과제 (어르신),1,퍼,senior_repeat_1766025386404_ge51q8l6x,2025-12-18T02:36:23.729544+00:00,media/audio/senior/S91817/79b20a133a154e9f9abc96d22ffb74a5.json,audio/senior/S91817/79b20a133a154e9f9abc96d22ffb74a5.wav
S91817,repeat_senior,퍼터커 반복 발음 과제 (어르신),6,퍼터커,senior_repeat_1766025457040_1nltnh9ai,2025-12-18T02:37:34.368832+00:00,media/audio/senior/S91817/89b091a1294f4ea49d1e7dbced04d40e.json,audio/senior/S91817/89b091a1294f4ea49d1e7dbced04d40e.wav
S91817,repeat_senior,퍼터커 반복 발음 과제 (어르신),0,퍼,senior_repeat_1766025372067_pctaqcill,2025-12-18T02:36:09.379569+00:00,media/audio/senior/S91817/1949c83bfd994e82b6485e2ad928b0db.json,audio/senior/S91817/1949c83bfd994e82b6485e2ad928b0db.wav
S91817,repeat_senior,퍼터커 반복 발음 과제 (어르신),5,커,senior_repeat_1766025442776_43h803dox,2025-12-18T02:37:20.129895+00:00,media/audio/senior/S91817/8149816e7e2044278d6d3b15361b933c.json,audio/senior/S91817/8149816e7e2044278d6d3b15361b933c.wav
S91817,repeat_senior,퍼터커 반복 발음 과제 (어르신),3,터,senior_repeat_1766025413196_wrnpymbsa,2025-12-18T02:36:50.524678+00:00,media/audio/senior/S91817/f73133a879a54ea5b78fd13ff83c6cda.json,audio/senior/S91817/f73133a879a54ea5b78fd13ff83c6cda.wav
S91817,repeat_senior,퍼터커 반복 발음 과제 (어르신),7,퍼터커,senior_repeat_1766025468658_pjjzeatgv,2025-12-18T02:37:46.001077+00:00,media/audio/senior/S91817/acc10911a9544f32ad1efc426b466fd0.json,audio/senior/S91817/acc10911a9544f32ad1efc426b466fd0.wav
S91817,repeat_senior,퍼터커 반복 발음 과제 (어르신),2,터,senior_repeat_1766025402783_s8uaeezyz,2025-12-18T02:36:40.122609+00:00,media/audio/senior/S91817/f6f3be1f01af4896b931d7d5cbb50e96.json,audio/senior/S91817/f6f3be1f01af4896b931d7d5cbb50e96.wav
S91817,a_repeat_senior,아 반복 발음 과제 (어르신),,,session_1766025334587_lm7zjfjgz4h,2025-12-18T02:35:32.022793+00:00,media/audio/senior/S91817/b613e126d49e41db8465f4e78b633ce5.json,audio/senior/S91817/b613e126d49e41db8465f4e78b633ce5.wav
S91817,a_repeat_senior,아 반복 발음 과제 (어르신),,,session_1766025352814_w68ukmoffgk,2025-12-18T02:35:50.175443+00:00,media/audio/senior/S91817/f567accb672b4c3884195834b1eff684.json,audio/senior/S91817/f567accb672b4c3884195834b1eff684.wav
S70986,repeat_senior,퍼터커 반복 발음 과제 (어르신),4,커,senior_repeat_1764828914244_obpgl0gwi,2025-12-04T06:15:12.839744+00:00,media/audio/senior/S70986/31f2b542bbc54460a8f35b8b3c1222e4.json,audio/senior/S70986/31f2b542bbc54460a8f35b8b3c1222e4.wav
S70986,repeat_senior,퍼터커 반복 발음 과제 (어르신),5,커,senior_repeat_1764828924413_xiep20y53,2025-12-04T06:15:23.011079+00:00,media/audio/senior/S70986/a28886918d6c45018cc09d9896a758d1.json,audio/senior/S70986/a28886918d6c45018cc09d9896a758d1.wav
S70986,repeat_senior,퍼터커 반복 발음 과제 (어르신),0,퍼,senior_repeat_1764828874278_wizzbprxv,2025-12-04T06:14:32.874699+00:00,media/audio/senior/S70986/b8bdd6c2a14b4404b18ff608c1f83990.json,audio/senior/S70986/b8bdd6c2a14b4404b18ff608c1f83990.wav
S70986,a_repeat_senior,아 반복 발음 과제 (어르신),,,session_1764828845406_97glv30niv,2025-12-04T06:14:04.275887+00:00,media/audio/senior/S70986/6829a4e1ae474acc89f1cb6cedee9ea9.json,audio/senior/S70986/6829a4e1ae474acc89f1cb6cedee9ea9.wav
S70986,a_repeat_senior,아 반복 발음 과제 (어르신),,,session_1764828854828_ix58m5x6rs,2025-12-04T06:14:13.432567+00:00,media/audio/senior/S70986/3877f4e963014392b006037cdede1024.json,audio/senior/S70986/3877f4e963014392b006037cdede1024.wav
S70986,repeat_senior,퍼터커 반복 발음 과제 (어르신),6,퍼터커,senior_repeat_1764828937747_blep23t59,2025-12-04T06:15:36.300779+00:00,media/audio/senior/S70986/97b6f609502a494f9fd430d737d731d4.json,audio/senior/S70986/97b6f609502a494f9fd430d737d731d4.wav
S70986,repeat_senior,퍼터커 반복 발음 과제 (어르신),1,퍼,senior_repeat_1764828884701_6p5ah7ubc,2025-12-04T06:14:43.267020+00:00,media/audio/senior/S70986/4b880812994347d29a327c1abe350155.json,audio/senior/S70986/4b880812994347d29a327c1abe350155.wav
S70986,repeat_senior,퍼터커 반복 발음 과제 (어르신),2,터,senior_repeat_1764828895347_62y8upxv7,2025-12-04T06:14:53.911083+00:00,media/audio/senior/S70986/af90db2ced1b4566800022901bef458c.json,audio/senior/S70986/af90db2ced1b4566800022901bef458c.wav
S70986,repeat_senior,퍼터커 반복 발음 과제 (어르신),7,퍼터커,senior_repeat_1764828948877_fetsnri6z,2025-12-04T06:15:47.458935+00:00,media/audio/senior/S70986/c768ac9175bf40fd8374c4225a2d4706.json,audio/senior/S70986/c768ac9175bf40fd8374c4225a2d4706.wav
S70986,repeat_senior,퍼터커 반복 발음 과제 (어르신),3,터,senior_repeat_1764828905101_mdendzerr,2025-12-04T06:15:03.650339+00:00,media/audio/senior/S70986/e05b9f612ab2483486c1b6ef64ae4c6f.json,audio/senior/S70986/e05b9f612ab2483486c1b6ef64ae4c6f.wav
S67611,repeat_senior,퍼터커 반복 발음 과제 (어르신),6,퍼터커,senior_repeat_1764495251703_g800k6wig,2025-11-30T09:34:10.144151+00:00,media/audio/senior/S67611/4f31be0a0e494ec89fad740b9c604cd1.json,audio/senior/S67611/4f31be0a0e494ec89fad740b9c604cd1.wav
S67611,repeat_senior,퍼터커 반복 발음 과제 (어르신),7,퍼터커,senior_repeat_1764495264123_2h67w5mhf,2025-11-30T09:34:22.591494+00:00,media/audio/senior/S67611/388e1c8186db4895bfa95846a833fa39.json,audio/senior/S67611/388e1c8186db4895bfa95846a833fa39.wav
S67611,repeat_senior,퍼터커 반복 발음 과제 (어르신),1,퍼,senior_repeat_1764495175083_9sekt6s4j,2025-11-30T09:32:53.542721+00:00,media/audio/senior/S67611/9710283f31944556b9aa2dd349477d59.json,audio/senior/S67611/9710283f31944556b9aa2dd349477d59.wav
S67611,repeat_senior,퍼터커 반복 발음 과제 (어르신),4,커,senior_repeat_1764495220327_0ih0799io,2025-11-30T09:33:38.785844+00:00,media/audio/senior/S67611/aff2470fc5014d1fbbdb72caf216cb9f.json,audio/senior/S67611/aff2470fc5014d1fbbdb72caf216cb9f.wav
S67611,a_repeat_senior,아 반복 발음 과제 (어르신),,,session_1764495122689_8hfk7kmzsty,2025-11-30T09:32:01.219285+00:00,media/audio/senior/S67611/85538924613643858d370971c3fa44ec.json,audio/senior/S67611/85538924613643858d370971c3fa44ec.wav
S67611,repeat_senior,퍼터커 반복 발음 과제 (어르신),5,커,senior_repeat_1764495233928_8o9edio1k,2025-11-30T09:33:52.385132+00:00,media/audio/senior/S67611/413a43ccd2f64da98c407966b8186754.json,audio/senior/S67611/413a43ccd2f64da98c407966b8186754.wav
S67611,repeat_senior,퍼터커 반복 발음 과제 (어르신),2,터,senior_repeat_1764495189319_z55n5f7yd,2025-11-30T09:33:07.832136+00:00,media/audio/senior/S67611/2dba6bb4f0854cb09bcad9e3c9479405.json,audio/senior/S67611/2dba6bb4f0854cb09bcad9e3c9479405.wav
S67611,repeat_senior,퍼터커 반복 발음 과제 (어르신),3,터,senior_repeat_1764495203758_cmvmx8iil,2025-11-30T09:33:22.201606+00:00,media/audio/senior/S67611/9a39f3a946b84ce8948371578660052c.json,audio/senior/S67611/9a39f3a946b84ce8948371578660052c.wav
S67611,a_repeat_senior,아 반복 발음 과제 (어르신),,,session_1764495091961_nlzrxl6twt,2025-11-30T09:31:30.711036+00:00,media/audio/senior/S67611/c168fcdf9ace4373a069009f1a890922.json,audio/senior/S67611/c168fcdf9ace4373a069009f1a890922.wav
S67611,repeat_senior,퍼터커 반복 발음 과제 (어르신),0,퍼,senior_repeat_1764495162892_vm7q0as2o,2025-11-30T09:32:41.285403+00:00,media/audio/senior/S67611/6a3865ba80724e62a42e1e04ff69fc2c.json,audio/senior/S67611/6a3865ba80724e62a42e1e04ff69fc2c.wav
S31547,a_repeat_senior,아 반복 발음 과제 (어르신),,,session_1769489904592_s83nwmz3uup,2026-01-27T04:58:25.529114+00:00,media/audio/senior/S31547/25bd63f5e9054eecbefb58a3a3b9f72c.json,audio/senior/S31547/25bd63f5e9054eecbefb58a3a3b9f72c.wav
S31547,repeat_senior,퍼터커 반복 발음 과제 (어르신),2,터,senior_repeat_1769489967709_grndwqq6h,2026-01-27T04:59:29.469850+00:00,media/audio/senior/S31547/ff667379fb0b4cb5880b79588875401e.json,audio/senior/S31547/ff667379fb0b4cb5880b79588875401e.wav
S31547,repeat_senior,퍼터커 반복 발음 과제 (어르신),4,커,senior_repeat_1769489990578_2i0fljsrs,2026-01-27T04:59:51.097122+00:00,media/audio/senior/S31547/2161f1333a5b4eed9b1c93f4149619e4.json,audio/senior/S31547/2161f1333a5b4eed9b1c93f4149619e4.wav
S31547,repeat_senior,퍼터커 반복 발음 과제 (어르신),3,터,senior_repeat_1769489978725_vkq46m3ie,2026-01-27T04:59:39.283893+00:00,media/audio/senior/S31547/86a9601c37614de2a9146c4a834cf340.json,audio/senior/S31547/86a9601c37614de2a9146c4a834cf340.wav
S31547,a_repeat_senior,아 반복 발음 과제 (어르신),,,session_1769489918031_vngosttphwa,2026-01-27T04:58:39.285961+00:00,media/audio/senior/S31547/eab0719ad92d45caa379273bb35aa1b6.json,audio/senior/S31547/eab0719ad92d45caa379273bb35aa1b6.wav
S31547,repeat_senior,퍼터커 반복 발음 과제 (어르신),0,퍼,senior_repeat_1769489944486_vbzixlqcb,2026-01-27T04:59:05.379057+00:00,media/audio/senior/S31547/a1d2b8eec78646e880e3d4d036d4d919.json,audio/senior/S31547/a1d2b8eec78646e880e3d4d036d4d919.wav
S31547,repeat_senior,퍼터커 반복 발음 과제 (어르신),1,퍼,senior_repeat_1769489955992_fgt45w8x5,2026-01-27T04:59:16.465379+00:00,media/audio/senior/S31547/11ee7f0dac974108aee362bee669c19e.json,audio/senior/S31547/11ee7f0dac974108aee362bee669c19e.wav
S31547,repeat_senior,퍼터커 반복 발음 과제 (어르신),5,커,senior_repeat_1769490000702_raohsw4gx,2026-01-27T05:00:01.175352+00:00,media/audio/senior/S31547/a74ee0ff96fa4fae92d01fdaba8b5b39.json,audio/senior/S31547/a74ee0ff96fa4fae92d01fdaba8b5b39.wav
S31547,repeat_senior,퍼터커 반복 발음 과제 (어르신),6,퍼터커,senior_repeat_1769490015499_7h7sowpaa,2026-01-27T05:00:16.550594+00:00,media/audio/senior/S31547/d517f1018e514271bb944e6d2d7e8dd0.json,audio/senior/S31547/d517f1018e514271bb944e6d2d7e8dd0.wav
S31547,repeat_senior,퍼터커 반복 발음 과제 (어르신),7,퍼터커,senior_repeat_1769490026121_z5p7lvcmw,2026-01-27T05:00:26.733588+00:00,media/audio/senior/S31547/4cccdcc75d764f14922666dfa49d37b2.json,audio/senior/S31547/4cccdcc75d764f14922666dfa49d37b2.wav
S35045,a_repeat_senior,아 반복 발음 과제 (어르신),,,session_1763880532965_kro4ja042mn,2025-11-23T06:48:52.921640+00:00,media/audio/senior/S35045/5378de277e194e61a21fa52ca00ff5a9.json,audio/senior/5378de277e194e61a21fa52ca00ff5a9.wav
S35045,repeat_senior,퍼터커 반복 발음 과제 (어르신),7,퍼터커,senior_repeat_1763880631967_qr9egu4qy,2025-11-23T06:50:31.912780+00:00,media/audio/senior/S35045/fc27444ee3d9447c9a42f6f7e7f65d10.json,audio/senior/fc27444ee3d9447c9a42f6f7e7f65d10.wav
S35045,repeat_senior,퍼터커 반복 발음 과제 (어르신),5,커,senior_repeat_1763880605035_izhlloq2i,2025-11-23T06:50:04.982058+00:00,media/audio/senior/S35045/ab77f04e3718405f8b67863c138c2809.json,audio/senior/ab77f04e3718405f8b67863c138c2809.wav
S35045,repeat_senior,퍼터커 반복 발음 과제 (어르신),4,커,senior_repeat_1763880595105_m8zdh1yz3,2025-11-23T06:49:55.049621+00:00,media/audio/senior/S35045/c4b1c1268480452aa170336bd8801d2e.json,audio/senior/c4b1c1268480452aa170336bd8801d2e.wav
S35045,repeat_senior,퍼터커 반복 발음 과제 (어르신),1,퍼,senior_repeat_1763880562395_gmu0deo32,2025-11-23T06:49:22.344930+00:00,media/audio/senior/S35045/ff76c42957844aefbaa210dff347c03e.json,audio/senior/ff76c42957844aefbaa210dff347c03e.wav
S35045,a_repeat_senior,아 반복 발음 과제 (어르신),,,session_1763880524459_jxd12o34hz,2025-11-23T06:48:44.493519+00:00,media/audio/senior/S35045/9401040286244add8cc23ebda0973593.json,audio/senior/9401040286244add8cc23ebda0973593.wav
S35045,repeat_senior,퍼터커 반복 발음 과제 (어르신),3,터,senior_repeat_1763880585270_aeeholhco,2025-11-23T06:49:45.210375+00:00,media/audio/senior/S35045/dfbf8ea88dcf42a4bd7a56554a2e08c9.json,audio/senior/dfbf8ea88dcf42a4bd7a56554a2e08c9.wav
S35045,repeat_senior,퍼터커 반복 발음 과제 (어르신),2,터,senior_repeat_1763880575067_1n1m9dnxy,2025-11-23T06:49:35.011131+00:00,media/audio/senior/S35045/e9eec00a82f8439399d2b771c7b703ac.json,audio/senior/e9eec00a82f8439399d2b771c7b703ac.wav
S35045,repeat_senior,퍼터커 반복 발음 과제 (어르신),0,퍼,senior_repeat_1763880550460_tmulo62pf,2025-11-23T06:49:10.406422+00:00,media/audio/senior/S35045/d760acfdf40d42b58bd65236d28db9c2.json,audio/senior/d760acfdf40d42b58bd65236d28db9c2.wav
S35045,repeat_senior,퍼터커 반복 발음 과제 (어르신),6,퍼터커,senior_repeat_1763880621562_sm2pqmfcn,2025-11-23T06:50:21.507174+00:00,media/audio/senior/S35045/87879841d0f045d4bb9f982dfe6538bf.json,audio/senior/87879841d0f045d4bb9f982dfe6538bf.wav
S43153,repeat_senior,퍼터커 반복 발음 과제 (어르신),7,퍼터커,senior_repeat_1766020574792_03ubzueyb,2025-12-18T01:16:15.545276+00:00,media/audio/senior/S43153/99bad90561fe48708f564992013bcdaf.json,audio/senior/S43153/99bad90561fe48708f564992013bcdaf.wav
S43153,repeat_senior,퍼터커 반복 발음 과제 (어르신),1,퍼,senior_repeat_1766020477586_0oxttqi0l,2025-12-18T01:14:38.838556+00:00,media/audio/senior/S43153/e61235a046a14954a8e4ce29be3b241c.json,audio/senior/S43153/e61235a046a14954a8e4ce29be3b241c.wav
S43153,repeat_senior,퍼터커 반복 발음 과제 (어르신),5,커,senior_repeat_1766020538766_02vbx8i4y,2025-12-18T01:15:39.493092+00:00,media/audio/senior/S43153/c8d1cd97294f4cca8a49cf7022618e52.json,audio/senior/S43153/c8d1cd97294f4cca8a49cf7022618e52.wav
S43153,repeat_senior,퍼터커 반복 발음 과제 (어르신),6,퍼터커,senior_repeat_1766020558224_lconin8q1,2025-12-18T01:15:59.278301+00:00,media/audio/senior/S43153/0fd98e21830a4caea9f561a86c4fba56.json,audio/senior/S43153/0fd98e21830a4caea9f561a86c4fba56.wav
S43153,a_repeat_senior,아 반복 발음 과제 (어르신),,,session_1766020362137_7yu33g9u16,2025-12-18T01:12:42.892080+00:00,media/audio/senior/S43153/b9f263e131064e8b81b3e0b843710ebf.json,audio/senior/S43153/b9f263e131064e8b81b3e0b843710ebf.wav
S43153,repeat_senior,퍼터커 반복 발음 과제 (어르신),2,터,senior_repeat_1766020494491_b19qbv17q,2025-12-18T01:14:55.522433+00:00,media/audio/senior/S43153/d0f535dea65e4ed9a6b3de7691519198.json,audio/senior/S43153/d0f535dea65e4ed9a6b3de7691519198.wav
S43153,repeat_senior,퍼터커 반복 발음 과제 (어르신),0,퍼,senior_repeat_1766020463710_lifcl8sdu,2025-12-18T01:14:24.460495+00:00,media/audio/senior/S43153/1b935f3ee8bd42c19a83e955b3f35159.json,audio/senior/S43153/1b935f3ee8bd42c19a83e955b3f35159.wav
S43153,repeat_senior,퍼터커 반복 발음 과제 (어르신),4,커,senior_repeat_1766020524542_j8swkyakf,2025-12-18T01:15:25.589007+00:00,media/audio/senior/S43153/cad9fcc72d9b40dc83b3f3fee32a9cfc.json,audio/senior/S43153/cad9fcc72d9b40dc83b3f3fee32a9cfc.wav
S43153,repeat_senior,퍼터커 반복 발음 과제 (어르신),7,퍼터커,senior_repeat_1766020329753_6dglgbc4d,2025-12-18T01:12:10.094157+00:00,media/audio/senior/S43153/18398669060845cf801aef97cc15000d.json,audio/senior/S43153/18398669060845cf801aef97cc15000d.wav
S43153,repeat_senior,퍼터커 반복 발음 과제 (어르신),6,퍼터커,senior_repeat_1766020325979_xct9goc7w,2025-12-18T01:12:06.350297+00:00,media/audio/senior/S43153/c534bd97461c423699a8a6a6f819da26.json,audio/senior/S43153/c534bd97461c423699a8a6a6f819da26.wav
S43153,a_repeat_senior,아 반복 발음 과제 (어르신),,,session_1766020381000_rgaldvfvkjb,2025-12-18T01:13:01.956456+00:00,media/audio/senior/S43153/61833677001a4fc3836ec6f71d31a402.json,audio/senior/S43153/61833677001a4fc3836ec6f71d31a402.wav
S43153,repeat_senior,퍼터커 반복 발음 과제 (어르신),3,터,senior_repeat_1766020509575_8l83kpq16,2025-12-18T01:15:10.768893+00:00,media/audio/senior/S43153/84cc30bb64e9432586755c781118ffa9.json,audio/senior/S43153/84cc30bb64e9432586755c781118ffa9.wav
S46137,repeat_senior,퍼터커 반복 발음 과제 (어르신),5,커,senior_repeat_1768289855531_hb5b3rtev,2026-01-13T07:37:34.211223+00:00,media/audio/senior/S46137/755ca09de7574f0fbc0fb715e6f4282d.json,audio/senior/S46137/755ca09de7574f0fbc0fb715e6f4282d.wav
S46137,repeat_senior,퍼터커 반복 발음 과제 (어르신),0,퍼,senior_repeat_1768289794879_kypvxtsq8,2026-01-13T07:36:33.453656+00:00,media/audio/senior/S46137/39f6f83fdb014b73ae82db40694e4a77.json,audio/senior/S46137/39f6f83fdb014b73ae82db40694e4a77.wav
S46137,repeat_senior,퍼터커 반복 발음 과제 (어르신),6,퍼터커,senior_repeat_1768289870991_dgqg81v5j,2026-01-13T07:37:49.514834+00:00,media/audio/senior/S46137/24658f235ee84dd6b7573f2bc06e0b00.json,audio/senior/S46137/24658f235ee84dd6b7573f2bc06e0b00.wav
S46137,repeat_senior,퍼터커 반복 발음 과제 (어르신),2,터,senior_repeat_1768289820214_1ejl4gstg,2026-01-13T07:36:58.713824+00:00,media/audio/senior/S46137/2ac8d6593b854181881aac7bfc4c4c03.json,audio/senior/S46137/2ac8d6593b854181881aac7bfc4c4c03.wav
S46137,repeat_senior,퍼터커 반복 발음 과제 (어르신),1,퍼,senior_repeat_1768289807139_feyczu9un,2026-01-13T07:36:45.446504+00:00,media/audio/senior/S46137/ca49b0a7a5364f52a7f351deee60c517.json,audio/senior/S46137/ca49b0a7a5364f52a7f351deee60c517.wav
S46137,repeat_senior,퍼터커 반복 발음 과제 (어르신),3,터,senior_repeat_1768289830583_q9tix5mhb,2026-01-13T07:37:08.720590+00:00,media/audio/senior/S46137/7d53c58794ed4c858526d07b683ff454.json,audio/senior/S46137/7d53c58794ed4c858526d07b683ff454.wav
S46137,a_repeat_senior,아 반복 발음 과제 (어르신),,,session_1768289756901_gm96cjsjjd,2026-01-13T07:35:55.317887+00:00,media/audio/senior/S46137/1dedbc5915724ecd808079c43f322ffb.json,audio/senior/S46137/1dedbc5915724ecd808079c43f322ffb.wav
S46137,repeat_senior,퍼터커 반복 발음 과제 (어르신),4,커,senior_repeat_1768289843438_2qqxrc3qh,2026-01-13T07:37:22.040284+00:00,media/audio/senior/S46137/f795c2862f2e48ea808c8bdea3bc2a87.json,audio/senior/S46137/f795c2862f2e48ea808c8bdea3bc2a87.wav
S46137,repeat_senior,퍼터커 반복 발음 과제 (어르신),7,퍼터커,senior_repeat_1768289886873_h110frz4e,2026-01-13T07:38:05.419890+00:00,media/audio/senior/S46137/c1a11f1864b140e4b92d5d3d77a3c701.json,audio/senior/S46137/c1a11f1864b140e4b92d5d3d77a3c701.wav
S46137,a_repeat_senior,아 반복 발음 과제 (어르신),,,session_1768289734752_e1jt3khz7k,2026-01-13T07:35:33.115800+00:00,media/audio/senior/S46137/8082fcbb2c974f70aaae505cb1934abf.json,audio/senior/S46137/8082fcbb2c974f70aaae505cb1934abf.wav
S13854,repeat_senior,퍼터커 반복 발음 과제 (어르신),6,퍼터커,senior_repeat_1764291666555_3hrvr9a1j,2025-11-28T01:01:04.844231+00:00,media/audio/senior/S13854/5cea65f4256f428091ce5573cb8bdfc1.json,audio/senior/S13854/5cea65f4256f428091ce5573cb8bdfc1.wav
S13854,a_repeat_senior,아 반복 발음 과제 (어르신),,,session_1764291483006_zcmmm2k47a,2025-11-28T00:58:01.350186+00:00,media/audio/senior/S13854/ec748b4a1afd42d2af715859402cec98.json,audio/senior/S13854/ec748b4a1afd42d2af715859402cec98.wav
S13854,repeat_senior,퍼터커 반복 발음 과제 (어르신),0,퍼,senior_repeat_1764291514826_x4mdrmuc6,2025-11-28T00:58:33.124511+00:00,media/audio/senior/S13854/b48c0a0f61dc4076a489d68cea556428.json,audio/senior/S13854/b48c0a0f61dc4076a489d68cea556428.wav
S13854,repeat_senior,퍼터커 반복 발음 과제 (어르신),4,커,senior_repeat_1764291631702_otslcus7k,2025-11-28T01:00:30.119102+00:00,media/audio/senior/S13854/69428141f6a844e9a93a76b602ff8e93.json,audio/senior/S13854/69428141f6a844e9a93a76b602ff8e93.wav
S13854,repeat_senior,퍼터커 반복 발음 과제 (어르신),5,커,senior_repeat_1764291651205_c2fshlca8,2025-11-28T01:00:49.497349+00:00,media/audio/senior/S13854/267a0c706d114a65a6d528f02f31f3c9.json,audio/senior/S13854/267a0c706d114a65a6d528f02f31f3c9.wav
S13854,repeat_senior,퍼터커 반복 발음 과제 (어르신),1,퍼,senior_repeat_1764291525657_vlxst0lk6,2025-11-28T00:58:44.054869+00:00,media/audio/senior/S13854/444fc4b9a0e648b1be54380474b581cd.json,audio/senior/S13854/444fc4b9a0e648b1be54380474b581cd.wav
S13854,a_repeat_senior,아 반복 발음 과제 (어르신),,,session_1764291494167_32zdr69vshn,2025-11-28T00:58:12.457775+00:00,media/audio/senior/S13854/062acdd53345488096afb1ab7638aefd.json,audio/senior/S13854/062acdd53345488096afb1ab7638aefd.wav
S13854,repeat_senior,퍼터커 반복 발음 과제 (어르신),7,퍼터커,senior_repeat_1764291678121_j11pevoek,2025-11-28T01:01:16.412361+00:00,media/audio/senior/S13854/9dbca48ed81f497da8355c1511167225.json,audio/senior/S13854/9dbca48ed81f497da8355c1511167225.wav
S13854,repeat_senior,퍼터커 반복 발음 과제 (어르신),2,터,senior_repeat_1764291539039_yvlie8rie,2025-11-28T00:58:57.336813+00:00,media/audio/senior/S13854/03f010a3ce67462b919e956098dbc621.json,audio/senior/S13854/03f010a3ce67462b919e956098dbc621.wav
S13854,repeat_senior,퍼터커 반복 발음 과제 (어르신),3,터,senior_repeat_1764291551417_vbe97qbs3,2025-11-28T00:59:09.706342+00:00,media/audio/senior/S13854/9ee4bed00a4d4a06b8bf857c6d977d77.json,audio/senior/S13854/9ee4bed00a4d4a06b8bf857c6d977d77.wav
S45311,repeat_senior,퍼터커 반복 발음 과제 (어르신),5,커,senior_repeat_1764492539577_mvuvwplu6,2025-11-30T08:48:59.044741+00:00,media/audio/senior/S45311/c237d2813bc946b9be59dfe08fe70f1e.json,audio/senior/S45311/c237d2813bc946b9be59dfe08fe70f1e.wav
S45311,repeat_senior,퍼터커 반복 발음 과제 (어르신),1,퍼,senior_repeat_1764492468957_6mq01c8ep,2025-11-30T08:47:48.448663+00:00,media/audio/senior/S45311/23a925c7c9074ef2961f5739c3ebe4d7.json,audio/senior/S45311/23a925c7c9074ef2961f5739c3ebe4d7.wav
S45311,repeat_senior,퍼터커 반복 발음 과제 (어르신),6,퍼터커,senior_repeat_1764492564389_pht5qyby9,2025-11-30T08:49:23.845948+00:00,media/audio/senior/S45311/95fc397d2bf0488d8e094f5005f6e303.json,audio/senior/S45311/95fc397d2bf0488d8e094f5005f6e303.wav
S45311,repeat_senior,퍼터커 반복 발음 과제 (어르신),3,터,senior_repeat_1764492506760_7rc4n7ncr,2025-11-30T08:48:26.223049+00:00,media/audio/senior/S45311/75b9502a247048c3afab789cb83a7466.json,audio/senior/S45311/75b9502a247048c3afab789cb83a7466.wav
S45311,repeat_senior,퍼터커 반복 발음 과제 (어르신),0,퍼,senior_repeat_1764492454828_6q1nhgs13,2025-11-30T08:47:34.304131+00:00,media/audio/senior/S45311/99c9b5aae4b942d4ad1f9231a71f9e46.json,audio/senior/S45311/99c9b5aae4b942d4ad1f9231a71f9e46.wav
S45311,a_repeat_senior,아 반복 발음 과제 (어르신),,,session_1764492399033_9x4eboratpe,2025-11-30T08:46:38.547660+00:00,media/audio/senior/S45311/6d0ed91700cc42b1b24e267bc3b58317.json,audio/senior/S45311/6d0ed91700cc42b1b24e267bc3b58317.wav
S45311,repeat_senior,퍼터커 반복 발음 과제 (어르신),2,터,senior_repeat_1764492492244_etjrhfq9k,2025-11-30T08:48:11.691802+00:00,media/audio/senior/S45311/735d8fbd81414d15a98c59f232fbc931.json,audio/senior/S45311/735d8fbd81414d15a98c59f232fbc931.wav
S45311,a_repeat_senior,아 반복 발음 과제 (어르신),,,session_1764492421048_wakmavu9rjr,2025-11-30T08:47:00.531087+00:00,media/audio/senior/S45311/7e587aa4d5ce42a28bb130025e5f1365.json,audio/senior/S45311/7e587aa4d5ce42a28bb130025e5f1365.wav
S45311,repeat_senior,퍼터커 반복 발음 과제 (어르신),7,퍼터커,senior_repeat_1764492578710_i20hvogym,2025-11-30T08:49:38.189184+00:00,media/audio/senior/S45311/128f443b60024655b574293dc7710b4f.json,audio/senior/S45311/128f443b60024655b574293dc7710b4f.wav
S45311,repeat_senior,퍼터커 반복 발음 과제 (어르신),4,커,senior_repeat_1764492526877_zftgb0swg,2025-11-30T08:48:46.333716+00:00,media/audio/senior/S45311/ecf13a31c643452b8eba0542e98c39af.json,audio/senior/S45311/ecf13a31c643452b8eba0542e98c39af.wav
S26719,repeat_senior,퍼터커 반복 발음 과제 (어르신),4,커,senior_repeat_1761388408282_fmxp2icgo,2025-10-25T10:33:28.380889+00:00,media/audio/senior/S26719/e97ab8f89d7645a6ba30c42af7ab4c6f.json,audio/senior/e97ab8f89d7645a6ba30c42af7ab4c6f.wav
S26719,repeat_senior,퍼터커 반복 발음 과제 (어르신),0,퍼,senior_repeat_1761388311724_psfkgbhdg,2025-10-25T10:31:51.816506+00:00,media/audio/senior/S26719/3c900f26d92e4cf3bb0a1c39f466795f.json,audio/senior/3c900f26d92e4cf3bb0a1c39f466795f.wav
S26719,repeat_senior,퍼터커 반복 발음 과제 (어르신),1,퍼,senior_repeat_1761388327622_rpcjx17r2,2025-10-25T10:32:07.712154+00:00,media/audio/senior/S26719/8f577aa18045491c84e06cd026e2675c.json,audio/senior/8f577aa18045491c84e06cd026e2675c.wav
S26719,repeat_senior,퍼터커 반복 발음 과제 (어르신),5,커,senior_repeat_1761388424034_dnipm4js9,2025-10-25T10:33:44.137093+00:00,media/audio/senior/S26719/e67dabeead764f52836ed029f6c2115e.json,audio/senior/e67dabeead764f52836ed029f6c2115e.wav
S26719,repeat_senior,퍼터커 반복 발음 과제 (어르신),6,퍼터커,senior_repeat_1761388446900_phmbgm1m1,2025-10-25T10:34:07.005251+00:00,media/audio/senior/S26719/c11f231f990b460391f854b885ce3ba3.json,audio/senior/c11f231f990b460391f854b885ce3ba3.wav
S26719,a_repeat_senior,아 반복 발음 과제 (어르신),,,session_1761388287876_pe170i7ojzg,2025-10-25T10:31:28.002426+00:00,media/audio/senior/S26719/29d20c7285d14a9dae4dc05806400829.json,audio/senior/29d20c7285d14a9dae4dc05806400829.wav
S26719,a_repeat_senior,아 반복 발음 과제 (어르신),,,session_1761388270976_omifhd608zr,2025-10-25T10:31:11.106402+00:00,media/audio/senior/S26719/bae014431e8449c88db1c788da2bb819.json,audio/senior/bae014431e8449c88db1c788da2bb819.wav
S26719,repeat_senior,퍼터커 반복 발음 과제 (어르신),7,퍼터커,senior_repeat_1761388461390_tib9xqmdr,2025-10-25T10:34:21.487484+00:00,media/audio/senior/S26719/6ba307a871a54133a02f63e5c5049ce7.json,audio/senior/6ba307a871a54133a02f63e5c5049ce7.wav
S26719,repeat_senior,퍼터커 반복 발음 과제 (어르신),3,터,senior_repeat_1761388368999_k6makoayf,2025-10-25T10:32:49.102852+00:00,media/audio/senior/S26719/9c43b81c281c4bcbb4cbcefdde3bed10.json,audio/senior/9c43b81c281c4bcbb4cbcefdde3bed10.wav
S26719,repeat_senior,퍼터커 반복 발음 과제 (어르신),2,터,senior_repeat_1761388353997_gual3pzm2,2025-10-25T10:32:34.081050+00:00,media/audio/senior/S26719/6d8a7f93554c41f1a8dbe9dca1e6d82d.json,audio/senior/6d8a7f93554c41f1a8dbe9dca1e6d82d.wav
S2602091050,repeat_senior,퍼터커 반복 발음 과제 (어르신),5,커,senior_repeat_1770602135577_tslakliba,2026-02-09T01:55:37.117311+00:00,media/audio/senior/S2602091050/b823124927ce4e9785677d9703dae212.json,audio/senior/S2602091050/b823124927ce4e9785677d9703dae212.wav
S2602091050,a_repeat_senior,아 반복 발음 과제 (어르신),,,session_1770602024144_gzbbindvl5,2026-02-09T01:53:45.550505+00:00,media/audio/senior/S2602091050/0d3c1a18e73a478285ccb91b4477f916.json,audio/senior/S2602091050/0d3c1a18e73a478285ccb91b4477f916.wav
S2602091050,repeat_senior,퍼터커 반복 발음 과제 (어르신),7,퍼터커,senior_repeat_1770602177618_h67i5tfxd,2026-02-09T01:56:18.759071+00:00,media/audio/senior/S2602091050/091ab89fa81045c6b7ffdd23664c8157.json,audio/senior/S2602091050/091ab89fa81045c6b7ffdd23664c8157.wav
S2602091050,repeat_senior,퍼터커 반복 발음 과제 (어르신),2,터,senior_repeat_1770602087457_418trcunk,2026-02-09T01:54:48.846247+00:00,media/audio/senior/S2602091050/30f46f347e0d4393b25d95b72a8293e8.json,audio/senior/S2602091050/30f46f347e0d4393b25d95b72a8293e8.wav
S2602091050,repeat_senior,퍼터커 반복 발음 과제 (어르신),1,퍼,senior_repeat_1770602069507_uluqmakt8,2026-02-09T01:54:30.612084+00:00,media/audio/senior/S2602091050/97a7e97e67e44110a2b0f4bc36d436fc.json,audio/senior/S2602091050/97a7e97e67e44110a2b0f4bc36d436fc.wav
S2602091050,repeat_senior,퍼터커 반복 발음 과제 (어르신),4,커,senior_repeat_1770602118802_zsbbr3d0v,2026-02-09T01:55:20.217522+00:00,media/audio/senior/S2602091050/88e24bfeeff242538e5de44d0473fb1b.json,audio/senior/S2602091050/88e24bfeeff242538e5de44d0473fb1b.wav
S2602091050,repeat_senior,퍼터커 반복 발음 과제 (어르신),3,터,senior_repeat_1770602101824_qd2k865jx,2026-02-09T01:55:03.040291+00:00,media/audio/senior/S2602091050/844bdfb30e4a426fb7fdfa8c38ad51a6.json,audio/senior/S2602091050/844bdfb30e4a426fb7fdfa8c38ad51a6.wav
S2602091050,a_repeat_senior,아 반복 발음 과제 (어르신),,,session_1770602006468_di6ms8oglm,2026-02-09T01:53:27.777814+00:00,media/audio/senior/S2602091050/0a1cfa2a68cd422680e54d5c72dc9e4c.json,audio/senior/S2602091050/0a1cfa2a68cd422680e54d5c72dc9e4c.wav
S2602091050,repeat_senior,퍼터커 반복 발음 과제 (어르신),6,퍼터커,senior_repeat_1770602159553_zm2zaoccr,2026-02-09T01:56:00.878410+00:00,media/audio/senior/S2602091050/58d795b414d148c5868ceb0511ef8715.json,audio/senior/S2602091050/58d795b414d148c5868ceb0511ef8715.wav
S2602091050,repeat_senior,퍼터커 반복 발음 과제 (어르신),0,퍼,senior_repeat_1770602052727_4wgb4trk1,2026-02-09T01:54:14.058604+00:00,media/audio/senior/S2602091050/2493245b84714ee696c00b0949316c31.json,audio/senior/S2602091050/2493245b84714ee696c00b0949316c31.wav
S19869,repeat_senior,퍼터커 반복 발음 과제 (어르신),6,퍼터커,senior_repeat_1764343706061_er6m1udc5,2025-11-28T15:28:26.439383+00:00,media/audio/senior/S19869/40a7bd787f7a4056a53a7e26a6927370.json,audio/senior/S19869/40a7bd787f7a4056a53a7e26a6927370.wav
S19869,repeat_senior,퍼터커 반복 발음 과제 (어르신),5,커,senior_repeat_1764343674407_faatpts5d,2025-11-28T15:27:54.775373+00:00,media/audio/senior/S19869/fa708574666b44128600fcd5c1fe4130.json,audio/senior/S19869/fa708574666b44128600fcd5c1fe4130.wav
S19869,repeat_senior,퍼터커 반복 발음 과제 (어르신),7,퍼터커,senior_repeat_1764343728380_nx0y1b5ig,2025-11-28T15:28:48.718131+00:00,media/audio/senior/S19869/0419f7d3e6c5486c8aede23f5f383748.json,audio/senior/S19869/0419f7d3e6c5486c8aede23f5f383748.wav
S19869,repeat_senior,퍼터커 반복 발음 과제 (어르신),1,퍼,senior_repeat_1764343586029_en7yk1dru,2025-11-28T15:26:26.367667+00:00,media/audio/senior/S19869/a5543fe281114c1d8d749733bb97b36d.json,audio/senior/S19869/a5543fe281114c1d8d749733bb97b36d.wav
S19869,a_repeat_senior,아 반복 발음 과제 (어르신),,,session_1764343495593_x5tfkmrjefl,2025-11-28T15:24:55.994731+00:00,media/audio/senior/S19869/b2dcf4bb05b74f398e9e1936c7681deb.json,audio/senior/S19869/b2dcf4bb05b74f398e9e1936c7681deb.wav
S19869,repeat_senior,퍼터커 반복 발음 과제 (어르신),0,퍼,senior_repeat_1764343560792_l6q8tocww,2025-11-28T15:26:01.242772+00:00,media/audio/senior/S19869/d4a287742f9a46feb5e7520c3fab6e98.json,audio/senior/S19869/d4a287742f9a46feb5e7520c3fab6e98.wav
S19869,a_repeat_senior,아 반복 발음 과제 (어르신),,,session_1764343534302_c2ch1gj11rw,2025-11-28T15:25:34.757918+00:00,media/audio/senior/S19869/b0e0f87f541b4ce8b557246f9d928afa.json,audio/senior/S19869/b0e0f87f541b4ce8b557246f9d928afa.wav
S19869,repeat_senior,퍼터커 반복 발음 과제 (어르신),2,터,senior_repeat_1764343604578_3zufhk1eb,2025-11-28T15:26:44.902237+00:00,media/audio/senior/S19869/896cbb28c4154b5297c4d5b79ca1ce08.json,audio/senior/S19869/896cbb28c4154b5297c4d5b79ca1ce08.wav
S19869,repeat_senior,퍼터커 반복 발음 과제 (어르신),3,터,senior_repeat_1764343624571_8b0pr4amc,2025-11-28T15:27:04.921538+00:00,media/audio/senior/S19869/16ad764e2ec242a0b55ed05b5b84e271.json,audio/senior/S19869/16ad764e2ec242a0b55ed05b5b84e271.wav
S19869,repeat_senior,퍼터커 반복 발음 과제 (어르신),4,커,senior_repeat_1764343647993_r8zw99e72,2025-11-28T15:27:28.367835+00:00,media/audio/senior/S19869/ecec8e1bc1604e1f8e0508a08b30e6cc.json,audio/senior/S19869/ecec8e1bc1604e1f8e0508a08b30e6cc.wav
S45446,repeat_senior,퍼터커 반복 발음 과제 (어르신),1,퍼,senior_repeat_1764479682318_2eap6rd2y,2025-11-30T05:14:41.752495+00:00,media/audio/senior/S45446/0de2ab3816e6462ca7285e3c594af389.json,audio/senior/S45446/0de2ab3816e6462ca7285e3c594af389.wav
S45446,repeat_senior,퍼터커 반복 발음 과제 (어르신),6,퍼터커,senior_repeat_1764479754133_424qbz714,2025-11-30T05:15:53.492868+00:00,media/audio/senior/S45446/e4dcd8f144324667b5dd6011bae3666b.json,audio/senior/S45446/e4dcd8f144324667b5dd6011bae3666b.wav
S45446,repeat_senior,퍼터커 반복 발음 과제 (어르신),4,커,senior_repeat_1764479727102_vv0wmsn55,2025-11-30T05:15:26.443285+00:00,media/audio/senior/S45446/21dc5adf29f74b19bd7fa60a600ff6da.json,audio/senior/S45446/21dc5adf29f74b19bd7fa60a600ff6da.wav
S45446,repeat_senior,퍼터커 반복 발음 과제 (어르신),0,퍼,senior_repeat_1764479669347_fiyyvg7yz,2025-11-30T05:14:28.796818+00:00,media/audio/senior/S45446/3edaef42bd5e45a0a2936ed0f266dda8.json,audio/senior/S45446/3edaef42bd5e45a0a2936ed0f266dda8.wav
S45446,repeat_senior,퍼터커 반복 발음 과제 (어르신),5,커,senior_repeat_1764479739035_v8qisnwht,2025-11-30T05:15:38.452702+00:00,media/audio/senior/S45446/ebd2fdb9979b400da84f507e9ef18051.json,audio/senior/S45446/ebd2fdb9979b400da84f507e9ef18051.wav
S45446,repeat_senior,퍼터커 반복 발음 과제 (어르신),7,퍼터커,senior_repeat_1764479764731_o0jnrkhi4,2025-11-30T05:16:04.171659+00:00,media/audio/senior/S45446/59f600e9f91f4100b5bb6e51dd175e2c.json,audio/senior/S45446/59f600e9f91f4100b5bb6e51dd175e2c.wav
S45446,a_repeat_senior,아 반복 발음 과제 (어르신),,,session_1764479634711_f2xxw75jw5i,2025-11-30T05:13:54.817557+00:00,media/audio/senior/S45446/6bd30a5372a74b1a8069802676718c5c.json,audio/senior/S45446/6bd30a5372a74b1a8069802676718c5c.wav
S45446,a_repeat_senior,아 반복 발음 과제 (어르신),,,session_1764479604845_59viws2wd45,2025-11-30T05:13:24.470142+00:00,media/audio/senior/S45446/977a46748fdf4f00b056cb1b01de695f.json,audio/senior/S45446/977a46748fdf4f00b056cb1b01de695f.wav
S45446,repeat_senior,퍼터커 반복 발음 과제 (어르신),3,터,senior_repeat_1764479711356_cr5e8fonj,2025-11-30T05:15:10.736500+00:00,media/audio/senior/S45446/b8093e29c11c4b7487d3d4c5d3e8ff14.json,audio/senior/S45446/b8093e29c11c4b7487d3d4c5d3e8ff14.wav
S45446,repeat_senior,퍼터커 반복 발음 과제 (어르신),2,터,senior_repeat_1764479699172_1xo3bpheh,2025-11-30T05:14:58.641127+00:00,media/audio/senior/S45446/1fd571e6f5574556a0b9c143ba3565e0.json,audio/senior/S45446/1fd571e6f5574556a0b9c143ba3565e0.wav
S32137,repeat_senior,퍼터커 반복 발음 과제 (어르신),3,터,senior_repeat_1765682849575_jn6k8dx5z,2025-12-14T03:27:30.313034+00:00,media/audio/senior/S32137/e0d96fea4d394d2cae5875584dc5d296.json,audio/senior/S32137/e0d96fea4d394d2cae5875584dc5d296.wav
S32137,repeat_senior,퍼터커 반복 발음 과제 (어르신),1,퍼,senior_repeat_1765682822143_k3xk61l5o,2025-12-14T03:27:03.296831+00:00,media/audio/senior/S32137/2d862527fd444cada651f58841b6dc7a.json,audio/senior/S32137/2d862527fd444cada651f58841b6dc7a.wav
S32137,repeat_senior,퍼터커 반복 발음 과제 (어르신),5,커,senior_repeat_1765682872578_fumb8k87i,2025-12-14T03:27:54.134248+00:00,media/audio/senior/S32137/83d88399231243e6900d955265a20b5c.json,audio/senior/S32137/83d88399231243e6900d955265a20b5c.wav
S32137,repeat_senior,퍼터커 반복 발음 과제 (어르신),7,퍼터커,senior_repeat_1765682898289_fqlefyf7h,2025-12-14T03:28:19.187313+00:00,media/audio/senior/S32137/a2c5868ded0a4f4393e6da01bd151c7a.json,audio/senior/S32137/a2c5868ded0a4f4393e6da01bd151c7a.wav
S32137,repeat_senior,퍼터커 반복 발음 과제 (어르신),2,터,senior_repeat_1765682838249_d8lxprzfm,2025-12-14T03:27:19.174661+00:00,media/audio/senior/S32137/f5b13e872adf494c9ced7aa4b1df7d51.json,audio/senior/S32137/f5b13e872adf494c9ced7aa4b1df7d51.wav
S32137,a_repeat_senior,아 반복 발음 과제 (어르신),,,session_1765682779586_xphu85cdnoo,2025-12-14T03:26:20.713378+00:00,media/audio/senior/S32137/139aa6691ea142eb8726e9333d9be3a3.json,audio/senior/S32137/139aa6691ea142eb8726e9333d9be3a3.wav
S32137,repeat_senior,퍼터커 반복 발음 과제 (어르신),6,퍼터커,senior_repeat_1765682886434_ttunpas5x,2025-12-14T03:28:07.673895+00:00,media/audio/senior/S32137/df142580bdc44131ac82633b2ad522ef.json,audio/senior/S32137/df142580bdc44131ac82633b2ad522ef.wav
S32137,a_repeat_senior,아 반복 발음 과제 (어르신),,,session_1765682746469_e2ri9e2arv,2025-12-14T03:25:47.871193+00:00,media/audio/senior/S32137/ec0e39d7580c4fda97e8ceff6c619f05.json,audio/senior/S32137/ec0e39d7580c4fda97e8ceff6c619f05.wav
S32137,repeat_senior,퍼터커 반복 발음 과제 (어르신),4,커,senior_repeat_1765682860682_viz0rzqps,2025-12-14T03:27:41.348485+00:00,media/audio/senior/S32137/d14ade0bde354219a8376a9433f6b051.json,audio/senior/S32137/d14ade0bde354219a8376a9433f6b051.wav
S32137,repeat_senior,퍼터커 반복 발음 과제 (어르신),0,퍼,senior_repeat_1765682803925_lcw37zsrk,2025-12-14T03:26:44.975619+00:00,media/audio/senior/S32137/7b87e7992d774e518a4b3f75e86bbad9.json,audio/senior/S32137/7b87e7992d774e518a4b3f75e86bbad9.wav
S52534,repeat_senior,퍼터커 반복 발음 과제 (어르신),1,퍼,senior_repeat_1769236409445_r42tvfobz,2026-01-24T06:33:26.165952+00:00,media/audio/senior/S52534/fbea35722ef84b10a0a3c17312d502b5.json,audio/senior/S52534/fbea35722ef84b10a0a3c17312d502b5.wav
S52534,repeat_senior,퍼터커 반복 발음 과제 (어르신),5,커,senior_repeat_1769236480784_al4psh0tu,2026-01-24T06:34:37.511121+00:00,media/audio/senior/S52534/54f873d086ae492a8b189b51fd9a5510.json,audio/senior/S52534/54f873d086ae492a8b189b51fd9a5510.wav
S52534,repeat_senior,퍼터커 반복 발음 과제 (어르신),4,커,senior_repeat_1769236461835_j26w7mtar,2026-01-24T06:34:18.556202+00:00,media/audio/senior/S52534/fc40d3dc98f341e6960871e0f54608be.json,audio/senior/S52534/fc40d3dc98f341e6960871e0f54608be.wav
S52534,a_repeat_senior,아 반복 발음 과제 (어르신),,,session_1769236365182_q33cdo9ctb,2026-01-24T06:32:41.944084+00:00,media/audio/senior/S52534/779580ae6aa544cab628b7a73f068a3b.json,audio/senior/S52534/779580ae6aa544cab628b7a73f068a3b.wav
S52534,repeat_senior,퍼터커 반복 발음 과제 (어르신),3,터,senior_repeat_1769236443435_gvbfiknep,2026-01-24T06:34:00.197233+00:00,media/audio/senior/S52534/5ed6ec74119549b997f9d24edd8a75bd.json,audio/senior/S52534/5ed6ec74119549b997f9d24edd8a75bd.wav
S52534,repeat_senior,퍼터커 반복 발음 과제 (어르신),0,퍼,senior_repeat_1769236393724_3qhuchy6t,2026-01-24T06:33:10.477940+00:00,media/audio/senior/S52534/6c10406c9c714b8795ebb84e71e9f1ec.json,audio/senior/S52534/6c10406c9c714b8795ebb84e71e9f1ec.wav
S52534,repeat_senior,퍼터커 반복 발음 과제 (어르신),2,터,senior_repeat_1769236424751_4lml7en6z,2026-01-24T06:33:41.490668+00:00,media/audio/senior/S52534/565f25b7d37d493f922fba4ec6790394.json,audio/senior/S52534/565f25b7d37d493f922fba4ec6790394.wav
S52534,repeat_senior,퍼터커 반복 발음 과제 (어르신),7,퍼터커,senior_repeat_1769236511426_9shg7x9is,2026-01-24T06:35:08.158581+00:00,media/audio/senior/S52534/5dd5df0376e24834a216d2ba1e3c6831.json,audio/senior/S52534/5dd5df0376e24834a216d2ba1e3c6831.wav
S52534,a_repeat_senior,아 반복 발음 과제 (어르신),,,session_1769236345102_fr56jdz510b,2026-01-24T06:32:21.834919+00:00,media/audio/senior/S52534/c0445b3805674970ad5082e3d74db843.json,audio/senior/S52534/c0445b3805674970ad5082e3d74db843.wav
S52534,repeat_senior,퍼터커 반복 발음 과제 (어르신),6,퍼터커,senior_repeat_1769236499166_0cqtdnvmq,2026-01-24T06:34:55.889053+00:00,media/audio/senior/S52534/bb86c07c60394b9bae8386c01232a446.json,audio/senior/S52534/bb86c07c60394b9bae8386c01232a446.wav
S2602182022,repeat_senior,퍼터커 반복 발음 과제 (어르신),0,퍼,senior_repeat_1771413879188_tbdp07ra5,2026-02-18T11:24:39.627783+00:00,media/audio/senior/S2602182022/e028920f34e54677bd2037072f9f775f.json,audio/senior/S2602182022/e028920f34e54677bd2037072f9f775f.wav
S2602182022,repeat_senior,퍼터커 반복 발음 과제 (어르신),3,터,senior_repeat_1771413911041_jq4jw9kpj,2026-02-18T11:25:11.474520+00:00,media/audio/senior/S2602182022/168617f795e042f4b73b5f0e05410f2b.json,audio/senior/S2602182022/168617f795e042f4b73b5f0e05410f2b.wav
S2602182022,repeat_senior,퍼터커 반복 발음 과제 (어르신),1,퍼,senior_repeat_1771413893566_93ao5exoo,2026-02-18T11:24:54.010813+00:00,media/audio/senior/S2602182022/98b523e008774146b7730d416ec0dab0.json,audio/senior/S2602182022/98b523e008774146b7730d416ec0dab0.wav
S2602182022,a_repeat_senior,아 반복 발음 과제 (어르신),,,session_1771413859693_68xfuvag7y3,2026-02-18T11:24:20.136930+00:00,media/audio/senior/S2602182022/60002cca9df7431386ddb7feb992aeba.json,audio/senior/S2602182022/60002cca9df7431386ddb7feb992aeba.wav
S2602182022,repeat_senior,퍼터커 반복 발음 과제 (어르신),7,퍼터커,senior_repeat_1771413948195_5g6024fot,2026-02-18T11:25:48.629771+00:00,media/audio/senior/S2602182022/3c75eca85a0e47fb9f7d9c2685ccb69a.json,audio/senior/S2602182022/3c75eca85a0e47fb9f7d9c2685ccb69a.wav
S2602182022,repeat_senior,퍼터커 반복 발음 과제 (어르신),4,커,senior_repeat_1771413919765_g5vkoew2m,2026-02-18T11:25:20.196800+00:00,media/audio/senior/S2602182022/e32076b9dc2148ee98b9e85bac7b9f29.json,audio/senior/S2602182022/e32076b9dc2148ee98b9e85bac7b9f29.wav
S2602182022,repeat_senior,퍼터커 반복 발음 과제 (어르신),5,커,senior_repeat_1771413931606_00fgtxvp5,2026-02-18T11:25:32.041459+00:00,media/audio/senior/S2602182022/e1f5e98c93fb4eaaa938a9e05d219774.json,audio/senior/S2602182022/e1f5e98c93fb4eaaa938a9e05d219774.wav
S2602182022,a_repeat_senior,아 반복 발음 과제 (어르신),,,session_1771413845414_5dqpmrprx1u,2026-02-18T11:24:05.932719+00:00,media/audio/senior/S2602182022/f6f6f618c72045f6bb3f752fb04ba80a.json,audio/senior/S2602182022/f6f6f618c72045f6bb3f752fb04ba80a.wav
S2602182022,repeat_senior,퍼터커 반복 발음 과제 (어르신),6,퍼터커,senior_repeat_1771413940907_k5t93crgg,2026-02-18T11:25:41.348011+00:00,media/audio/senior/S2602182022/3509219d48fb42a4b8e888dc318e7110.json,audio/senior/S2602182022/3509219d48fb42a4b8e888dc318e7110.wav
S2602182022,repeat_senior,퍼터커 반복 발음 과제 (어르신),2,터,senior_repeat_1771413904062_ipi1cfpwd,2026-02-18T11:25:04.503010+00:00,media/audio/senior/S2602182022/9acc46011a604a90a482bff4894f5ed7.json,audio/senior/S2602182022/9acc46011a604a90a482bff4894f5ed7.wav
S97255,a_repeat_senior,아 반복 발음 과제 (어르신),,,session_1761658010166_bd88qbydsu,2025-10-28T13:26:50.385021+00:00,media/audio/senior/S97255/08a245f57e834a72b05edc485a875a05.json,audio/senior/08a245f57e834a72b05edc485a875a05.wav
S97255,repeat_senior,퍼터커 반복 발음 과제 (어르신),4,커,senior_repeat_1761658053634_gl3xxjes0,2025-10-28T13:27:33.772937+00:00,media/audio/senior/S97255/eca383ff28884405804a4e928744cc60.json,audio/senior/eca383ff28884405804a4e928744cc60.wav
S97255,repeat_senior,퍼터커 반복 발음 과제 (어르신),1,퍼,senior_repeat_1761658033415_rc2uyx6wg,2025-10-28T13:27:13.660247+00:00,media/audio/senior/S97255/c8d63fe456a441528ef9d1dacc53b081.json,audio/senior/c8d63fe456a441528ef9d1dacc53b081.wav
S97255,repeat_senior,퍼터커 반복 발음 과제 (어르신),6,퍼터커,senior_repeat_1761658065431_v4dugm840,2025-10-28T13:27:45.680191+00:00,media/audio/senior/S97255/63ae1f9e7d8c4fc1a991a1dec711c519.json,audio/senior/63ae1f9e7d8c4fc1a991a1dec711c519.wav
S97255,a_repeat_senior,아 반복 발음 과제 (어르신),,,session_1761658015128_nao2v0yh1cd,2025-10-28T13:26:55.254199+00:00,media/audio/senior/S97255/0a1c6eb224c24aafa9ff1546690a63a9.json,audio/senior/0a1c6eb224c24aafa9ff1546690a63a9.wav
S97255,repeat_senior,퍼터커 반복 발음 과제 (어르신),7,퍼터커,senior_repeat_1761658071435_hyvy9bj4g,2025-10-28T13:27:51.572253+00:00,media/audio/senior/S97255/42e5794e19674ad6b4ad8a6dea4a06b3.json,audio/senior/42e5794e19674ad6b4ad8a6dea4a06b3.wav
S97255,repeat_senior,퍼터커 반복 발음 과제 (어르신),3,터,senior_repeat_1761658048944_mlwh40pgz,2025-10-28T13:27:29.051791+00:00,media/audio/senior/S97255/f859bfe242264e2fafa210a66eabec00.json,audio/senior/f859bfe242264e2fafa210a66eabec00.wav
S97255,repeat_senior,퍼터커 반복 발음 과제 (어르신),2,터,senior_repeat_1761658043708_n0i4f43gh,2025-10-28T13:27:23.968787+00:00,media/audio/senior/S97255/922e2e681f9a4fdf8edc53146c0a1b7c.json,audio/senior/922e2e681f9a4fdf8edc53146c0a1b7c.wav
S97255,repeat_senior,퍼터커 반복 발음 과제 (어르신),0,퍼,senior_repeat_1761658024265_t9lmhwo3e,2025-10-28T13:27:04.429404+00:00,media/audio/senior/S97255/315470a42b9c43d4bde3ec412ca387f2.json,audio/senior/315470a42b9c43d4bde3ec412ca387f2.wav
S97255,repeat_senior,퍼터커 반복 발음 과제 (어르신),5,커,senior_repeat_1761658058401_lo6lfs5av,2025-10-28T13:27:38.517385+00:00,media/audio/senior/S97255/e128c2ca87d444a3813b239fc1a046e9.json,audio/senior/e128c2ca87d444a3813b239fc1a046e9.wav
S64524,repeat_senior,퍼터커 반복 발음 과제 (어르신),2,터,senior_repeat_1760456092640_aar1avmvv,2025-10-14T15:34:52.850803+00:00,media/audio/senior/S64524/9d7717ec57e944d0b5f843a927c07c6e.json,audio/senior/9d7717ec57e944d0b5f843a927c07c6e.wav
S64524,a_repeat_senior,아 반복 발음 과제 (어르신),,,session_1760456053987_hpdgohp96kp,2025-10-14T15:34:14.245758+00:00,media/audio/senior/S64524/ec1a01936a31456eb33ae4dad2c4c472.json,audio/senior/ec1a01936a31456eb33ae4dad2c4c472.wav
S64524,a_repeat_senior,아 반복 발음 과제 (어르신),,,session_1760456066396_6o8pgy8cd6,2025-10-14T15:34:26.620797+00:00,media/audio/senior/S64524/279efeb36150479b992fe26e5a0623a3.json,audio/senior/279efeb36150479b992fe26e5a0623a3.wav
S64524,repeat_senior,퍼터커 반복 발음 과제 (어르신),3,터,senior_repeat_1760456095901_a105a5tg1,2025-10-14T15:34:56.105004+00:00,media/audio/senior/S64524/7a16c46ae360418fa60d5c009e2248a0.json,audio/senior/7a16c46ae360418fa60d5c009e2248a0.wav
S64524,repeat_senior,퍼터커 반복 발음 과제 (어르신),5,커,senior_repeat_1760456102582_zm7g9a2ic,2025-10-14T15:35:02.781869+00:00,media/audio/senior/S64524/77366b8ebc9e49498bd577d516bf9339.json,audio/senior/77366b8ebc9e49498bd577d516bf9339.wav
S64524,a_repeat_senior,아 반복 발음 과제 (어르신),,,session_1760456070998_2z86r47vilk,2025-10-14T15:34:31.216850+00:00,media/audio/senior/S64524/71c3112213d847f284f50ee5598e9afa.json,audio/senior/71c3112213d847f284f50ee5598e9afa.wav
S64524,a_repeat_senior,아 반복 발음 과제 (어르신),,,session_1760456062115_jxrj63hlcdb,2025-10-14T15:34:22.340070+00:00,media/audio/senior/S64524/3bc0652bdf5f4f17b033d26f31ec1f9b.json,audio/senior/3bc0652bdf5f4f17b033d26f31ec1f9b.wav
S64524,repeat_senior,퍼터커 반복 발음 과제 (어르신),4,커,senior_repeat_1760456099302_o9gozsvvs,2025-10-14T15:34:59.481481+00:00,media/audio/senior/S64524/cef8194981cf4891bd1e95564edd1a87.json,audio/senior/cef8194981cf4891bd1e95564edd1a87.wav
S64524,repeat_senior,퍼터커 반복 발음 과제 (어르신),1,퍼,senior_repeat_1760456089482_47yi61151,2025-10-14T15:34:49.768703+00:00,media/audio/senior/S64524/53b6fe46366c4cbd8f2c0efbc39f5070.json,audio/senior/53b6fe46366c4cbd8f2c0efbc39f5070.wav
S64524,a_repeat_senior,아 반복 발음 과제 (어르신),,,session_1760456057773_deju1zikvja,2025-10-14T15:34:18.061495+00:00,media/audio/senior/S64524/e7d86fe651d34c45aa49aacd7e972ce3.json,audio/senior/e7d86fe651d34c45aa49aacd7e972ce3.wav
S64524,repeat_senior,퍼터커 반복 발음 과제 (어르신),6,퍼터커,senior_repeat_1760456105651_zwsrlxaly,2025-10-14T15:35:05.823003+00:00,media/audio/senior/S64524/977a45e957ec457e9bc9045383a5aa9a.json,audio/senior/977a45e957ec457e9bc9045383a5aa9a.wav
S64524,repeat_senior,퍼터커 반복 발음 과제 (어르신),0,퍼,senior_repeat_1760456085992_25stdb501,2025-10-14T15:34:46.212107+00:00,media/audio/senior/S64524/f1f1ddd3fab9418d9567159a608e994c.json,audio/senior/f1f1ddd3fab9418d9567159a608e994c.wav
S64524,repeat_senior,퍼터커 반복 발음 과제 (어르신),7,퍼터커,senior_repeat_1760456109011_mrvufdi2w,2025-10-14T15:35:09.224978+00:00,media/audio/senior/S64524/1c096d4997fb409490a83fe0477af800.json,audio/senior/1c096d4997fb409490a83fe0477af800.wav
S53765,repeat_senior,퍼터커 반복 발음 과제 (어르신),7,퍼터커,senior_repeat_1771287365152_902n0y98q,2026-02-17T00:16:05.962996+00:00,media/audio/senior/S53765/54994b7fac884ecbb70c8bba9ae2fb80.json,audio/senior/S53765/54994b7fac884ecbb70c8bba9ae2fb80.wav
S53765,repeat_senior,퍼터커 반복 발음 과제 (어르신),0,퍼,senior_repeat_1771287278760_ken0ul4cy,2026-02-17T00:14:39.460305+00:00,media/audio/senior/S53765/9ef83786e543410a950ac5520f845056.json,audio/senior/S53765/9ef83786e543410a950ac5520f845056.wav
S53765,repeat_senior,퍼터커 반복 발음 과제 (어르신),1,퍼,senior_repeat_1771287287693_un7tonnuf,2026-02-17T00:14:48.377902+00:00,media/audio/senior/S53765/6a77781c6b364dc9b79240f330a00691.json,audio/senior/S53765/6a77781c6b364dc9b79240f330a00691.wav
S53765,repeat_senior,퍼터커 반복 발음 과제 (어르신),5,커,senior_repeat_1771287327018_5lkwu9hqw,2026-02-17T00:15:27.705673+00:00,media/audio/senior/S53765/dcbe0861abe04ef7ae3f0e41d1a84ab3.json,audio/senior/S53765/dcbe0861abe04ef7ae3f0e41d1a84ab3.wav
S53765,repeat_senior,퍼터커 반복 발음 과제 (어르신),3,터,senior_repeat_1771287307604_qcuwrg96i,2026-02-17T00:15:08.257675+00:00,media/audio/senior/S53765/059dae657c514888b02fe8dd8fb7e149.json,audio/senior/S53765/059dae657c514888b02fe8dd8fb7e149.wav
S53765,a_repeat_senior,아 반복 발음 과제 (어르신),,,session_1771287226663_2fwwbiohhz7,2026-02-17T00:13:47.501543+00:00,media/audio/senior/S53765/b6441d2a23974983badba28ee6e1d04d.json,audio/senior/S53765/b6441d2a23974983badba28ee6e1d04d.wav
S53765,repeat_senior,퍼터커 반복 발음 과제 (어르신),2,터,senior_repeat_1771287298789_efd0xdns0,2026-02-17T00:14:59.466417+00:00,media/audio/senior/S53765/95105bb66a48499b8148f5814cd33b80.json,audio/senior/S53765/95105bb66a48499b8148f5814cd33b80.wav
S53765,repeat_senior,퍼터커 반복 발음 과제 (어르신),4,커,senior_repeat_1771287318069_1yzafq2jq,2026-02-17T00:15:18.729594+00:00,media/audio/senior/S53765/18cb1beab57d422dad3fda155c489b68.json,audio/senior/S53765/18cb1beab57d422dad3fda155c489b68.wav
S53765,repeat_senior,퍼터커 반복 발음 과제 (어르신),6,퍼터커,senior_repeat_1771287339735_kg7nbf6tv,2026-02-17T00:15:40.535137+00:00,media/audio/senior/S53765/b33c5d35a0484e8f9064216674121eff.json,audio/senior/S53765/b33c5d35a0484e8f9064216674121eff.wav
S53765,a_repeat_senior,아 반복 발음 과제 (어르신),,,session_1771287260647_5ay8dpg4o6r,2026-02-17T00:14:21.622246+00:00,media/audio/senior/S53765/12e3294971e24527bc5e143f23116f13.json,audio/senior/S53765/12e3294971e24527bc5e143f23116f13.wav
S55144,repeat_senior,퍼터커 반복 발음 과제 (어르신),7,퍼터커,senior_repeat_1764401291462_z9caw9oza,2025-11-29T07:28:11.566617+00:00,media/audio/senior/S55144/e5714005e8454674895332a4c24e33af.json,audio/senior/S55144/e5714005e8454674895332a4c24e33af.wav
S55144,repeat_senior,퍼터커 반복 발음 과제 (어르신),3,터,senior_repeat_1764401240350_lqoueoube,2025-11-29T07:27:20.464248+00:00,media/audio/senior/S55144/85a7cfc6174c441ab80016c616f7e7ef.json,audio/senior/S55144/85a7cfc6174c441ab80016c616f7e7ef.wav
S55144,repeat_senior,퍼터커 반복 발음 과제 (어르신),1,퍼,senior_repeat_1764401219050_helc529ff,2025-11-29T07:26:59.156212+00:00,media/audio/senior/S55144/fe7b1db80dee46168e402dddd72b6483.json,audio/senior/S55144/fe7b1db80dee46168e402dddd72b6483.wav
S55144,repeat_senior,퍼터커 반복 발음 과제 (어르신),2,터,senior_repeat_1764401230252_tsm2l5ia2,2025-11-29T07:27:10.360950+00:00,media/audio/senior/S55144/224ab3e2378a4de891c2df55541d0c36.json,audio/senior/S55144/224ab3e2378a4de891c2df55541d0c36.wav
S55144,a_repeat_senior,아 반복 발음 과제 (어르신),,,session_1764401193301_wc7p0p52py9,2025-11-29T07:26:33.430548+00:00,media/audio/senior/S55144/e3cd3205689148b7a69d9ba58568e618.json,audio/senior/S55144/e3cd3205689148b7a69d9ba58568e618.wav
S55144,repeat_senior,퍼터커 반복 발음 과제 (어르신),4,커,senior_repeat_1764401251969_t5yqfrnw3,2025-11-29T07:27:32.073884+00:00,media/audio/senior/S55144/78c6f5301bf54647859e3bc36d05209f.json,audio/senior/S55144/78c6f5301bf54647859e3bc36d05209f.wav
S55144,repeat_senior,퍼터커 반복 발음 과제 (어르신),5,커,senior_repeat_1764401261028_g8wg9tqdy,2025-11-29T07:27:41.133910+00:00,media/audio/senior/S55144/db11f97ef8d7496aaa2fde0369be4bcb.json,audio/senior/S55144/db11f97ef8d7496aaa2fde0369be4bcb.wav
S55144,repeat_senior,퍼터커 반복 발음 과제 (어르신),0,퍼,senior_repeat_1764401209978_xgru2n6sm,2025-11-29T07:26:50.084179+00:00,media/audio/senior/S55144/9d175d0e1c3e4642a2683ad767b0eae4.json,audio/senior/S55144/9d175d0e1c3e4642a2683ad767b0eae4.wav
S55144,a_repeat_senior,아 반복 발음 과제 (어르신),,,session_1764401168602_ymnmy521big,2025-11-29T07:26:08.710503+00:00,media/audio/senior/S55144/7850f48b43dc4c08ac4e0aa31fc170c9.json,audio/senior/S55144/7850f48b43dc4c08ac4e0aa31fc170c9.wav
S55144,a_repeat_senior,아 반복 발음 과제 (어르신),,,session_1764401181841_k0im830tf2o,2025-11-29T07:26:21.957885+00:00,media/audio/senior/S55144/499b3d318b6c416f904e019929a88454.json,audio/senior/S55144/499b3d318b6c416f904e019929a88454.wav
S55144,repeat_senior,퍼터커 반복 발음 과제 (어르신),6,퍼터커,senior_repeat_1764401274942_h2hwf79k2,2025-11-29T07:27:55.071870+00:00,media/audio/senior/S55144/f18d07abb9da45868ddd84cf68261150.json,audio/senior/S55144/f18d07abb9da45868ddd84cf68261150.wav
S52240,a_repeat_senior,아 반복 발음 과제 (어르신),,,session_1769754356139_a0hwoki1zkw,2026-01-30T06:25:56.459947+00:00,media/audio/senior/S52240/491ed25d29da442a89b7831aa863ee1d.json,audio/senior/S52240/491ed25d29da442a89b7831aa863ee1d.wav
S52240,repeat_senior,퍼터커 반복 발음 과제 (어르신),4,커,senior_repeat_1769754417141_cwztzjbvy,2026-01-30T06:26:57.464378+00:00,media/audio/senior/S52240/a558a8261a1f4619ab7f58cfd3456f83.json,audio/senior/S52240/a558a8261a1f4619ab7f58cfd3456f83.wav
S52240,repeat_senior,퍼터커 반복 발음 과제 (어르신),3,터,senior_repeat_1769754406865_yu1btjd8n,2026-01-30T06:26:47.197744+00:00,media/audio/senior/S52240/542aeef18585467d871d9cf83bc7d5bf.json,audio/senior/S52240/542aeef18585467d871d9cf83bc7d5bf.wav
S52240,repeat_senior,퍼터커 반복 발음 과제 (어르신),6,퍼터커,senior_repeat_1769754438351_cvmrjadi4,2026-01-30T06:27:18.671145+00:00,media/audio/senior/S52240/f7be8454c7e14c20aaeb6b560d355039.json,audio/senior/S52240/f7be8454c7e14c20aaeb6b560d355039.wav
S52240,a_repeat_senior,아 반복 발음 과제 (어르신),,,session_1769754344735_xyd9lvdzzh,2026-01-30T06:25:45.139560+00:00,media/audio/senior/S52240/d1ba982ad46247cfbfa98de663bb6bd7.json,audio/senior/S52240/d1ba982ad46247cfbfa98de663bb6bd7.wav
S52240,repeat_senior,퍼터커 반복 발음 과제 (어르신),0,퍼,senior_repeat_1769754375417_m6vjsvw45,2026-01-30T06:26:15.745765+00:00,media/audio/senior/S52240/971fe6c3610f42e494d029ae2cf67e1b.json,audio/senior/S52240/971fe6c3610f42e494d029ae2cf67e1b.wav
S52240,repeat_senior,퍼터커 반복 발음 과제 (어르신),2,터,senior_repeat_1769754397343_pzngce8xj,2026-01-30T06:26:37.676102+00:00,media/audio/senior/S52240/d1c025a717b14e14954e1a4a4690c639.json,audio/senior/S52240/d1c025a717b14e14954e1a4a4690c639.wav
S52240,repeat_senior,퍼터커 반복 발음 과제 (어르신),5,커,senior_repeat_1769754426685_8q0dvm3kk,2026-01-30T06:27:07.010848+00:00,media/audio/senior/S52240/9b4a04893e5a41d1a7abf81bacaf65fe.json,audio/senior/S52240/9b4a04893e5a41d1a7abf81bacaf65fe.wav
S52240,repeat_senior,퍼터커 반복 발음 과제 (어르신),1,퍼,senior_repeat_1769754386570_iw0x3bjl5,2026-01-30T06:26:26.911474+00:00,media/audio/senior/S52240/c97013fda8714cf0908e1d428789d0ce.json,audio/senior/S52240/c97013fda8714cf0908e1d428789d0ce.wav
S52240,repeat_senior,퍼터커 반복 발음 과제 (어르신),7,퍼터커,senior_repeat_1769754448503_psouyzfx4,2026-01-30T06:27:28.836462+00:00,media/audio/senior/S52240/0008d6f64fd848b387b524b78aa7b99f.json,audio/senior/S52240/0008d6f64fd848b387b524b78aa7b99f.wav
S31176,repeat_senior,퍼터커 반복 발음 과제 (어르신),0,퍼,senior_repeat_1769212232384_g7dkpiwv5,2026-01-23T23:50:30.029720+00:00,media/audio/senior/S31176/a1c6855db9fe46598d829c88e3e3ea9c.json,audio/senior/S31176/a1c6855db9fe46598d829c88e3e3ea9c.wav
S31176,a_repeat_senior,아 반복 발음 과제 (어르신),,,session_1769212213219_2mbalv9uha,2026-01-23T23:50:10.759379+00:00,media/audio/senior/S31176/809804baf1d1408d8b23e899fa3b68ad.json,audio/senior/S31176/809804baf1d1408d8b23e899fa3b68ad.wav
S31176,repeat_senior,퍼터커 반복 발음 과제 (어르신),5,커,senior_repeat_1769212306710_j2p4twxin,2026-01-23T23:51:43.885473+00:00,media/audio/senior/S31176/677d7951327544ecb3facce08506fa8b.json,audio/senior/S31176/677d7951327544ecb3facce08506fa8b.wav
S31176,repeat_senior,퍼터커 반복 발음 과제 (어르신),3,터,senior_repeat_1769212275902_rpqygxlff,2026-01-23T23:51:13.561666+00:00,media/audio/senior/S31176/692320e68a434b5d87e82b266b0922d2.json,audio/senior/S31176/692320e68a434b5d87e82b266b0922d2.wav
S31176,repeat_senior,퍼터커 반복 발음 과제 (어르신),7,퍼터커,senior_repeat_1769212342626_2q6ge0y1p,2026-01-23T23:52:20.240006+00:00,media/audio/senior/S31176/65294b9955914c3d90d985bf191e4569.json,audio/senior/S31176/65294b9955914c3d90d985bf191e4569.wav
S31176,repeat_senior,퍼터커 반복 발음 과제 (어르신),2,터,senior_repeat_1769212260742_re2ovuybb,2026-01-23T23:50:58.496018+00:00,media/audio/senior/S31176/987b1aabd3114d9cb27235ddea0d9489.json,audio/senior/S31176/987b1aabd3114d9cb27235ddea0d9489.wav
S31176,repeat_senior,퍼터커 반복 발음 과제 (어르신),1,퍼,senior_repeat_1769212246326_x63krpjqv,2026-01-23T23:50:44.012599+00:00,media/audio/senior/S31176/e35545972a154a38ae79ec835b183682.json,audio/senior/S31176/e35545972a154a38ae79ec835b183682.wav
S31176,repeat_senior,퍼터커 반복 발음 과제 (어르신),6,퍼터커,senior_repeat_1769212325746_0fkc4e4um,2026-01-23T23:52:02.930709+00:00,media/audio/senior/S31176/b495fba3689543e781f6d3823bbd4426.json,audio/senior/S31176/b495fba3689543e781f6d3823bbd4426.wav
S31176,a_repeat_senior,아 반복 발음 과제 (어르신),,,session_1769212194494_haznragb0vr,2026-01-23T23:49:52.220257+00:00,media/audio/senior/S31176/d58e4056a89b4d218b48ab796e33db8f.json,audio/senior/S31176/d58e4056a89b4d218b48ab796e33db8f.wav
S31176,repeat_senior,퍼터커 반복 발음 과제 (어르신),4,커,senior_repeat_1769212291359_54jwacapk,2026-01-23T23:51:28.973554+00:00,media/audio/senior/S31176/c662cc2b6c184b11bebf8f2b88d717f2.json,audio/senior/S31176/c662cc2b6c184b11bebf8f2b88d717f2.wav
S64166,repeat_senior,퍼터커 반복 발음 과제 (어르신),7,퍼터커,senior_repeat_1769517447397_zv5y6z5wx,2026-01-27T12:37:26.463794+00:00,media/audio/senior/S64166/5d865b3b75024422b89e49223dda32b6.json,audio/senior/S64166/5d865b3b75024422b89e49223dda32b6.wav
S64166,repeat_senior,퍼터커 반복 발음 과제 (어르신),0,퍼,senior_repeat_1769517322997_g65bx1sh3,2026-01-27T12:35:23.101866+00:00,media/audio/senior/S64166/785adbe288144f4bb4c52ebb7faa6db7.json,audio/senior/S64166/785adbe288144f4bb4c52ebb7faa6db7.wav
S64166,a_repeat_senior,아 반복 발음 과제 (어르신),,,session_1769517262546_qi05xtpzldi,2026-01-27T12:34:21.982508+00:00,media/audio/senior/S64166/da536ff180bf45a897f9ddfb2b1b6131.json,audio/senior/S64166/da536ff180bf45a897f9ddfb2b1b6131.wav
S64166,repeat_senior,퍼터커 반복 발음 과제 (어르신),2,터,senior_repeat_1769517378642_o77xlqomk,2026-01-27T12:36:17.737534+00:00,media/audio/senior/S64166/7f2ef07c9e894f73b6292a373626852d.json,audio/senior/S64166/7f2ef07c9e894f73b6292a373626852d.wav
S64166,repeat_senior,퍼터커 반복 발음 과제 (어르신),3,터,senior_repeat_1769517389603_fondegd5g,2026-01-27T12:36:28.410581+00:00,media/audio/senior/S64166/eae67a700c8f453b992657bf37cdd177.json,audio/senior/S64166/eae67a700c8f453b992657bf37cdd177.wav
S64166,repeat_senior,퍼터커 반복 발음 과제 (어르신),4,커,senior_repeat_1769517407362_jrtyrm51d,2026-01-27T12:36:47.103157+00:00,media/audio/senior/S64166/1d988c1f6f5540179d4fee56f5e3b2f5.json,audio/senior/S64166/1d988c1f6f5540179d4fee56f5e3b2f5.wav
S64166,repeat_senior,퍼터커 반복 발음 과제 (어르신),5,커,senior_repeat_1769517419268_3bfh0wj23,2026-01-27T12:36:58.335658+00:00,media/audio/senior/S64166/e7b1fa1d4af449558fa2f47c21cc942e.json,audio/senior/S64166/e7b1fa1d4af449558fa2f47c21cc942e.wav
S64166,a_repeat_senior,아 반복 발음 과제 (어르신),,,session_1769517285897_6al37e3cbey,2026-01-27T12:34:45.058972+00:00,media/audio/senior/S64166/5c7279b039124c44ae322d8d3565dfc4.json,audio/senior/S64166/5c7279b039124c44ae322d8d3565dfc4.wav
S64166,repeat_senior,퍼터커 반복 발음 과제 (어르신),1,퍼,senior_repeat_1769517363285_ahyjmgrp8,2026-01-27T12:36:02.574415+00:00,media/audio/senior/S64166/925786b318c44f3e97fb95b7b3efdd91.json,audio/senior/S64166/925786b318c44f3e97fb95b7b3efdd91.wav
S64166,repeat_senior,퍼터커 반복 발음 과제 (어르신),6,퍼터커,senior_repeat_1769517435913_74q4ly5t5,2026-01-27T12:37:14.914860+00:00,media/audio/senior/S64166/95435fc4b9a145f8b91e12cebeb0d764.json,audio/senior/S64166/95435fc4b9a145f8b91e12cebeb0d764.wav
S57123,repeat_senior,퍼터커 반복 발음 과제 (어르신),6,퍼터커,senior_repeat_1765033866635_cavd0jdes,2025-12-06T15:11:07.589671+00:00,media/audio/senior/S57123/4c76533d203a4a69988799affd202268.json,audio/senior/S57123/4c76533d203a4a69988799affd202268.wav
S57123,repeat_senior,퍼터커 반복 발음 과제 (어르신),4,커,senior_repeat_1765033831401_00oq5412o,2025-12-06T15:10:32.072304+00:00,media/audio/senior/S57123/27182a99d04a453283859f22fd845358.json,audio/senior/S57123/27182a99d04a453283859f22fd845358.wav
S57123,repeat_senior,퍼터커 반복 발음 과제 (어르신),3,터,senior_repeat_1765033815306_3il43j1vp,2025-12-06T15:10:15.916959+00:00,media/audio/senior/S57123/9c9aa743cc91445b8ce7d055ec5b2fa5.json,audio/senior/S57123/9c9aa743cc91445b8ce7d055ec5b2fa5.wav
S57123,repeat_senior,퍼터커 반복 발음 과제 (어르신),0,퍼,senior_repeat_1765033768585_lmjmc19zl,2025-12-06T15:09:29.670472+00:00,media/audio/senior/S57123/2eee1b7dfa75409c806954711db81839.json,audio/senior/S57123/2eee1b7dfa75409c806954711db81839.wav
S57123,repeat_senior,퍼터커 반복 발음 과제 (어르신),7,퍼터커,senior_repeat_1765033880461_3x85izdlr,2025-12-06T15:11:21.523354+00:00,media/audio/senior/S57123/5c56fee07a954d69867888c6afc2e98b.json,audio/senior/S57123/5c56fee07a954d69867888c6afc2e98b.wav
S57123,repeat_senior,퍼터커 반복 발음 과제 (어르신),2,터,senior_repeat_1765033801088_coytllhok,2025-12-06T15:10:01.913356+00:00,media/audio/senior/S57123/d2426eee3993418f8676a7dcc6165bc1.json,audio/senior/S57123/d2426eee3993418f8676a7dcc6165bc1.wav
S57123,a_repeat_senior,아 반복 발음 과제 (어르신),,,session_1765033743507_uhy6her2ry,2025-12-06T15:09:04.416341+00:00,media/audio/senior/S57123/70f3cc16ec2a44f09ca86343294b6449.json,audio/senior/S57123/70f3cc16ec2a44f09ca86343294b6449.wav
S57123,a_repeat_senior,아 반복 발음 과제 (어르신),,,session_1765033728095_pwsiceoj9ff,2025-12-06T15:08:49.418116+00:00,media/audio/senior/S57123/cd2d134ce8804e3c8e352e9fd2910a66.json,audio/senior/S57123/cd2d134ce8804e3c8e352e9fd2910a66.wav
S57123,repeat_senior,퍼터커 반복 발음 과제 (어르신),1,퍼,senior_repeat_1765033785908_q6jma699q,2025-12-06T15:09:46.834613+00:00,media/audio/senior/S57123/bc949a63e4a44b6dacf1caac2813e65d.json,audio/senior/S57123/bc949a63e4a44b6dacf1caac2813e65d.wav
S57123,repeat_senior,퍼터커 반복 발음 과제 (어르신),5,커,senior_repeat_1765033847776_0cfwjifgv,2025-12-06T15:10:48.600085+00:00,media/audio/senior/S57123/56b339d1d7b641cf9e6d756d6cca215b.json,audio/senior/S57123/56b339d1d7b641cf9e6d756d6cca215b.wav
S2602020938,repeat_senior,퍼터커 반복 발음 과제 (어르신),7,퍼터커,senior_repeat_1769992962254_3c1sio8ym,2026-02-02T00:42:39.373665+00:00,media/audio/senior/S2602020938/9cddfcc3d0034e26ae7b2e7c4006e306.json,audio/senior/S2602020938/9cddfcc3d0034e26ae7b2e7c4006e306.wav
S2602020938,repeat_senior,퍼터커 반복 발음 과제 (어르신),4,커,senior_repeat_1769992920087_8oe02ws2w,2026-02-02T00:41:57.035860+00:00,media/audio/senior/S2602020938/16b3e727baa94bb8bd3bc78bfd641ede.json,audio/senior/S2602020938/16b3e727baa94bb8bd3bc78bfd641ede.wav
S2602020938,a_repeat_senior,아 반복 발음 과제 (어르신),,,session_1769992837245_fs2bmhjt0y4,2026-02-02T00:40:34.537691+00:00,media/audio/senior/S2602020938/80afb89fcea8489cbfb8add3efb191d0.json,audio/senior/S2602020938/80afb89fcea8489cbfb8add3efb191d0.wav
S2602020938,repeat_senior,퍼터커 반복 발음 과제 (어르신),3,터,senior_repeat_1769992905653_1apfcw89z,2026-02-02T00:41:42.607934+00:00,media/audio/senior/S2602020938/d5e7423370e04dc580a7b0e83b107a66.json,audio/senior/S2602020938/d5e7423370e04dc580a7b0e83b107a66.wav
S2602020938,repeat_senior,퍼터커 반복 발음 과제 (어르신),6,퍼터커,senior_repeat_1769992949361_so36p1w7h,2026-02-02T00:42:26.345458+00:00,media/audio/senior/S2602020938/f5a5e66910d4425994ef5238ba81648c.json,audio/senior/S2602020938/f5a5e66910d4425994ef5238ba81648c.wav
S2602020938,repeat_senior,퍼터커 반복 발음 과제 (어르신),2,터,senior_repeat_1769992893773_gk4dq5m0p,2026-02-02T00:41:30.885140+00:00,media/audio/senior/S2602020938/ffeb23636f8743398a7545037d090897.json,audio/senior/S2602020938/ffeb23636f8743398a7545037d090897.wav
S2602020938,a_repeat_senior,아 반복 발음 과제 (어르신),,,session_1769992849006_5oezv9aegiw,2026-02-02T00:40:45.991103+00:00,media/audio/senior/S2602020938/4ffe9789a41244d59125ac33f5381ac4.json,audio/senior/S2602020938/4ffe9789a41244d59125ac33f5381ac4.wav
S2602020938,repeat_senior,퍼터커 반복 발음 과제 (어르신),1,퍼,senior_repeat_1769992879295_cney0i2bf,2026-02-02T00:41:16.238068+00:00,media/audio/senior/S2602020938/2b15ff0c01fe4de19e4622fe9125bce5.json,audio/senior/S2602020938/2b15ff0c01fe4de19e4622fe9125bce5.wav
S2602020938,repeat_senior,퍼터커 반복 발음 과제 (어르신),5,커,senior_repeat_1769992931475_1v5sl1bs3,2026-02-02T00:42:08.481227+00:00,media/audio/senior/S2602020938/e6e3cd02bafe4af38a3f3f1c2971d3d1.json,audio/senior/S2602020938/e6e3cd02bafe4af38a3f3f1c2971d3d1.wav
S2602020938,repeat_senior,퍼터커 반복 발음 과제 (어르신),0,퍼,senior_repeat_1769992868604_qoywhuh1c,2026-02-02T00:41:05.559231+00:00,media/audio/senior/S2602020938/9b99e71f1029420f97305564adf12a63.json,audio/senior/S2602020938/9b99e71f1029420f97305564adf12a63.wav
S19777,repeat_senior,퍼터커 반복 발음 과제 (어르신),1,퍼,senior_repeat_1769650011416_pu80qko0o,2026-01-29T01:26:51.767903+00:00,media/audio/senior/S19777/ef24e4a3b9734824a4dc71ecb927577e.json,audio/senior/S19777/ef24e4a3b9734824a4dc71ecb927577e.wav
S19777,repeat_senior,퍼터커 반복 발음 과제 (어르신),0,퍼,senior_repeat_1769649997253_t5x9465qc,2026-01-29T01:26:37.631361+00:00,media/audio/senior/S19777/94b25f3f09a04307adfdf933f0a2606e.json,audio/senior/S19777/94b25f3f09a04307adfdf933f0a2606e.wav
S19777,repeat_senior,퍼터커 반복 발음 과제 (어르신),6,퍼터커,senior_repeat_1769650102584_nfs6qq45i,2026-01-29T01:28:22.971361+00:00,media/audio/senior/S19777/3aaf09ba2f684c0dbb0e42ccd81c5e79.json,audio/senior/S19777/3aaf09ba2f684c0dbb0e42ccd81c5e79.wav
S19777,repeat_senior,퍼터커 반복 발음 과제 (어르신),3,터,senior_repeat_1769650047915_oz09abyca,2026-01-29T01:27:28.262707+00:00,media/audio/senior/S19777/9473d34f40244a0a8c4294d1d8b25ff5.json,audio/senior/S19777/9473d34f40244a0a8c4294d1d8b25ff5.wav
S19777,a_repeat_senior,아 반복 발음 과제 (어르신),,,session_1769649934140_nxhfi6xkikf,2026-01-29T01:25:34.669455+00:00,media/audio/senior/S19777/fb381ef62f7b4f0abc73f0834b5b4110.json,audio/senior/S19777/fb381ef62f7b4f0abc73f0834b5b4110.wav
S19777,repeat_senior,퍼터커 반복 발음 과제 (어르신),4,커,senior_repeat_1769650066631_yjjufu6h3,2026-01-29T01:27:46.999659+00:00,media/audio/senior/S19777/e16421ee00da4565b1d9a9a5f4302158.json,audio/senior/S19777/e16421ee00da4565b1d9a9a5f4302158.wav
S19777,repeat_senior,퍼터커 반복 발음 과제 (어르신),5,커,senior_repeat_1769650077298_l0uiuxmjv,2026-01-29T01:27:57.684617+00:00,media/audio/senior/S19777/28a135489fab4886b4f486fa18acad32.json,audio/senior/S19777/28a135489fab4886b4f486fa18acad32.wav
S19777,repeat_senior,퍼터커 반복 발음 과제 (어르신),7,퍼터커,senior_repeat_1769650115558_pjhh4avvk,2026-01-29T01:28:35.942809+00:00,media/audio/senior/S19777/5cd449683b3b4cb6bba4d97500fb603a.json,audio/senior/S19777/5cd449683b3b4cb6bba4d97500fb603a.wav
S19777,a_repeat_senior,아 반복 발음 과제 (어르신),,,session_1769649963470_juqz4mxufa,2026-01-29T01:26:04.068855+00:00,media/audio/senior/S19777/590f227ffab94e8882e74ef8167c0196.json,audio/senior/S19777/590f227ffab94e8882e74ef8167c0196.wav
S19777,repeat_senior,퍼터커 반복 발음 과제 (어르신),2,터,senior_repeat_1769650036442_ndp0gyug1,2026-01-29T01:27:16.874253+00:00,media/audio/senior/S19777/cec8434664d342d4981022562f134568.json,audio/senior/S19777/cec8434664d342d4981022562f134568.wav
S31623,repeat_senior,퍼터커 반복 발음 과제 (어르신),0,퍼,senior_repeat_1766143685963_3ymstxa7w,2025-12-19T11:28:06.249482+00:00,media/audio/senior/S31623/cecfee0edb284cf784c9ce88f5d6b0cf.json,audio/senior/S31623/cecfee0edb284cf784c9ce88f5d6b0cf.wav
S31623,repeat_senior,퍼터커 반복 발음 과제 (어르신),5,커,senior_repeat_1766143750939_pk89ec4le,2025-12-19T11:29:11.217100+00:00,media/audio/senior/S31623/c5f02fa9aec64b04bda52d895c3021c4.json,audio/senior/S31623/c5f02fa9aec64b04bda52d895c3021c4.wav
S31623,repeat_senior,퍼터커 반복 발음 과제 (어르신),3,터,senior_repeat_1766143727591_0yex13hm7,2025-12-19T11:28:47.889048+00:00,media/audio/senior/S31623/1e87e9b4465b422590f71e4bcc327ea5.json,audio/senior/S31623/1e87e9b4465b422590f71e4bcc327ea5.wav
S31623,repeat_senior,퍼터커 반복 발음 과제 (어르신),2,터,senior_repeat_1766143712725_xnt8mw7jv,2025-12-19T11:28:33.020828+00:00,media/audio/senior/S31623/5c35022cb976471bb76125f3b3faa436.json,audio/senior/S31623/5c35022cb976471bb76125f3b3faa436.wav
S31623,repeat_senior,퍼터커 반복 발음 과제 (어르신),7,퍼터커,senior_repeat_1766143777800_u9xnmjap4,2025-12-19T11:29:38.092985+00:00,media/audio/senior/S31623/c69bd17e3601467da7bcfad1b1049682.json,audio/senior/S31623/c69bd17e3601467da7bcfad1b1049682.wav
S31623,repeat_senior,퍼터커 반복 발음 과제 (어르신),1,퍼,senior_repeat_1766143699068_as8e69tsk,2025-12-19T11:28:19.359993+00:00,media/audio/senior/S31623/3e16cbeed7b644788934d764f874a523.json,audio/senior/S31623/3e16cbeed7b644788934d764f874a523.wav
S31623,a_repeat_senior,아 반복 발음 과제 (어르신),,,session_1766143599672_fqdfuzkoi3w,2025-12-19T11:26:40.061183+00:00,media/audio/senior/S31623/7f286d1e6cba4df88e20eb6b44f93a37.json,audio/senior/S31623/7f286d1e6cba4df88e20eb6b44f93a37.wav
S31623,a_repeat_senior,아 반복 발음 과제 (어르신),,,session_1766143615126_5z75ewpno6t,2025-12-19T11:26:55.426375+00:00,media/audio/senior/S31623/3e376a21729b4450be110e774efd8346.json,audio/senior/S31623/3e376a21729b4450be110e774efd8346.wav
S31623,repeat_senior,퍼터커 반복 발음 과제 (어르신),4,커,senior_repeat_1766143740301_8dh8rfmll,2025-12-19T11:29:00.575748+00:00,media/audio/senior/S31623/b9f377a2465b40128f5da691ef73c88a.json,audio/senior/S31623/b9f377a2465b40128f5da691ef73c88a.wav
S31623,repeat_senior,퍼터커 반복 발음 과제 (어르신),6,퍼터커,senior_repeat_1766143766628_pfvaes9ap,2025-12-19T11:29:26.946161+00:00,media/audio/senior/S31623/48d81bc751e1405aa011800d0712f63f.json,audio/senior/S31623/48d81bc751e1405aa011800d0712f63f.wav
S88812,a_repeat_senior,아 반복 발음 과제 (어르신),,,session_1769654036604_dsfjkp98ynb,2026-01-29T02:34:24.210860+00:00,media/audio/senior/S88812/5f68426dcee040c59e6cf40707e31765.json,audio/senior/S88812/5f68426dcee040c59e6cf40707e31765.wav
S88812,repeat_senior,퍼터커 반복 발음 과제 (어르신),5,커,senior_repeat_1769654249435_ml3ofc1ys,2026-01-29T02:37:32.082664+00:00,media/audio/senior/S88812/e5e887696d4643538d1d6518339ed3a6.json,audio/senior/S88812/e5e887696d4643538d1d6518339ed3a6.wav
S88812,repeat_senior,퍼터커 반복 발음 과제 (어르신),4,커,senior_repeat_1769654237725_5qghopy3l,2026-01-29T02:37:19.181386+00:00,media/audio/senior/S88812/215ab747504641e0a66a76a034d26171.json,audio/senior/S88812/215ab747504641e0a66a76a034d26171.wav
S88812,repeat_senior,퍼터커 반복 발음 과제 (어르신),1,퍼,senior_repeat_1769654204081_fqxavqh0q,2026-01-29T02:36:44.467779+00:00,media/audio/senior/S88812/ccd8c9f9ce7646c0ae1de5f7394cd205.json,audio/senior/S88812/ccd8c9f9ce7646c0ae1de5f7394cd205.wav
S88812,repeat_senior,퍼터커 반복 발음 과제 (어르신),0,퍼,senior_repeat_1769654191842_imnh10wi3,2026-01-29T02:36:32.518457+00:00,media/audio/senior/S88812/10dab9ee2cdc456db2454dc65b022e93.json,audio/senior/S88812/10dab9ee2cdc456db2454dc65b022e93.wav
S88812,repeat_senior,퍼터커 반복 발음 과제 (어르신),2,터,senior_repeat_1769654215457_9eu7x81i8,2026-01-29T02:36:56.049856+00:00,media/audio/senior/S88812/1906a918b8fb4a9ead3ccb1c4c2a8448.json,audio/senior/S88812/1906a918b8fb4a9ead3ccb1c4c2a8448.wav
S88812,a_repeat_senior,아 반복 발음 과제 (어르신),,,session_1769654078854_xdv4t2zekth,2026-01-29T02:35:15.600565+00:00,media/audio/senior/S88812/71a38541126946fd96cd8909ecad6e58.json,audio/senior/S88812/71a38541126946fd96cd8909ecad6e58.wav
S88812,repeat_senior,퍼터커 반복 발음 과제 (어르신),7,퍼터커,senior_repeat_1769654295083_qaue9rwll,2026-01-29T02:38:15.883739+00:00,media/audio/senior/S88812/582ecc4dfd1c4690af19d48c3604056a.json,audio/senior/S88812/582ecc4dfd1c4690af19d48c3604056a.wav
S88812,repeat_senior,퍼터커 반복 발음 과제 (어르신),6,퍼터커,senior_repeat_1769654277360_cx4ci1abr,2026-01-29T02:38:00.049276+00:00,media/audio/senior/S88812/4cfd528aa46341d185a1f448661ec5f4.json,audio/senior/S88812/4cfd528aa46341d185a1f448661ec5f4.wav
S88812,repeat_senior,퍼터커 반복 발음 과제 (어르신),3,터,senior_repeat_1769654225539_2pm1ju8gq,2026-01-29T02:37:07.182536+00:00,media/audio/senior/S88812/be44fc68991a485395b509a994ac8d92.json,audio/senior/S88812/be44fc68991a485395b509a994ac8d92.wav
S20968,repeat_senior,퍼터커 반복 발음 과제 (어르신),7,퍼터커,senior_repeat_1766838210895_xaiss6nyu,2025-12-27T12:23:31.095893+00:00,media/audio/senior/S20968/3cc0dbb0e3e642898e4b9306389a6939.json,audio/senior/S20968/3cc0dbb0e3e642898e4b9306389a6939.wav
S20968,a_repeat_senior,아 반복 발음 과제 (어르신),,,session_1766838029001_mf7yj46mqi8,2025-12-27T12:20:29.315331+00:00,media/audio/senior/S20968/66c02311fda84a1c8b4ca56222bda9ba.json,audio/senior/S20968/66c02311fda84a1c8b4ca56222bda9ba.wav
S20968,repeat_senior,퍼터커 반복 발음 과제 (어르신),1,퍼,senior_repeat_1766838071394_qmcje055a,2025-12-27T12:21:11.679098+00:00,media/audio/senior/S20968/a376a9f9a0c746ec82b74d92875d820b.json,audio/senior/S20968/a376a9f9a0c746ec82b74d92875d820b.wav
S20968,repeat_senior,퍼터커 반복 발음 과제 (어르신),2,터,senior_repeat_1766838091422_0tt1889cy,2025-12-27T12:21:31.636373+00:00,media/audio/senior/S20968/b273c734619642958a1fe0fd61ee8c6b.json,audio/senior/S20968/b273c734619642958a1fe0fd61ee8c6b.wav
S20968,repeat_senior,퍼터커 반복 발음 과제 (어르신),6,퍼터커,senior_repeat_1766838188923_iikgrfcsb,2025-12-27T12:23:09.755330+00:00,media/audio/senior/S20968/136f020487c24e49b4d7990ee61afc9a.json,audio/senior/S20968/136f020487c24e49b4d7990ee61afc9a.wav
S20968,a_repeat_senior,아 반복 발음 과제 (어르신),,,session_1766838010482_vvinx5gf4d,2025-12-27T12:20:10.752322+00:00,media/audio/senior/S20968/861ef86f6458447d908f13c84c969c15.json,audio/senior/S20968/861ef86f6458447d908f13c84c969c15.wav
S20968,repeat_senior,퍼터커 반복 발음 과제 (어르신),5,커,senior_repeat_1766838154300_amsgehrek,2025-12-27T12:22:34.682287+00:00,media/audio/senior/S20968/2eb3b9a552284f628cae4e460f246a69.json,audio/senior/S20968/2eb3b9a552284f628cae4e460f246a69.wav
S20968,repeat_senior,퍼터커 반복 발음 과제 (어르신),4,커,senior_repeat_1766838132939_r5i6piyg5,2025-12-27T12:22:13.586234+00:00,media/audio/senior/S20968/55391fcae5904b818a49e00eff3bca86.json,audio/senior/S20968/55391fcae5904b818a49e00eff3bca86.wav
S20968,repeat_senior,퍼터커 반복 발음 과제 (어르신),0,퍼,senior_repeat_1766838051538_6auyvn5w0,2025-12-27T12:20:51.756743+00:00,media/audio/senior/S20968/e3b7d0e77c0940c7b29f2d82a7d944ea.json,audio/senior/S20968/e3b7d0e77c0940c7b29f2d82a7d944ea.wav
S20968,repeat_senior,퍼터커 반복 발음 과제 (어르신),3,터,senior_repeat_1766838112093_obebvor73,2025-12-27T12:21:52.707586+00:00,media/audio/senior/S20968/216a9ba2743f40fd902ef6327306fe33.json,audio/senior/S20968/216a9ba2743f40fd902ef6327306fe33.wav
S73518,repeat_senior,퍼터커 반복 발음 과제 (어르신),5,커,senior_repeat_1768363357393_21yikmcg9,2026-01-14T04:02:38.178074+00:00,media/audio/senior/S73518/91f3d719af91475f98d459575eeaff1d.json,audio/senior/S73518/91f3d719af91475f98d459575eeaff1d.wav
S73518,repeat_senior,퍼터커 반복 발음 과제 (어르신),4,커,senior_repeat_1768363345848_z25azjd8i,2026-01-14T04:02:26.639950+00:00,media/audio/senior/S73518/df518f4b33c94d00ab15accbff290bfa.json,audio/senior/S73518/df518f4b33c94d00ab15accbff290bfa.wav
S73518,repeat_senior,퍼터커 반복 발음 과제 (어르신),7,퍼터커,senior_repeat_1768363384454_ag2a4877p,2026-01-14T04:03:05.267543+00:00,media/audio/senior/S73518/e1065db1b2394fbfa733cd65680537c8.json,audio/senior/S73518/e1065db1b2394fbfa733cd65680537c8.wav
S73518,repeat_senior,퍼터커 반복 발음 과제 (어르신),1,퍼,senior_repeat_1768363264897_m1ite6e6f,2026-01-14T04:01:05.697226+00:00,media/audio/senior/S73518/b8ac8094bd6a4368a05377ce6518c0ae.json,audio/senior/S73518/b8ac8094bd6a4368a05377ce6518c0ae.wav
S73518,a_repeat_senior,아 반복 발음 과제 (어르신),,,session_1768363202480_c2d4v2b9a2,2026-01-14T04:00:03.262175+00:00,media/audio/senior/S73518/8b6f9c08d0914d2fa54233a2c44f0748.json,audio/senior/S73518/8b6f9c08d0914d2fa54233a2c44f0748.wav
S73518,repeat_senior,퍼터커 반복 발음 과제 (어르신),3,터,senior_repeat_1768363333257_44oeq2k1m,2026-01-14T04:02:14.021720+00:00,media/audio/senior/S73518/76a2eb35be4d4560969ee60c2fad8c7b.json,audio/senior/S73518/76a2eb35be4d4560969ee60c2fad8c7b.wav
S73518,repeat_senior,퍼터커 반복 발음 과제 (어르신),2,터,senior_repeat_1768363322047_h7x31wamt,2026-01-14T04:02:02.863894+00:00,media/audio/senior/S73518/566187b04a844b97981afc47db318426.json,audio/senior/S73518/566187b04a844b97981afc47db318426.wav
S73518,repeat_senior,퍼터커 반복 발음 과제 (어르신),6,퍼터커,senior_repeat_1768363371462_wswf87l93,2026-01-14T04:02:52.329222+00:00,media/audio/senior/S73518/60047c93445f45c58eeeee0a5c1ae75c.json,audio/senior/S73518/60047c93445f45c58eeeee0a5c1ae75c.wav
S73518,a_repeat_senior,아 반복 발음 과제 (어르신),,,session_1768363235431_jghdfh3rsf,2026-01-14T04:00:36.271958+00:00,media/audio/senior/S73518/f0219d7bc2a74a30965ad2d79718d8c5.json,audio/senior/S73518/f0219d7bc2a74a30965ad2d79718d8c5.wav
S73518,repeat_senior,퍼터커 반복 발음 과제 (어르신),0,퍼,senior_repeat_1768363252358_soxd8mj6y,2026-01-14T04:00:53.165791+00:00,media/audio/senior/S73518/891aac7249634ff782916fa93ae4faf8.json,audio/senior/S73518/891aac7249634ff782916fa93ae4faf8.wav
S73518,a_repeat_senior,아 반복 발음 과제 (어르신),,,session_1768363224722_j6k8eoigng,2026-01-14T04:00:25.520677+00:00,media/audio/senior/S73518/fae042c1903846a5a84b7070588aaf1c.json,audio/senior/S73518/fae042c1903846a5a84b7070588aaf1c.wav
S73518,a_repeat_senior,아 반복 발음 과제 (어르신),,,session_1768363167812_wz446hu35zh,2026-01-14T03:59:28.701442+00:00,media/audio/senior/S73518/14a1935b1d82439c8f0029763cd5d0f2.json,audio/senior/S73518/14a1935b1d82439c8f0029763cd5d0f2.wav
S25930,repeat_senior,퍼터커 반복 발음 과제 (어르신),4,커,senior_repeat_1764293046331_lo3px8a3u,2025-11-28T01:24:04.662675+00:00,media/audio/senior/S25930/a867c6f931964344b22850eb2a33abb3.json,audio/senior/S25930/a867c6f931964344b22850eb2a33abb3.wav
S25930,repeat_senior,퍼터커 반복 발음 과제 (어르신),5,커,senior_repeat_1764293057398_617zpbfa6,2025-11-28T01:24:15.724373+00:00,media/audio/senior/S25930/7a7563730b3b48c58f7d649a9df2ca7d.json,audio/senior/S25930/7a7563730b3b48c58f7d649a9df2ca7d.wav
S25930,a_repeat_senior,아 반복 발음 과제 (어르신),,,session_1764292975203_60e1lz50a6,2025-11-28T01:22:53.532845+00:00,media/audio/senior/S25930/9f06c4d5c6c14b68b3fd2af0df076d6b.json,audio/senior/S25930/9f06c4d5c6c14b68b3fd2af0df076d6b.wav
S25930,a_repeat_senior,아 반복 발음 과제 (어르신),,,session_1764292965016_x3u98k7sigj,2025-11-28T01:22:43.442748+00:00,media/audio/senior/S25930/eb733712638d4755ad1e5c5bcffdf0b8.json,audio/senior/S25930/eb733712638d4755ad1e5c5bcffdf0b8.wav
S25930,repeat_senior,퍼터커 반복 발음 과제 (어르신),7,퍼터커,senior_repeat_1764293080855_otgydo0aj,2025-11-28T01:24:39.176871+00:00,media/audio/senior/S25930/f3bdc366597741b0ad535e7046df53f0.json,audio/senior/S25930/f3bdc366597741b0ad535e7046df53f0.wav
S25930,repeat_senior,퍼터커 반복 발음 과제 (어르신),0,퍼,senior_repeat_1764292994921_xp7i42b2b,2025-11-28T01:23:13.245718+00:00,media/audio/senior/S25930/98b419deb332455ab21abcf13d5e2ef9.json,audio/senior/S25930/98b419deb332455ab21abcf13d5e2ef9.wav
S25930,repeat_senior,퍼터커 반복 발음 과제 (어르신),2,터,senior_repeat_1764293024290_lo8w8iapo,2025-11-28T01:23:42.614630+00:00,media/audio/senior/S25930/84d526b9c22e468b83c0ed10c6e379d6.json,audio/senior/S25930/84d526b9c22e468b83c0ed10c6e379d6.wav
S25930,repeat_senior,퍼터커 반복 발음 과제 (어르신),6,퍼터커,senior_repeat_1764293069635_uad4tv006,2025-11-28T01:24:27.988157+00:00,media/audio/senior/S25930/6ce6c5c372a1402f812c2f76b09adb1b.json,audio/senior/S25930/6ce6c5c372a1402f812c2f76b09adb1b.wav
S25930,repeat_senior,퍼터커 반복 발음 과제 (어르신),1,퍼,senior_repeat_1764293011491_7izuxxdli,2025-11-28T01:23:29.815473+00:00,media/audio/senior/S25930/e93d05dd0d8249748aee7dabdd134853.json,audio/senior/S25930/e93d05dd0d8249748aee7dabdd134853.wav
S25930,repeat_senior,퍼터커 반복 발음 과제 (어르신),3,터,senior_repeat_1764293035199_5jwcw2a4a,2025-11-28T01:23:53.521887+00:00,media/audio/senior/S25930/7feadee4fdbc439f8e7f8ba94c514e41.json,audio/senior/S25930/7feadee4fdbc439f8e7f8ba94c514e41.wav
S85068,a_repeat_senior,아 반복 발음 과제 (어르신),,,session_1765031803344_o81sgtpn89b,2025-12-06T14:36:43.950206+00:00,media/audio/senior/S85068/91b69d6fe94d4f9995f471b715d73970.json,audio/senior/S85068/91b69d6fe94d4f9995f471b715d73970.wav
S85068,repeat_senior,퍼터커 반복 발음 과제 (어르신),5,커,senior_repeat_1765031934694_dzlvyy3pk,2025-12-06T14:38:55.616657+00:00,media/audio/senior/S85068/0fa305d80e2c4f29aeaa8b1703d661bf.json,audio/senior/S85068/0fa305d80e2c4f29aeaa8b1703d661bf.wav
S85068,a_repeat_senior,아 반복 발음 과제 (어르신),,,session_1765031788497_3od8nzpvoul,2025-12-06T14:36:29.393082+00:00,media/audio/senior/S85068/a9e072dd25f449b5a17fae0b04daa301.json,audio/senior/S85068/a9e072dd25f449b5a17fae0b04daa301.wav
S85068,repeat_senior,퍼터커 반복 발음 과제 (어르신),1,퍼,senior_repeat_1765031854717_1ufhjtzz7,2025-12-06T14:37:35.848182+00:00,media/audio/senior/S85068/ca39c4d13afa4995bcf058fcb8c070b1.json,audio/senior/S85068/ca39c4d13afa4995bcf058fcb8c070b1.wav
S85068,repeat_senior,퍼터커 반복 발음 과제 (어르신),0,퍼,senior_repeat_1765031840138_z6w47k0w8,2025-12-06T14:37:20.801544+00:00,media/audio/senior/S85068/b62c6d96cdde4374b40ec25a527dfe8d.json,audio/senior/S85068/b62c6d96cdde4374b40ec25a527dfe8d.wav
S85068,repeat_senior,퍼터커 반복 발음 과제 (어르신),2,터,senior_repeat_1765031881056_89zburlj7,2025-12-06T14:38:01.782356+00:00,media/audio/senior/S85068/ab0f4d75c34d4164924d7d8fc74a09e1.json,audio/senior/S85068/ab0f4d75c34d4164924d7d8fc74a09e1.wav
S85068,repeat_senior,퍼터커 반복 발음 과제 (어르신),6,퍼터커,senior_repeat_1765031948681_4mb2c3am8,2025-12-06T14:39:09.390642+00:00,media/audio/senior/S85068/836d9dc3fef54c8c9573637b2286b120.json,audio/senior/S85068/836d9dc3fef54c8c9573637b2286b120.wav
S85068,repeat_senior,퍼터커 반복 발음 과제 (어르신),7,퍼터커,senior_repeat_1765031971437_ddbps9u1d,2025-12-06T14:39:32.297938+00:00,media/audio/senior/S85068/8c8099b709af4d84a2e526a75cf650e3.json,audio/senior/S85068/8c8099b709af4d84a2e526a75cf650e3.wav
S85068,repeat_senior,퍼터커 반복 발음 과제 (어르신),4,커,senior_repeat_1765031916346_st1wmm3qt,2025-12-06T14:38:37.256076+00:00,media/audio/senior/S85068/e66620232f474e6794ee3ebb401ef11f.json,audio/senior/S85068/e66620232f474e6794ee3ebb401ef11f.wav
S85068,repeat_senior,퍼터커 반복 발음 과제 (어르신),3,터,senior_repeat_1765031896252_bo8r93wa8,2025-12-06T14:38:17.056172+00:00,media/audio/senior/S85068/aca6d73308384896b1276a9d33fb46d3.json,audio/senior/S85068/aca6d73308384896b1276a9d33fb46d3.wav
S00667,repeat_senior,퍼터커 반복 발음 과제 (어르신),1,퍼,senior_repeat_1764390012100_ztzyq3olh,2025-11-29T04:20:12.243868+00:00,media/audio/senior/S00667/17580210f0b747e78e3bfeb66d224542.json,audio/senior/S00667/17580210f0b747e78e3bfeb66d224542.wav
S00667,repeat_senior,퍼터커 반복 발음 과제 (어르신),7,퍼터커,senior_repeat_1764390081854_wxav3lfb4,2025-11-29T04:21:21.998366+00:00,media/audio/senior/S00667/79de575ecc7a4948af2241b0869e88ba.json,audio/senior/S00667/79de575ecc7a4948af2241b0869e88ba.wav
S00667,repeat_senior,퍼터커 반복 발음 과제 (어르신),0,퍼,senior_repeat_1764389997427_uj80uqail,2025-11-29T04:19:57.576318+00:00,media/audio/senior/S00667/8c9c7bb265a2467ca439313c37c0a486.json,audio/senior/S00667/8c9c7bb265a2467ca439313c37c0a486.wav
S00667,repeat_senior,퍼터커 반복 발음 과제 (어르신),2,터,senior_repeat_1764390026550_e3m2qu1x3,2025-11-29T04:20:26.694692+00:00,media/audio/senior/S00667/b00f75dba0414d069257261526f2d5e5.json,audio/senior/S00667/b00f75dba0414d069257261526f2d5e5.wav
S00667,a_repeat_senior,아 반복 발음 과제 (어르신),,,session_1764389977201_a1iuluh98un,2025-11-29T04:19:37.341297+00:00,media/audio/senior/S00667/e50b2aadf54e403faa303c917262bde8.json,audio/senior/S00667/e50b2aadf54e403faa303c917262bde8.wav
S00667,repeat_senior,퍼터커 반복 발음 과제 (어르신),6,퍼터커,senior_repeat_1764390071325_ovmj7sesh,2025-11-29T04:21:11.461907+00:00,media/audio/senior/S00667/1fe484e1186d4b3fb10893604918f24d.json,audio/senior/S00667/1fe484e1186d4b3fb10893604918f24d.wav
S00667,a_repeat_senior,아 반복 발음 과제 (어르신),,,session_1764389961682_d9ap9e93eve,2025-11-29T04:19:21.926554+00:00,media/audio/senior/S00667/3d912aebcd11445fbd586506b8ae20ea.json,audio/senior/S00667/3d912aebcd11445fbd586506b8ae20ea.wav
S00667,repeat_senior,퍼터커 반복 발음 과제 (어르신),5,커,senior_repeat_1764390057352_repjkfq3d,2025-11-29T04:20:57.503483+00:00,media/audio/senior/S00667/aaba642667154f20bcf74e192ca27925.json,audio/senior/S00667/aaba642667154f20bcf74e192ca27925.wav
S00667,repeat_senior,퍼터커 반복 발음 과제 (어르신),4,커,senior_repeat_1764390047106_9cg89jonp,2025-11-29T04:20:47.251679+00:00,media/audio/senior/S00667/ac7057e63bd645a298ba15e6c9cf015a.json,audio/senior/S00667/ac7057e63bd645a298ba15e6c9cf015a.wav
S00667,repeat_senior,퍼터커 반복 발음 과제 (어르신),3,터,senior_repeat_1764390037290_ymv7oxuf2,2025-11-29T04:20:37.436237+00:00,media/audio/senior/S00667/345006a0baee43a2a6e27d0965b0f86f.json,audio/senior/S00667/345006a0baee43a2a6e27d0965b0f86f.wav
S65542,repeat_senior,퍼터커 반복 발음 과제 (어르신),5,커,senior_repeat_1761284295617_3d7jyl4pu,2025-10-24T05:38:15.940920+00:00,media/audio/senior/S65542/721b370ae0f24bd580effc760306c863.json,audio/senior/721b370ae0f24bd580effc760306c863.wav
S65542,repeat_senior,퍼터커 반복 발음 과제 (어르신),4,커,senior_repeat_1761284286994_g6qodt0fu,2025-10-24T05:38:07.319100+00:00,media/audio/senior/S65542/da5342454a604fb3aa96d54a0e32eab4.json,audio/senior/da5342454a604fb3aa96d54a0e32eab4.wav
S65542,repeat_senior,퍼터커 반복 발음 과제 (어르신),0,퍼,senior_repeat_1761284247593_p61xp3aoc,2025-10-24T05:37:27.946824+00:00,media/audio/senior/S65542/e9299436062b446d9c59d228613a09f6.json,audio/senior/e9299436062b446d9c59d228613a09f6.wav
S65542,repeat_senior,퍼터커 반복 발음 과제 (어르신),7,퍼터커,senior_repeat_1761284319112_u8rivrb1o,2025-10-24T05:38:39.424237+00:00,media/audio/senior/S65542/005182f5ae08474089f0e259b5b2a66b.json,audio/senior/005182f5ae08474089f0e259b5b2a66b.wav
S65542,repeat_senior,퍼터커 반복 발음 과제 (어르신),2,터,senior_repeat_1761284267463_1ngeeddy2,2025-10-24T05:37:48.129219+00:00,media/audio/senior/S65542/526903150c9d40f9926995c3704bb4f0.json,audio/senior/526903150c9d40f9926995c3704bb4f0.wav
S65542,repeat_senior,퍼터커 반복 발음 과제 (어르신),3,터,senior_repeat_1761284277800_fzz2tpvnk,2025-10-24T05:37:58.361761+00:00,media/audio/senior/S65542/40a7ef1de9b14dc0bbd83215f8ea4b5c.json,audio/senior/40a7ef1de9b14dc0bbd83215f8ea4b5c.wav
S65542,a_repeat_senior,아 반복 발음 과제 (어르신),,,session_1761284219357_j6qw2kbysdb,2025-10-24T05:36:59.839266+00:00,media/audio/senior/S65542/2e9f6fe056b345a994d9994ba049858a.json,audio/senior/2e9f6fe056b345a994d9994ba049858a.wav
S65542,repeat_senior,퍼터커 반복 발음 과제 (어르신),6,퍼터커,senior_repeat_1761284309003_82fpf18s6,2025-10-24T05:38:29.431603+00:00,media/audio/senior/S65542/5ef2c365cac242ef9c3162c938bc5fb9.json,audio/senior/5ef2c365cac242ef9c3162c938bc5fb9.wav
S65542,repeat_senior,퍼터커 반복 발음 과제 (어르신),1,퍼,senior_repeat_1761284256964_y0b0n15xv,2025-10-24T05:37:37.245995+00:00,media/audio/senior/S65542/fdcc6fd8b51846d290aadf91ddc3775b.json,audio/senior/fdcc6fd8b51846d290aadf91ddc3775b.wav
S65542,a_repeat_senior,아 반복 발음 과제 (어르신),,,session_1761284228428_lg41bgbmztg,2025-10-24T05:37:08.684808+00:00,media/audio/senior/S65542/199a182e00f644c49677dcf7167189c2.json,audio/senior/199a182e00f644c49677dcf7167189c2.wav
S19394,repeat_senior,퍼터커 반복 발음 과제 (어르신),6,퍼터커,senior_repeat_1770383055540_213oaaz0r,2026-02-06T13:04:12.187159+00:00,media/audio/senior/S19394/f606a5157c054bbfbeb4088d876f1dfe.json,audio/senior/S19394/f606a5157c054bbfbeb4088d876f1dfe.wav
S19394,repeat_senior,퍼터커 반복 발음 과제 (어르신),5,커,senior_repeat_1770380802142_8gkqr81ol,2026-02-06T12:26:38.833896+00:00,media/audio/senior/S19394/4e32c8d9d12b416cbb96453b56df52df.json,audio/senior/S19394/4e32c8d9d12b416cbb96453b56df52df.wav
S19394,repeat_senior,퍼터커 반복 발음 과제 (어르신),4,커,senior_repeat_1770383014096_uuek6goqd,2026-02-06T13:03:30.701229+00:00,media/audio/senior/S19394/0c80acb5812e45c79315e0ad2fe49210.json,audio/senior/S19394/0c80acb5812e45c79315e0ad2fe49210.wav
S19394,repeat_senior,퍼터커 반복 발음 과제 (어르신),3,터,senior_repeat_1770383009371_chklfqf0w,2026-02-06T13:03:25.986775+00:00,media/audio/senior/S19394/95779b50ed8f434ab98f00e0fd42c365.json,audio/senior/S19394/95779b50ed8f434ab98f00e0fd42c365.wav
S19394,repeat_senior,퍼터커 반복 발음 과제 (어르신),1,퍼,senior_repeat_1770383001738_eambcfm5l,2026-02-06T13:03:18.339472+00:00,media/audio/senior/S19394/591478c5f2ec42e9bdf454c5e3364e9a.json,audio/senior/S19394/591478c5f2ec42e9bdf454c5e3364e9a.wav
S19394,repeat_senior,퍼터커 반복 발음 과제 (어르신),6,퍼터커,senior_repeat_1770380822371_z4lbe7go3,2026-02-06T12:26:59.056346+00:00,media/audio/senior/S19394/c272ef666151427596bea1308dfc1d15.json,audio/senior/S19394/c272ef666151427596bea1308dfc1d15.wav
S19394,repeat_senior,퍼터커 반복 발음 과제 (어르신),2,터,senior_repeat_1770383005384_ilupopaz4,2026-02-06T13:03:21.972924+00:00,media/audio/senior/S19394/dacdfa21f23f49eba8afdfc62f8f3f60.json,audio/senior/S19394/dacdfa21f23f49eba8afdfc62f8f3f60.wav
S19394,repeat_senior,퍼터커 반복 발음 과제 (어르신),7,퍼터커,senior_repeat_1770380851569_40cs0m3zc,2026-02-06T12:27:28.241905+00:00,media/audio/senior/S19394/5e4c3bcea507452f92895492958e327b.json,audio/senior/S19394/5e4c3bcea507452f92895492958e327b.wav
S19394,repeat_senior,퍼터커 반복 발음 과제 (어르신),7,퍼터커,senior_repeat_1770383069853_5if7n7mhk,2026-02-06T13:04:26.508254+00:00,media/audio/senior/S19394/81a9f9eadd0a44be9ae453170a1d0cac.json,audio/senior/S19394/81a9f9eadd0a44be9ae453170a1d0cac.wav
S19394,repeat_senior,퍼터커 반복 발음 과제 (어르신),3,터,senior_repeat_1770380776026_vo2q5rcm2,2026-02-06T12:26:12.727598+00:00,media/audio/senior/S19394/bc94a2edde574b54913f229837bbfbc3.json,audio/senior/S19394/bc94a2edde574b54913f229837bbfbc3.wav
S19394,repeat_senior,퍼터커 반복 발음 과제 (어르신),5,커,senior_repeat_1770383018720_l193nkk5m,2026-02-06T13:03:35.330577+00:00,media/audio/senior/S19394/7e057dca92874fe1955b1f498d8370a2.json,audio/senior/S19394/7e057dca92874fe1955b1f498d8370a2.wav
S19394,a_repeat_senior,아 반복 발음 과제 (어르신),,,session_1770380696321_ifgo3rtrssi,2026-02-06T12:24:53.088466+00:00,media/audio/senior/S19394/72d562316a34489d816620474d9b413f.json,audio/senior/S19394/72d562316a34489d816620474d9b413f.wav
S19394,repeat_senior,퍼터커 반복 발음 과제 (어르신),1,퍼,senior_repeat_1770380750415_457l2m4xl,2026-02-06T12:25:47.118231+00:00,media/audio/senior/S19394/fb08779b0f2e498d928fa403a16f2eab.json,audio/senior/S19394/fb08779b0f2e498d928fa403a16f2eab.wav
S19394,repeat_senior,퍼터커 반복 발음 과제 (어르신),0,퍼,senior_repeat_1770382998015_3l9p2n3y3,2026-02-06T13:03:14.807831+00:00,media/audio/senior/S19394/58303856db134ddab7a94d46bd7f968a.json,audio/senior/S19394/58303856db134ddab7a94d46bd7f968a.wav
S19394,a_repeat_senior,아 반복 발음 과제 (어르신),,,session_1770380673988_txeuiomz3sp,2026-02-06T12:24:30.831196+00:00,media/audio/senior/S19394/d67fb8646fab4e97a7cf7f5a09c482b0.json,audio/senior/S19394/d67fb8646fab4e97a7cf7f5a09c482b0.wav
S19394,repeat_senior,퍼터커 반복 발음 과제 (어르신),0,퍼,senior_repeat_1770380735551_ct7gqrf40,2026-02-06T12:25:32.247687+00:00,media/audio/senior/S19394/6228a545e02c4731807bda4b644902cb.json,audio/senior/S19394/6228a545e02c4731807bda4b644902cb.wav
S19394,repeat_senior,퍼터커 반복 발음 과제 (어르신),2,터,senior_repeat_1770380763768_91ctm45w0,2026-02-06T12:26:00.495789+00:00,media/audio/senior/S19394/442b6c93da214ad09a8224205f04aa77.json,audio/senior/S19394/442b6c93da214ad09a8224205f04aa77.wav
S19394,repeat_senior,퍼터커 반복 발음 과제 (어르신),4,커,senior_repeat_1770380791325_6imm9batn,2026-02-06T12:26:28.037446+00:00,media/audio/senior/S19394/022fa5d36c0a4376b1f4ca7589262749.json,audio/senior/S19394/022fa5d36c0a4376b1f4ca7589262749.wav
S69479,repeat_senior,퍼터커 반복 발음 과제 (어르신),7,퍼터커,senior_repeat_1761807152479_r3ro0zhgn,2025-10-30T06:52:31.756342+00:00,media/audio/senior/S69479/b1b8399a66f8413d8312e95448b5061c.json,audio/senior/b1b8399a66f8413d8312e95448b5061c.wav
S69479,repeat_senior,퍼터커 반복 발음 과제 (어르신),6,퍼터커,senior_repeat_1761807148633_0ddyhi1tj,2025-10-30T06:52:27.918563+00:00,media/audio/senior/S69479/0ad1db04649347719b576cba40ac8b5f.json,audio/senior/0ad1db04649347719b576cba40ac8b5f.wav
S69479,repeat_senior,퍼터커 반복 발음 과제 (어르신),4,커,senior_repeat_1761807140798_h9jc17iu8,2025-10-30T06:52:20.114018+00:00,media/audio/senior/S69479/7ef8d58b2a7e437ab0fdb7a4ef6d1585.json,audio/senior/7ef8d58b2a7e437ab0fdb7a4ef6d1585.wav
S69479,repeat_senior,퍼터커 반복 발음 과제 (어르신),5,커,senior_repeat_1761807144715_g6nmmekva,2025-10-30T06:52:24.032793+00:00,media/audio/senior/S69479/c8c55792311543c3a1f06acbe41ceb30.json,audio/senior/c8c55792311543c3a1f06acbe41ceb30.wav
S69479,repeat_senior,퍼터커 반복 발음 과제 (어르신),2,터,senior_repeat_1761807134416_vse7426tf,2025-10-30T06:52:13.722447+00:00,media/audio/senior/S69479/94cee3e28790493690a63ecbe7dd7f5f.json,audio/senior/94cee3e28790493690a63ecbe7dd7f5f.wav
S69479,a_repeat_senior,아 반복 발음 과제 (어르신),,,session_1761807106964_8iigf3wwkin,2025-10-30T06:51:48.525798+00:00,media/audio/senior/S69479/f2135f943338403c8755ed1efed86626.json,audio/senior/f2135f943338403c8755ed1efed86626.wav
S69479,a_repeat_senior,아 반복 발음 과제 (어르신),,,session_1761807061834_r0qb1afl2jk,2025-10-30T06:51:01.225897+00:00,media/audio/senior/S69479/651370ec274547b798c3076cbc0b0a6c.json,audio/senior/651370ec274547b798c3076cbc0b0a6c.wav
S69479,repeat_senior,퍼터커 반복 발음 과제 (어르신),3,터,senior_repeat_1761807137374_5cb1svlyu,2025-10-30T06:52:16.659264+00:00,media/audio/senior/S69479/47a4b5f9b97c4917bf4be565559afb7f.json,audio/senior/47a4b5f9b97c4917bf4be565559afb7f.wav
S69479,repeat_senior,퍼터커 반복 발음 과제 (어르신),0,퍼,senior_repeat_1761807115323_q453gfigb,2025-10-30T06:51:54.623307+00:00,media/audio/senior/S69479/4ed964b3206e478fb22e585caabc97d4.json,audio/senior/4ed964b3206e478fb22e585caabc97d4.wav
S69479,repeat_senior,퍼터커 반복 발음 과제 (어르신),1,퍼,senior_repeat_1761807131497_yeelbaip9,2025-10-30T06:52:10.838941+00:00,media/audio/senior/S69479/4ea584c10a6944359a610b02189d8b29.json,audio/senior/4ea584c10a6944359a610b02189d8b29.wav
S61773,repeat_senior,퍼터커 반복 발음 과제 (어르신),7,퍼터커,senior_repeat_1764830443828_pnwqjplaa,2025-12-04T06:40:44.244820+00:00,media/audio/senior/S61773/c2e003711578498da9795acde86d03b5.json,audio/senior/S61773/c2e003711578498da9795acde86d03b5.wav
S61773,repeat_senior,퍼터커 반복 발음 과제 (어르신),2,터,senior_repeat_1764830392765_ppsotb5h5,2025-12-04T06:39:53.258894+00:00,media/audio/senior/S61773/44c584a06c9f4560ac5c2b0ed16efef0.json,audio/senior/S61773/44c584a06c9f4560ac5c2b0ed16efef0.wav
S61773,repeat_senior,퍼터커 반복 발음 과제 (어르신),5,커,senior_repeat_1764830422104_z0ex0nyjx,2025-12-04T06:40:22.514236+00:00,media/audio/senior/S61773/1f12532a210345b98968aabab4ae1fb5.json,audio/senior/S61773/1f12532a210345b98968aabab4ae1fb5.wav
S61773,repeat_senior,퍼터커 반복 발음 과제 (어르신),0,퍼,senior_repeat_1764830367865_vucwhxeik,2025-12-04T06:39:28.285654+00:00,media/audio/senior/S61773/cd86483ea6e8437e9b10f2144ecf906c.json,audio/senior/S61773/cd86483ea6e8437e9b10f2144ecf906c.wav
S61773,repeat_senior,퍼터커 반복 발음 과제 (어르신),4,커,senior_repeat_1764830412711_eey0cmfpz,2025-12-04T06:40:13.131896+00:00,media/audio/senior/S61773/173c190a7d294ac6b98a29a89b05459e.json,audio/senior/S61773/173c190a7d294ac6b98a29a89b05459e.wav
S61773,a_repeat_senior,아 반복 발음 과제 (어르신),,,session_1764830350209_f0lotqi2ilb,2025-12-04T06:39:10.635921+00:00,media/audio/senior/S61773/a19f1d0b17734edaa1db2ec660a32680.json,audio/senior/S61773/a19f1d0b17734edaa1db2ec660a32680.wav
S61773,repeat_senior,퍼터커 반복 발음 과제 (어르신),1,퍼,senior_repeat_1764830377121_0mu2i4q5y,2025-12-04T06:39:37.563619+00:00,media/audio/senior/S61773/97594a96860941f4a9d1b641f5ad6dc0.json,audio/senior/S61773/97594a96860941f4a9d1b641f5ad6dc0.wav
S61773,repeat_senior,퍼터커 반복 발음 과제 (어르신),3,터,senior_repeat_1764830401544_xzzxcsjwe,2025-12-04T06:40:01.942916+00:00,media/audio/senior/S61773/ebb1c2d821fa4254968c24697cc82b4b.json,audio/senior/S61773/ebb1c2d821fa4254968c24697cc82b4b.wav
S61773,repeat_senior,퍼터커 반복 발음 과제 (어르신),6,퍼터커,senior_repeat_1764830435046_utx11vzal,2025-12-04T06:40:35.433415+00:00,media/audio/senior/S61773/216f5ac23a6b48c4bb414ed4f8dd2118.json,audio/senior/S61773/216f5ac23a6b48c4bb414ed4f8dd2118.wav
S61773,a_repeat_senior,아 반복 발음 과제 (어르신),,,session_1764830341262_cvb5au6bbp,2025-12-04T06:39:01.794942+00:00,media/audio/senior/S61773/2212fefec56d4484ac90705846c63dc6.json,audio/senior/S61773/2212fefec56d4484ac90705846c63dc6.wav
S66388,repeat_senior,퍼터커 반복 발음 과제 (어르신),2,터,senior_repeat_1766803931772_iiwovklfd,2025-12-27T02:52:11.899975+00:00,media/audio/senior/S66388/606b880cb6664923a61df88aae2dde27.json,audio/senior/S66388/606b880cb6664923a61df88aae2dde27.wav
S66388,repeat_senior,퍼터커 반복 발음 과제 (어르신),1,퍼,senior_repeat_1766803917928_w4je11hyf,2025-12-27T02:51:58.055346+00:00,media/audio/senior/S66388/c8e5c7c9c6774f7cbb3cc6a895daf380.json,audio/senior/S66388/c8e5c7c9c6774f7cbb3cc6a895daf380.wav
S66388,a_repeat_senior,아 반복 발음 과제 (어르신),,,session_1766803887192_893594dt49x,2025-12-27T02:51:27.355632+00:00,media/audio/senior/S66388/a4200a462ea74faf976a054dc00cd18b.json,audio/senior/S66388/a4200a462ea74faf976a054dc00cd18b.wav
S66388,repeat_senior,퍼터커 반복 발음 과제 (어르신),6,퍼터커,senior_repeat_1766804006024_nm90u9537,2025-12-27T02:53:26.166808+00:00,media/audio/senior/S66388/09749e5a2dab4a479f76f63470ec918a.json,audio/senior/S66388/09749e5a2dab4a479f76f63470ec918a.wav
S66388,a_repeat_senior,아 반복 발음 과제 (어르신),,,session_1766803877403_e9ai179ccmw,2025-12-27T02:51:17.557418+00:00,media/audio/senior/S66388/bebcde5d1c024cc38b2a22a7e4054b53.json,audio/senior/S66388/bebcde5d1c024cc38b2a22a7e4054b53.wav
S66388,repeat_senior,퍼터커 반복 발음 과제 (어르신),7,퍼터커,senior_repeat_1766804018362_h78jm88gb,2025-12-27T02:53:38.502219+00:00,media/audio/senior/S66388/b3c394f2df4a41f9a1da4d509cfe355a.json,audio/senior/S66388/b3c394f2df4a41f9a1da4d509cfe355a.wav
S66388,repeat_senior,퍼터커 반복 발음 과제 (어르신),0,퍼,senior_repeat_1766803906909_md06hhtsu,2025-12-27T02:51:47.045471+00:00,media/audio/senior/S66388/9bf034d564a547e49c7c9626265f23c4.json,audio/senior/S66388/9bf034d564a547e49c7c9626265f23c4.wav
S66388,repeat_senior,퍼터커 반복 발음 과제 (어르신),5,커,senior_repeat_1766803965688_cseazcyrx,2025-12-27T02:52:45.831682+00:00,media/audio/senior/S66388/cb940b6507314aeeaae0c2a119473563.json,audio/senior/S66388/cb940b6507314aeeaae0c2a119473563.wav
S66388,repeat_senior,퍼터커 반복 발음 과제 (어르신),4,커,senior_repeat_1766803954077_c8wqwt91l,2025-12-27T02:52:34.215900+00:00,media/audio/senior/S66388/f7eff85eecca4df0bdab77df88abbd3b.json,audio/senior/S66388/f7eff85eecca4df0bdab77df88abbd3b.wav
S66388,repeat_senior,퍼터커 반복 발음 과제 (어르신),3,터,senior_repeat_1766803941786_ysq1k0vdx,2025-12-27T02:52:21.926547+00:00,media/audio/senior/S66388/01db7ef48f4648b187ba03a95b4bb058.json,audio/senior/S66388/01db7ef48f4648b187ba03a95b4bb058.wav
S55611,repeat_senior,퍼터커 반복 발음 과제 (어르신),3,터,senior_repeat_1765676929654_2sjaoea9z,2025-12-14T01:48:50.579486+00:00,media/audio/senior/S55611/477f02d0e33840f79c0ccd8872ab7a91.json,audio/senior/S55611/477f02d0e33840f79c0ccd8872ab7a91.wav
S55611,repeat_senior,퍼터커 반복 발음 과제 (어르신),4,커,senior_repeat_1765676943252_isnsnvk04,2025-12-14T01:49:04.193988+00:00,media/audio/senior/S55611/117ab625005a4fdcb6e59a7d50e54ddf.json,audio/senior/S55611/117ab625005a4fdcb6e59a7d50e54ddf.wav
S55611,repeat_senior,퍼터커 반복 발음 과제 (어르신),2,터,senior_repeat_1765676916826_fsor0eyrn,2025-12-14T01:48:37.744432+00:00,media/audio/senior/S55611/6d6f5eb4578549bf8f7a610efad1cc66.json,audio/senior/S55611/6d6f5eb4578549bf8f7a610efad1cc66.wav
S55611,repeat_senior,퍼터커 반복 발음 과제 (어르신),1,퍼,senior_repeat_1765676903804_16ph4jp9h,2025-12-14T01:48:24.490757+00:00,media/audio/senior/S55611/f4eaa520047e4e0f8bc8f81e45613732.json,audio/senior/S55611/f4eaa520047e4e0f8bc8f81e45613732.wav
S55611,repeat_senior,퍼터커 반복 발음 과제 (어르신),7,퍼터커,senior_repeat_1765676989560_jltn3cgfu,2025-12-14T01:49:50.575435+00:00,media/audio/senior/S55611/9f8ba2947ed44cb99c95a1bf584d1f45.json,audio/senior/S55611/9f8ba2947ed44cb99c95a1bf584d1f45.wav
S55611,a_repeat_senior,아 반복 발음 과제 (어르신),,,session_1765676869306_11af9975zbkj,2025-12-14T01:47:51.041624+00:00,media/audio/senior/S55611/a3953c3beb18422787c1f6e7890356db.json,audio/senior/S55611/a3953c3beb18422787c1f6e7890356db.wav
S55611,repeat_senior,퍼터커 반복 발음 과제 (어르신),5,커,senior_repeat_1765676957097_iwow0m14n,2025-12-14T01:49:18.130743+00:00,media/audio/senior/S55611/27e6309654e04f09bebf5232d5885fcd.json,audio/senior/S55611/27e6309654e04f09bebf5232d5885fcd.wav
S55611,repeat_senior,퍼터커 반복 발음 과제 (어르신),0,퍼,senior_repeat_1765676889377_n1d7grhzm,2025-12-14T01:48:10.323535+00:00,media/audio/senior/S55611/6cc221662ce140728e0f25314fa26157.json,audio/senior/S55611/6cc221662ce140728e0f25314fa26157.wav
S55611,a_repeat_senior,아 반복 발음 과제 (어르신),,,session_1765676848841_v3vzjmmsml,2025-12-14T01:47:35.084238+00:00,media/audio/senior/S55611/dd6c4f3cc2254a66aad3c6123b899629.json,audio/senior/S55611/dd6c4f3cc2254a66aad3c6123b899629.wav
S55611,repeat_senior,퍼터커 반복 발음 과제 (어르신),6,퍼터커,senior_repeat_1765676974975_re9jkqpi4,2025-12-14T01:49:35.927709+00:00,media/audio/senior/S55611/9a4c4470e64d497da38d8828ea6a190c.json,audio/senior/S55611/9a4c4470e64d497da38d8828ea6a190c.wav
S2602091159,repeat_senior,퍼터커 반복 발음 과제 (어르신),2,터,senior_repeat_1770606125767_p12w5y76i,2026-02-09T03:02:05.800947+00:00,media/audio/senior/S2602091159/b4331eeb2113473da7724b00065f3859.json,audio/senior/S2602091159/b4331eeb2113473da7724b00065f3859.wav
S2602091159,repeat_senior,퍼터커 반복 발음 과제 (어르신),0,퍼,senior_repeat_1770606090457_em9h8dit0,2026-02-09T03:01:30.473018+00:00,media/audio/senior/S2602091159/da6cdaee81f54c228f76b8f1c611c2c1.json,audio/senior/S2602091159/da6cdaee81f54c228f76b8f1c611c2c1.wav
S2602091159,repeat_senior,퍼터커 반복 발음 과제 (어르신),3,터,senior_repeat_1770606140849_en7ka0y9d,2026-02-09T03:02:20.917496+00:00,media/audio/senior/S2602091159/f1bc6627c41d408592f85be2aaca78be.json,audio/senior/S2602091159/f1bc6627c41d408592f85be2aaca78be.wav
S2602091159,repeat_senior,퍼터커 반복 발음 과제 (어르신),6,퍼터커,senior_repeat_1770606187038_6cba8q908,2026-02-09T03:03:07.251956+00:00,media/audio/senior/S2602091159/7d78be1eb21a48d494302c39d177cb31.json,audio/senior/S2602091159/7d78be1eb21a48d494302c39d177cb31.wav
S2602091159,a_repeat_senior,아 반복 발음 과제 (어르신),,,session_1770606065306_r927afd2w4,2026-02-09T03:01:05.440032+00:00,media/audio/senior/S2602091159/cfa71940c6494b598d8943e592c5b61b.json,audio/senior/S2602091159/cfa71940c6494b598d8943e592c5b61b.wav
S2602091159,repeat_senior,퍼터커 반복 발음 과제 (어르신),5,커,senior_repeat_1770606169768_9wzse5c9l,2026-02-09T03:02:49.750341+00:00,media/audio/senior/S2602091159/39db96e61fa64dd984d41f7b46eb8196.json,audio/senior/S2602091159/39db96e61fa64dd984d41f7b46eb8196.wav
S2602091159,repeat_senior,퍼터커 반복 발음 과제 (어르신),1,퍼,senior_repeat_1770606105254_45n8swtrh,2026-02-09T03:01:45.355959+00:00,media/audio/senior/S2602091159/fe724929d063488a95a3cd7c4eef974a.json,audio/senior/S2602091159/fe724929d063488a95a3cd7c4eef974a.wav
S2602091159,a_repeat_senior,아 반복 발음 과제 (어르신),,,session_1770606046160_ogir5szsy9,2026-02-09T03:00:46.247996+00:00,media/audio/senior/S2602091159/ad889b1fa83244ba8927abf3b4a1ed66.json,audio/senior/S2602091159/ad889b1fa83244ba8927abf3b4a1ed66.wav
S2602091159,repeat_senior,퍼터커 반복 발음 과제 (어르신),4,커,senior_repeat_1770606157396_jxrg2mkoe,2026-02-09T03:02:37.167794+00:00,media/audio/senior/S2602091159/1daa5189cae949ec98f42fc4e8356408.json,audio/senior/S2602091159/1daa5189cae949ec98f42fc4e8356408.wav
S2602091159,repeat_senior,퍼터커 반복 발음 과제 (어르신),7,퍼터커,senior_repeat_1770606204197_azpn01w3l,2026-02-09T03:03:24.351300+00:00,media/audio/senior/S2602091159/dc80e6400eb147999fd7fee184053895.json,audio/senior/S2602091159/dc80e6400eb147999fd7fee184053895.wav
S36558,repeat_senior,퍼터커 반복 발음 과제 (어르신),6,퍼터커,senior_repeat_1767524684006_zonna2slv,2026-01-04T11:04:43.250523+00:00,media/audio/senior/S36558/2198e03b8afc46d493ace2834a951bca.json,audio/senior/S36558/2198e03b8afc46d493ace2834a951bca.wav
S36558,repeat_senior,퍼터커 반복 발음 과제 (어르신),5,커,senior_repeat_1767524673405_zd9cvo9sn,2026-01-04T11:04:32.643858+00:00,media/audio/senior/S36558/b3ec29c84a824bfe8684707a9d15e2e0.json,audio/senior/S36558/b3ec29c84a824bfe8684707a9d15e2e0.wav
S36558,a_repeat_senior,아 반복 발음 과제 (어르신),,,session_1767523789534_gamh3dhfsl8,2026-01-04T10:49:48.798642+00:00,media/audio/senior/S36558/02b10786eeee4dbf8422a02bbac38a94.json,audio/senior/S36558/02b10786eeee4dbf8422a02bbac38a94.wav
S36558,a_repeat_senior,아 반복 발음 과제 (어르신),,,session_1767523690774_u4oeq3qt68,2026-01-04T10:48:10.040316+00:00,media/audio/senior/S36558/be9c86e28fee45d5b31d7907a8b94c81.json,audio/senior/S36558/be9c86e28fee45d5b31d7907a8b94c81.wav
S36558,a_repeat_senior,아 반복 발음 과제 (어르신),,,session_1767524590502_pqrcd1msbc,2026-01-04T11:03:09.763116+00:00,media/audio/senior/S36558/edf59335c3cc4f61aeb9add51d850cbe.json,audio/senior/S36558/edf59335c3cc4f61aeb9add51d850cbe.wav
S36558,repeat_senior,퍼터커 반복 발음 과제 (어르신),2,터,senior_repeat_1767524643018_5u4pcvnrp,2026-01-04T11:04:02.277324+00:00,media/audio/senior/S36558/00a8ed0f189f4495b249752efcbb9276.json,audio/senior/S36558/00a8ed0f189f4495b249752efcbb9276.wav
S36558,repeat_senior,퍼터커 반복 발음 과제 (어르신),4,커,senior_repeat_1767524663426_36g18q3pp,2026-01-04T11:04:22.672315+00:00,media/audio/senior/S36558/f272e643b9c7431b9cc44cfd05a7b123.json,audio/senior/S36558/f272e643b9c7431b9cc44cfd05a7b123.wav
S36558,repeat_senior,퍼터커 반복 발음 과제 (어르신),0,퍼,senior_repeat_1767524616271_5ljt0r9mb,2026-01-04T11:03:35.513124+00:00,media/audio/senior/S36558/05b0364e8ec04f0b991209b44fce6975.json,audio/senior/S36558/05b0364e8ec04f0b991209b44fce6975.wav
S36558,repeat_senior,퍼터커 반복 발음 과제 (어르신),7,퍼터커,senior_repeat_1767524694104_3t2423829,2026-01-04T11:04:53.343009+00:00,media/audio/senior/S36558/88b8db505bfc4afe8575402c8df823a0.json,audio/senior/S36558/88b8db505bfc4afe8575402c8df823a0.wav
S36558,a_repeat_senior,아 반복 발음 과제 (어르신),,,session_1767524573162_upp68fwbw4a,2026-01-04T11:02:52.440358+00:00,media/audio/senior/S36558/415f3fd64fb1474eaf66ef9d84f6aac2.json,audio/senior/S36558/415f3fd64fb1474eaf66ef9d84f6aac2.wav
S36558,repeat_senior,퍼터커 반복 발음 과제 (어르신),1,퍼,senior_repeat_1767524627017_z581pmcvx,2026-01-04T11:03:46.271559+00:00,media/audio/senior/S36558/fe96eef3fc5a49f386ba93044e9dc739.json,audio/senior/S36558/fe96eef3fc5a49f386ba93044e9dc739.wav
S36558,a_repeat_senior,아 반복 발음 과제 (어르신),,,session_1767523596823_17hwxey9ebm,2026-01-04T10:46:36.184101+00:00,media/audio/senior/S36558/79576ba5f3e7497fa04e4c1893ff3299.json,audio/senior/S36558/79576ba5f3e7497fa04e4c1893ff3299.wav
S36558,repeat_senior,퍼터커 반복 발음 과제 (어르신),3,터,senior_repeat_1767524652727_e93wcqtw3,2026-01-04T11:04:11.972791+00:00,media/audio/senior/S36558/f0b0cfd21a864d648835848e6c668912.json,audio/senior/S36558/f0b0cfd21a864d648835848e6c668912.wav
S11049,a_repeat_senior,아 반복 발음 과제 (어르신),,,session_1769221433508_obfqxi3i7,2026-01-24T02:23:50.623687+00:00,media/audio/senior/S11049/c9836b4527334ab9bd800a2f6c472a12.json,audio/senior/S11049/c9836b4527334ab9bd800a2f6c472a12.wav
S11049,repeat_senior,퍼터커 반복 발음 과제 (어르신),1,퍼,senior_repeat_1769221468165_6xlgt0rdu,2026-01-24T02:24:25.205556+00:00,media/audio/senior/S11049/0cb65e46fc1f4c55b7b513b67322ea67.json,audio/senior/S11049/0cb65e46fc1f4c55b7b513b67322ea67.wav
S11049,repeat_senior,퍼터커 반복 발음 과제 (어르신),0,퍼,senior_repeat_1769221453489_wsqdt7in7,2026-01-24T02:24:10.555249+00:00,media/audio/senior/S11049/1b9f8a44da874227a94f04197faadced.json,audio/senior/S11049/1b9f8a44da874227a94f04197faadced.wav
S11049,repeat_senior,퍼터커 반복 발음 과제 (어르신),5,커,senior_repeat_1769221516319_3dgcs8qxf,2026-01-24T02:25:17.048892+00:00,media/audio/senior/S11049/a4dab3b2f5214330959b7130c75264a8.json,audio/senior/S11049/a4dab3b2f5214330959b7130c75264a8.wav
S11049,repeat_senior,퍼터커 반복 발음 과제 (어르신),6,퍼터커,senior_repeat_1769221532376_8jhzx8n9h,2026-01-24T02:25:33.085465+00:00,media/audio/senior/S11049/475be3ce9e694cefab7188682bf17563.json,audio/senior/S11049/475be3ce9e694cefab7188682bf17563.wav
S11049,a_repeat_senior,아 반복 발음 과제 (어르신),,,session_1769221413630_mx9kmaj5v3,2026-01-24T02:23:30.852845+00:00,media/audio/senior/S11049/e1b8d912d490468ba41ce7f0820091f5.json,audio/senior/S11049/e1b8d912d490468ba41ce7f0820091f5.wav
S11049,repeat_senior,퍼터커 반복 발음 과제 (어르신),7,퍼터커,senior_repeat_1769221545876_uhkmx9dmj,2026-01-24T02:25:46.657298+00:00,media/audio/senior/S11049/d6c897dc9ee64820b71cc156c74bd180.json,audio/senior/S11049/d6c897dc9ee64820b71cc156c74bd180.wav
S11049,repeat_senior,퍼터커 반복 발음 과제 (어르신),2,터,senior_repeat_1769221482917_05d2oruti,2026-01-24T02:24:39.967657+00:00,media/audio/senior/S11049/547c7f87fa69409a9629084df0064725.json,audio/senior/S11049/547c7f87fa69409a9629084df0064725.wav
S11049,repeat_senior,퍼터커 반복 발음 과제 (어르신),4,커,senior_repeat_1769221504464_r6txojh5n,2026-01-24T02:25:05.139243+00:00,media/audio/senior/S11049/a16a04ffef774fa1932d79f68a26a9ec.json,audio/senior/S11049/a16a04ffef774fa1932d79f68a26a9ec.wav
S11049,repeat_senior,퍼터커 반복 발음 과제 (어르신),3,터,senior_repeat_1769221493529_mykahhjmj,2026-01-24T02:24:54.160057+00:00,media/audio/senior/S11049/3861b00a13874781a2a87c23c9578f24.json,audio/senior/S11049/3861b00a13874781a2a87c23c9578f24.wav
S70154,a_repeat_senior,아 반복 발음 과제 (어르신),,,session_1763774053379_5mnxlcmwipq,2025-11-22T01:14:14.288773+00:00,media/audio/senior/S70154/27fc54bfbbc94ebdb924f337486ba1d7.json,audio/senior/27fc54bfbbc94ebdb924f337486ba1d7.wav
S70154,repeat_senior,퍼터커 반복 발음 과제 (어르신),7,퍼터커,senior_repeat_1763774245700_cxvfctki6,2025-11-22T01:17:25.942387+00:00,media/audio/senior/S70154/1bf707b8027249358f1c109383e1f46b.json,audio/senior/1bf707b8027249358f1c109383e1f46b.wav
S70154,a_repeat_senior,아 반복 발음 과제 (어르신),,,session_1763774076820_hczpz79tqgd,2025-11-22T01:14:37.037283+00:00,media/audio/senior/S70154/16a2c77f4557442bab716206c26e38a3.json,audio/senior/16a2c77f4557442bab716206c26e38a3.wav
S70154,repeat_senior,퍼터커 반복 발음 과제 (어르신),0,퍼,senior_repeat_1763774102520_mckh3ot0b,2025-11-22T01:15:02.779018+00:00,media/audio/senior/S70154/de90b188b34245c6a0020bb1a2c82497.json,audio/senior/de90b188b34245c6a0020bb1a2c82497.wav
S70154,repeat_senior,퍼터커 반복 발음 과제 (어르신),3,터,senior_repeat_1763774165350_8xdc1qxoo,2025-11-22T01:16:05.250125+00:00,media/audio/senior/S70154/8f795154a04b42e78a602c207450be15.json,audio/senior/8f795154a04b42e78a602c207450be15.wav
S70154,repeat_senior,퍼터커 반복 발음 과제 (어르신),6,퍼터커,senior_repeat_1763774226789_c2wb8kpo6,2025-11-22T01:17:06.702957+00:00,media/audio/senior/S70154/ce5f0dcff4a3456cab0ed960ba6021cb.json,audio/senior/ce5f0dcff4a3456cab0ed960ba6021cb.wav
S70154,repeat_senior,퍼터커 반복 발음 과제 (어르신),5,커,senior_repeat_1763774200176_ddukxuqmi,2025-11-22T01:16:40.102108+00:00,media/audio/senior/S70154/718fa5c180484058af2656b8545e1fd3.json,audio/senior/718fa5c180484058af2656b8545e1fd3.wav
S70154,repeat_senior,퍼터커 반복 발음 과제 (어르신),1,퍼,senior_repeat_1763774125723_x6zlp28co,2025-11-22T01:15:26.051690+00:00,media/audio/senior/S70154/eeb99f6d509049a8a7345b62a373fa5d.json,audio/senior/eeb99f6d509049a8a7345b62a373fa5d.wav
S70154,repeat_senior,퍼터커 반복 발음 과제 (어르신),2,터,senior_repeat_1763774148172_qwk6cla8y,2025-11-22T01:15:48.399543+00:00,media/audio/senior/S70154/769437dd71954c6baa17be0b475746a1.json,audio/senior/769437dd71954c6baa17be0b475746a1.wav
S70154,repeat_senior,퍼터커 반복 발음 과제 (어르신),4,커,senior_repeat_1763774183628_ncwlbuh4m,2025-11-22T01:16:23.569274+00:00,media/audio/senior/S70154/d8ac4b100e5f4c8392366a40bee8f22f.json,audio/senior/d8ac4b100e5f4c8392366a40bee8f22f.wav
S01995,repeat_senior,퍼터커 반복 발음 과제 (어르신),5,커,senior_repeat_1767077013488_eo1vqc0as,2025-12-30T06:43:34.062495+00:00,media/audio/senior/S01995/270bb37cc5e147608ddf7e344f0094dd.json,audio/senior/S01995/270bb37cc5e147608ddf7e344f0094dd.wav
S01995,repeat_senior,퍼터커 반복 발음 과제 (어르신),0,퍼,senior_repeat_1767076943284_1yc2lt141,2025-12-30T06:42:23.872694+00:00,media/audio/senior/S01995/2ad8c9ed9abe4914a180efb6e1617943.json,audio/senior/S01995/2ad8c9ed9abe4914a180efb6e1617943.wav
S01995,repeat_senior,퍼터커 반복 발음 과제 (어르신),7,퍼터커,senior_repeat_1767077041590_u75c9lkuv,2025-12-30T06:44:02.165612+00:00,media/audio/senior/S01995/3cb62689e2f2420083a339af586accfd.json,audio/senior/S01995/3cb62689e2f2420083a339af586accfd.wav
S01995,repeat_senior,퍼터커 반복 발음 과제 (어르신),3,터,senior_repeat_1767076989070_psea1ulp0,2025-12-30T06:43:09.711442+00:00,media/audio/senior/S01995/4cd224a416864f66bdf73e1d70cff34c.json,audio/senior/S01995/4cd224a416864f66bdf73e1d70cff34c.wav
S01995,repeat_senior,퍼터커 반복 발음 과제 (어르신),1,퍼,senior_repeat_1767076963832_np2bgki9j,2025-12-30T06:42:44.689171+00:00,media/audio/senior/S01995/e7ac0dd1865541baa0bbbb4230fc4bb3.json,audio/senior/S01995/e7ac0dd1865541baa0bbbb4230fc4bb3.wav
S01995,repeat_senior,퍼터커 반복 발음 과제 (어르신),2,터,senior_repeat_1767076976788_frckumawg,2025-12-30T06:42:57.477703+00:00,media/audio/senior/S01995/e61c7631bc004d01b04b5c0e5884845f.json,audio/senior/S01995/e61c7631bc004d01b04b5c0e5884845f.wav
S01995,repeat_senior,퍼터커 반복 발음 과제 (어르신),4,커,senior_repeat_1767077001655_47mgr0ge9,2025-12-30T06:43:22.253130+00:00,media/audio/senior/S01995/1f4ac9d6485e48c7b1fef42f5893d306.json,audio/senior/S01995/1f4ac9d6485e48c7b1fef42f5893d306.wav
S01995,repeat_senior,퍼터커 반복 발음 과제 (어르신),6,퍼터커,senior_repeat_1767077030299_4gbwlkc4y,2025-12-30T06:43:50.972272+00:00,media/audio/senior/S01995/be5755c153b64eb89a6ff0c869abec7a.json,audio/senior/S01995/be5755c153b64eb89a6ff0c869abec7a.wav
S01995,a_repeat_senior,아 반복 발음 과제 (어르신),,,session_1767076911920_0rdr4e3snbto,2025-12-30T06:41:52.513854+00:00,media/audio/senior/S01995/c4de4a9e4c31449c8326b3d205388081.json,audio/senior/S01995/c4de4a9e4c31449c8326b3d205388081.wav
S01995,a_repeat_senior,아 반복 발음 과제 (어르신),,,session_1767076923727_71g4b5s57ju,2025-12-30T06:42:04.297123+00:00,media/audio/senior/S01995/61bf6fc2143b4bf592f83632c4907010.json,audio/senior/S01995/61bf6fc2143b4bf592f83632c4907010.wav
S85167,repeat_senior,퍼터커 반복 발음 과제 (어르신),5,커,senior_repeat_1765592304193_popdq57rv,2025-12-13T02:18:25.182570+00:00,media/audio/senior/S85167/097a1b0cef2b4d7b8f899a35689a3d88.json,audio/senior/S85167/097a1b0cef2b4d7b8f899a35689a3d88.wav
S85167,repeat_senior,퍼터커 반복 발음 과제 (어르신),7,퍼터커,senior_repeat_1765592335865_0bu3sv4r5,2025-12-13T02:18:57.168740+00:00,media/audio/senior/S85167/ef8aa268d4134fefb18e0d8d59565e4f.json,audio/senior/S85167/ef8aa268d4134fefb18e0d8d59565e4f.wav
S85167,repeat_senior,퍼터커 반복 발음 과제 (어르신),0,퍼,senior_repeat_1765592239561_rrwl48lct,2025-12-13T02:17:20.439467+00:00,media/audio/senior/S85167/3e51b5420b3b4251b30f6064774083cb.json,audio/senior/S85167/3e51b5420b3b4251b30f6064774083cb.wav
S85167,repeat_senior,퍼터커 반복 발음 과제 (어르신),6,퍼터커,senior_repeat_1765592319816_satgdcnql,2025-12-13T02:18:41.308310+00:00,media/audio/senior/S85167/a9c7d58660524ebd83ab303b28c4cd6a.json,audio/senior/S85167/a9c7d58660524ebd83ab303b28c4cd6a.wav
S85167,repeat_senior,퍼터커 반복 발음 과제 (어르신),1,퍼,senior_repeat_1765592225424_ipu49k7h1,2025-12-13T02:17:05.896813+00:00,media/audio/senior/S85167/64c121d35213479db9a6c3493f310e6e.json,audio/senior/S85167/64c121d35213479db9a6c3493f310e6e.wav
S85167,repeat_senior,퍼터커 반복 발음 과제 (어르신),1,퍼,senior_repeat_1765592255306_38xxuh5b3,2025-12-13T02:17:36.134170+00:00,media/audio/senior/S85167/9eed66c3c8704479a981f412ba575184.json,audio/senior/S85167/9eed66c3c8704479a981f412ba575184.wav
S85167,repeat_senior,퍼터커 반복 발음 과제 (어르신),3,터,senior_repeat_1765592279841_5453dlybn,2025-12-13T02:18:01.221704+00:00,media/audio/senior/S85167/45e59d627f564e90803e2e8202aa526d.json,audio/senior/S85167/45e59d627f564e90803e2e8202aa526d.wav
S85167,a_repeat_senior,아 반복 발음 과제 (어르신),,,session_1765592195949_vpstn0tasgg,2025-12-13T02:16:36.800288+00:00,media/audio/senior/S85167/4109f8d5838145cdb8376d65fe346b18.json,audio/senior/S85167/4109f8d5838145cdb8376d65fe346b18.wav
S85167,repeat_senior,퍼터커 반복 발음 과제 (어르신),2,터,senior_repeat_1765592268810_x4pk4kllr,2025-12-13T02:17:49.543309+00:00,media/audio/senior/S85167/ad3a149513d64edf90d69820824242e6.json,audio/senior/S85167/ad3a149513d64edf90d69820824242e6.wav
S85167,repeat_senior,퍼터커 반복 발음 과제 (어르신),0,퍼,senior_repeat_1765592217168_urtpwmfgo,2025-12-13T02:16:57.995164+00:00,media/audio/senior/S85167/177ad51763d54ec495b91c96c3972ddf.json,audio/senior/S85167/177ad51763d54ec495b91c96c3972ddf.wav
S85167,repeat_senior,퍼터커 반복 발음 과제 (어르신),4,커,senior_repeat_1765592292220_5h77rtnbd,2025-12-13T02:18:13.189321+00:00,media/audio/senior/S85167/030414dc8ece411992a0d62f0bb4c767.json,audio/senior/S85167/030414dc8ece411992a0d62f0bb4c767.wav
S85167,a_repeat_senior,아 반복 발음 과제 (어르신),,,session_1765592182982_yzmpdjz70on,2025-12-13T02:16:24.312229+00:00,media/audio/senior/S85167/5795474e0aac463d892a35439b53f4b4.json,audio/senior/S85167/5795474e0aac463d892a35439b53f4b4.wav
S15008,repeat_senior,퍼터커 반복 발음 과제 (어르신),7,퍼터커,senior_repeat_1769215349179_7jwvbtx7i,2026-01-24T00:42:26.335549+00:00,media/audio/senior/S15008/340e27d90d794592a62c3d67d44a3aa0.json,audio/senior/S15008/340e27d90d794592a62c3d67d44a3aa0.wav
S15008,repeat_senior,퍼터커 반복 발음 과제 (어르신),5,커,senior_repeat_1769215304983_q41bg2lyo,2026-01-24T00:41:42.113307+00:00,media/audio/senior/S15008/c763e0d765f143a5b498dfa6ad4f0770.json,audio/senior/S15008/c763e0d765f143a5b498dfa6ad4f0770.wav
S15008,a_repeat_senior,아 반복 발음 과제 (어르신),,,session_1769215194994_ean62sdti3j,2026-01-24T00:39:52.269943+00:00,media/audio/senior/S15008/66477ffb2998487dbb3fa84c495cb193.json,audio/senior/S15008/66477ffb2998487dbb3fa84c495cb193.wav
S15008,repeat_senior,퍼터커 반복 발음 과제 (어르신),3,터,senior_repeat_1769215270792_0gcctsk1e,2026-01-24T00:41:08.466031+00:00,media/audio/senior/S15008/7db9c888b2ef4e8fb3a05e5af66ad0f3.json,audio/senior/S15008/7db9c888b2ef4e8fb3a05e5af66ad0f3.wav
S15008,repeat_senior,퍼터커 반복 발음 과제 (어르신),2,터,senior_repeat_1769215254581_qifmtwn40,2026-01-24T00:40:52.143593+00:00,media/audio/senior/S15008/cfb93347621f493e9a019cd19c15bfe3.json,audio/senior/S15008/cfb93347621f493e9a019cd19c15bfe3.wav
S15008,repeat_senior,퍼터커 반복 발음 과제 (어르신),4,커,senior_repeat_1769215288415_46afjildg,2026-01-24T00:41:26.179379+00:00,media/audio/senior/S15008/c45606d6f7454bc6b0cfe21768121162.json,audio/senior/S15008/c45606d6f7454bc6b0cfe21768121162.wav
S15008,repeat_senior,퍼터커 반복 발음 과제 (어르신),6,퍼터커,senior_repeat_1769215329976_1q1rwkk5q,2026-01-24T00:42:07.599501+00:00,media/audio/senior/S15008/b2b01c9931324b6fb6267573c0bc80d0.json,audio/senior/S15008/b2b01c9931324b6fb6267573c0bc80d0.wav
S15008,repeat_senior,퍼터커 반복 발음 과제 (어르신),1,퍼,senior_repeat_1769215232402_gy6ysfrgi,2026-01-24T00:40:29.843527+00:00,media/audio/senior/S15008/220fbcf1d92d4ad7ac4bfa9a55689cff.json,audio/senior/S15008/220fbcf1d92d4ad7ac4bfa9a55689cff.wav
S15008,a_repeat_senior,아 반복 발음 과제 (어르신),,,session_1769215174783_6ji9gopkv8l,2026-01-24T00:39:32.584944+00:00,media/audio/senior/S15008/fd386989871a480881d9ca39c38dbfd6.json,audio/senior/S15008/fd386989871a480881d9ca39c38dbfd6.wav
S15008,repeat_senior,퍼터커 반복 발음 과제 (어르신),0,퍼,senior_repeat_1769215215814_oi2rlcfit,2026-01-24T00:40:12.980163+00:00,media/audio/senior/S15008/283ec13a677f489ca3a545f46c62de7e.json,audio/senior/S15008/283ec13a677f489ca3a545f46c62de7e.wav
S28024,repeat_senior,퍼터커 반복 발음 과제 (어르신),0,퍼,senior_repeat_1763640590485_0mptlvox7,2025-11-20T12:09:50.648111+00:00,media/audio/senior/S28024/ece73f4d8931425898649c72f2288a72.json,audio/senior/ece73f4d8931425898649c72f2288a72.wav
S28024,repeat_senior,퍼터커 반복 발음 과제 (어르신),1,퍼,senior_repeat_1763640607889_4nl5ia1sa,2025-11-20T12:10:08.127947+00:00,media/audio/senior/S28024/309034922c7d4d63baee9e1a585b8205.json,audio/senior/309034922c7d4d63baee9e1a585b8205.wav
S28024,repeat_senior,퍼터커 반복 발음 과제 (어르신),7,퍼터커,senior_repeat_1763640739413_1h1tlqpet,2025-11-20T12:12:19.534912+00:00,media/audio/senior/S28024/d6771d74b626436b97e99eaa02a74e6b.json,audio/senior/d6771d74b626436b97e99eaa02a74e6b.wav
S28024,repeat_senior,퍼터커 반복 발음 과제 (어르신),3,터,senior_repeat_1763640665706_js0tjfhoa,2025-11-20T12:11:05.728681+00:00,media/audio/senior/S28024/a9bf42c054b94166adf8ebe12b1624da.json,audio/senior/a9bf42c054b94166adf8ebe12b1624da.wav
S28024,repeat_senior,퍼터커 반복 발음 과제 (어르신),4,커,senior_repeat_1763640685101_hwqesripn,2025-11-20T12:11:25.158944+00:00,media/audio/senior/S28024/b2687e43bc6648d99bb968c959fcdbbf.json,audio/senior/b2687e43bc6648d99bb968c959fcdbbf.wav
S28024,a_repeat_senior,아 반복 발음 과제 (어르신),,,session_1763640573301_u9pb982yf2,2025-11-20T12:09:34.335293+00:00,media/audio/senior/S28024/4af116b3e89142df91196bf1cb61c2cb.json,audio/senior/4af116b3e89142df91196bf1cb61c2cb.wav
S28024,repeat_senior,퍼터커 반복 발음 과제 (어르신),5,커,senior_repeat_1763640701415_y358apxt5,2025-11-20T12:11:41.642582+00:00,media/audio/senior/S28024/3831c15d6ff745708c1daa868c3fa5cf.json,audio/senior/3831c15d6ff745708c1daa868c3fa5cf.wav
S28024,a_repeat_senior,아 반복 발음 과제 (어르신),,,session_1763640555316_68ns1wsj8u3,2025-11-20T12:09:15.784811+00:00,media/audio/senior/S28024/29959943d2044906aa0f2b619706219b.json,audio/senior/29959943d2044906aa0f2b619706219b.wav
S28024,repeat_senior,퍼터커 반복 발음 과제 (어르신),2,터,senior_repeat_1763640628335_5zt320wqm,2025-11-20T12:10:28.620549+00:00,media/audio/senior/S28024/18202c76e7ca4fcbb5277c897161f111.json,audio/senior/18202c76e7ca4fcbb5277c897161f111.wav
S28024,repeat_senior,퍼터커 반복 발음 과제 (어르신),6,퍼터커,senior_repeat_1763640722074_1mmbwaqaa,2025-11-20T12:12:02.345504+00:00,media/audio/senior/S28024/d728df1dfe134c4f9b81f89ce0f41342.json,audio/senior/d728df1dfe134c4f9b81f89ce0f41342.wav
S2602091009,a_repeat_senior,아 반복 발음 과제 (어르신),,,session_1770600256119_uzwgldp9yf8,2026-02-09T01:24:16.137726+00:00,media/audio/senior/S2602091009/f040708162fe46a19fb677278f818d7c.json,audio/senior/S2602091009/f040708162fe46a19fb677278f818d7c.wav
S2602091009,repeat_senior,퍼터커 반복 발음 과제 (어르신),0,퍼,senior_repeat_1770600297573_d5m2et9lm,2026-02-09T01:24:57.960635+00:00,media/audio/senior/S2602091009/2aef0842a7bf4d27a04cdba1fa26562c.json,audio/senior/S2602091009/2aef0842a7bf4d27a04cdba1fa26562c.wav
S2602091009,repeat_senior,퍼터커 반복 발음 과제 (어르신),3,터,senior_repeat_1770600342827_wn8g352uw,2026-02-09T01:25:43.392782+00:00,media/audio/senior/S2602091009/403fa1e4effc4ed0b7031a855fcd97d8.json,audio/senior/S2602091009/403fa1e4effc4ed0b7031a855fcd97d8.wav
S2602091009,repeat_senior,퍼터커 반복 발음 과제 (어르신),4,커,senior_repeat_1770600356200_ihgqnz3y8,2026-02-09T01:25:56.534855+00:00,media/audio/senior/S2602091009/a28845d76b564d3f9b11e932a1addd87.json,audio/senior/S2602091009/a28845d76b564d3f9b11e932a1addd87.wav
S2602091009,repeat_senior,퍼터커 반복 발음 과제 (어르신),7,퍼터커,senior_repeat_1770600397224_zuyys7ge5,2026-02-09T01:26:37.403343+00:00,media/audio/senior/S2602091009/a88188eefb9447de8c81bf835e779677.json,audio/senior/S2602091009/a88188eefb9447de8c81bf835e779677.wav
S2602091009,repeat_senior,퍼터커 반복 발음 과제 (어르신),5,커,senior_repeat_1770600368749_y25690khy,2026-02-09T01:26:09.057725+00:00,media/audio/senior/S2602091009/c64b1345bdac49fca5efb58414d41276.json,audio/senior/S2602091009/c64b1345bdac49fca5efb58414d41276.wav
S2602091009,repeat_senior,퍼터커 반복 발음 과제 (어르신),1,퍼,senior_repeat_1770600312994_6i3kkb9sn,2026-02-09T01:25:13.195067+00:00,media/audio/senior/S2602091009/cf8cf251e1b94efdad7e9af45e9740b8.json,audio/senior/S2602091009/cf8cf251e1b94efdad7e9af45e9740b8.wav
S2602091009,a_repeat_senior,아 반복 발음 과제 (어르신),,,session_1770600274791_5d0ricsan0b,2026-02-09T01:24:35.496445+00:00,media/audio/senior/S2602091009/18bacc2d2616478b8a4e9522e9a97243.json,audio/senior/S2602091009/18bacc2d2616478b8a4e9522e9a97243.wav
S2602091009,repeat_senior,퍼터커 반복 발음 과제 (어르신),6,퍼터커,senior_repeat_1770600385405_c093ylgmt,2026-02-09T01:26:25.636679+00:00,media/audio/senior/S2602091009/f3e03fcac5844022a51b8835dc47e7d7.json,audio/senior/S2602091009/f3e03fcac5844022a51b8835dc47e7d7.wav
S2602091009,repeat_senior,퍼터커 반복 발음 과제 (어르신),2,터,senior_repeat_1770600328687_ddhudhvbw,2026-02-09T01:25:30.176927+00:00,media/audio/senior/S2602091009/28f2c627a2af4ab59cf12a5e9c1f12c5.json,audio/senior/S2602091009/28f2c627a2af4ab59cf12a5e9c1f12c5.wav
S99363,repeat_senior,퍼터커 반복 발음 과제 (어르신),4,커,senior_repeat_1764402626386_snev1iuka,2025-11-29T07:50:24.837517+00:00,media/audio/senior/S99363/18469fda922948bfa16a7ca21075fd60.json,audio/senior/S99363/18469fda922948bfa16a7ca21075fd60.wav
S99363,repeat_senior,퍼터커 반복 발음 과제 (어르신),7,퍼터커,senior_repeat_1764402660434_222t5skd0,2025-11-29T07:50:58.992664+00:00,media/audio/senior/S99363/e31d7f51dfb1425bb067a2f3335d33d5.json,audio/senior/S99363/e31d7f51dfb1425bb067a2f3335d33d5.wav
S99363,repeat_senior,퍼터커 반복 발음 과제 (어르신),2,터,senior_repeat_1764402604120_jzt5dk743,2025-11-29T07:50:02.633739+00:00,media/audio/senior/S99363/86ea96fd5e944d1d8f0e972fc0d97330.json,audio/senior/S99363/86ea96fd5e944d1d8f0e972fc0d97330.wav
S99363,a_repeat_senior,아 반복 발음 과제 (어르신),,,session_1764402565546_l02zs5n5do,2025-11-29T07:49:24.246831+00:00,media/audio/senior/S99363/ce84c7a201d14f4f826bcbc4b415aa95.json,audio/senior/S99363/ce84c7a201d14f4f826bcbc4b415aa95.wav
S99363,repeat_senior,퍼터커 반복 발음 과제 (어르신),1,퍼,senior_repeat_1764402592480_aq7bxk8kd,2025-11-29T07:49:51.223805+00:00,media/audio/senior/S99363/7d66cb8c5f29403bbf65f795b9723c9a.json,audio/senior/S99363/7d66cb8c5f29403bbf65f795b9723c9a.wav
S99363,repeat_senior,퍼터커 반복 발음 과제 (어르신),3,터,senior_repeat_1764402614237_abx7fth1z,2025-11-29T07:50:13.000179+00:00,media/audio/senior/S99363/0b8c59119fb64f8ab47d9ed1106292c0.json,audio/senior/S99363/0b8c59119fb64f8ab47d9ed1106292c0.wav
S99363,a_repeat_senior,아 반복 발음 과제 (어르신),,,session_1764402554805_oe275abnmi,2025-11-29T07:49:13.546059+00:00,media/audio/senior/S99363/597cf32aa30a4107809540928e0df110.json,audio/senior/S99363/597cf32aa30a4107809540928e0df110.wav
S99363,repeat_senior,퍼터커 반복 발음 과제 (어르신),5,커,senior_repeat_1764402636604_zi4d2ryhs,2025-11-29T07:50:34.994608+00:00,media/audio/senior/S99363/90745bb64b1f44bbb7c0be2c75b89e46.json,audio/senior/S99363/90745bb64b1f44bbb7c0be2c75b89e46.wav
S99363,repeat_senior,퍼터커 반복 발음 과제 (어르신),0,퍼,senior_repeat_1764402582111_u38tcyf7j,2025-11-29T07:49:40.960846+00:00,media/audio/senior/S99363/6bd06ee657e144678eafbfdf4eaedc6e.json,audio/senior/S99363/6bd06ee657e144678eafbfdf4eaedc6e.wav
S99363,repeat_senior,퍼터커 반복 발음 과제 (어르신),6,퍼터커,senior_repeat_1764402650062_52z9t5gmj,2025-11-29T07:50:48.485693+00:00,media/audio/senior/S99363/f678b26ecf3840faa416c56f953cffc4.json,audio/senior/S99363/f678b26ecf3840faa416c56f953cffc4.wav
S2602171213,repeat_senior,퍼터커 반복 발음 과제 (어르신),7,퍼터커,senior_repeat_1771299237262_zg21uzby8,2026-02-17T03:33:58.153971+00:00,media/audio/senior/S2602171213/a0c4d1a069b54a8c9f4c7a7feb6cf935.json,audio/senior/S2602171213/a0c4d1a069b54a8c9f4c7a7feb6cf935.wav
S2602171213,repeat_senior,퍼터커 반복 발음 과제 (어르신),5,커,senior_repeat_1771299201404_uh36gxmng,2026-02-17T03:33:22.140385+00:00,media/audio/senior/S2602171213/614e0a14bd4646ab99e9377bc93ae01a.json,audio/senior/S2602171213/614e0a14bd4646ab99e9377bc93ae01a.wav
S2602171213,repeat_senior,퍼터커 반복 발음 과제 (어르신),4,커,senior_repeat_1771299184145_a42zl708g,2026-02-17T03:33:04.947048+00:00,media/audio/senior/S2602171213/97f6fb372f9e4753bcea05c990726df0.json,audio/senior/S2602171213/97f6fb372f9e4753bcea05c990726df0.wav
S2602171213,repeat_senior,퍼터커 반복 발음 과제 (어르신),3,터,senior_repeat_1771299169175_89c0g339d,2026-02-17T03:32:49.967089+00:00,media/audio/senior/S2602171213/2f66b1229a074afbbb68863a06cc871f.json,audio/senior/S2602171213/2f66b1229a074afbbb68863a06cc871f.wav
S2602171213,a_repeat_senior,아 반복 발음 과제 (어르신),,,session_1771299085841_yuyoz1uhkwj,2026-02-17T03:31:26.681051+00:00,media/audio/senior/S2602171213/487636a284c84ef58a1083526f861ef5.json,audio/senior/S2602171213/487636a284c84ef58a1083526f861ef5.wav
S2602171213,repeat_senior,퍼터커 반복 발음 과제 (어르신),2,터,senior_repeat_1771299154522_z0p9wv48v,2026-02-17T03:32:35.338956+00:00,media/audio/senior/S2602171213/0d29aff582204d2c90855f2ff9114c2c.json,audio/senior/S2602171213/0d29aff582204d2c90855f2ff9114c2c.wav
S2602171213,repeat_senior,퍼터커 반복 발음 과제 (어르신),0,퍼,senior_repeat_1771299119533_1chvsgdmn,2026-02-17T03:32:00.385265+00:00,media/audio/senior/S2602171213/420edb9b7532442fba847fd49e53b105.json,audio/senior/S2602171213/420edb9b7532442fba847fd49e53b105.wav
S2602171213,repeat_senior,퍼터커 반복 발음 과제 (어르신),6,퍼터커,senior_repeat_1771299219774_3dggh55q2,2026-02-17T03:33:40.596958+00:00,media/audio/senior/S2602171213/a08f7c7cca7c4c55933302cc70752d57.json,audio/senior/S2602171213/a08f7c7cca7c4c55933302cc70752d57.wav
S2602171213,repeat_senior,퍼터커 반복 발음 과제 (어르신),1,퍼,senior_repeat_1771299133930_0zc3ij1lz,2026-02-17T03:32:14.622437+00:00,media/audio/senior/S2602171213/4ad0d26930e84d0b91e23ca29ca0d4a0.json,audio/senior/S2602171213/4ad0d26930e84d0b91e23ca29ca0d4a0.wav
S2602171213,a_repeat_senior,아 반복 발음 과제 (어르신),,,session_1771299069117_gaf7x1z5s,2026-02-17T03:31:10.003001+00:00,media/audio/senior/S2602171213/3aaf591b83ea4fd7a0fab83426e9f802.json,audio/senior/S2602171213/3aaf591b83ea4fd7a0fab83426e9f802.wav
S79422,repeat_senior,퍼터커 반복 발음 과제 (어르신),5,커,senior_repeat_1764413785743_8ruowmvix,2025-11-29T10:56:25.863311+00:00,media/audio/senior/S79422/01d2ff6b114c4b718d348e8123f26308.json,audio/senior/S79422/01d2ff6b114c4b718d348e8123f26308.wav
S79422,repeat_senior,퍼터커 반복 발음 과제 (어르신),7,퍼터커,senior_repeat_1764413805376_1hzwftcyc,2025-11-29T10:56:45.476269+00:00,media/audio/senior/S79422/aa3a4d1146b842f7be3f12f2c16b261a.json,audio/senior/S79422/aa3a4d1146b842f7be3f12f2c16b261a.wav
S79422,a_repeat_senior,아 반복 발음 과제 (어르신),,,session_1764413720546_8hyso0zn2qu,2025-11-29T10:55:20.674097+00:00,media/audio/senior/S79422/d5fd84b709a445fdbf36bd5f740a2299.json,audio/senior/S79422/d5fd84b709a445fdbf36bd5f740a2299.wav
S79422,repeat_senior,퍼터커 반복 발음 과제 (어르신),6,퍼터커,senior_repeat_1764413796489_dxvtmxjit,2025-11-29T10:56:36.600812+00:00,media/audio/senior/S79422/bbd7635a28014679b4baa29561c8ed3f.json,audio/senior/S79422/bbd7635a28014679b4baa29561c8ed3f.wav
S79422,repeat_senior,퍼터커 반복 발음 과제 (어르신),1,퍼,senior_repeat_1764413746569_s4ysxg80t,2025-11-29T10:55:46.669148+00:00,media/audio/senior/S79422/db5b83ce12334e70962b4dfe2d680b57.json,audio/senior/S79422/db5b83ce12334e70962b4dfe2d680b57.wav
S79422,repeat_senior,퍼터커 반복 발음 과제 (어르신),3,터,senior_repeat_1764413766291_xtp6ccwvs,2025-11-29T10:56:06.403929+00:00,media/audio/senior/S79422/dd101cb3fae64fe4b5149f4176a2e940.json,audio/senior/S79422/dd101cb3fae64fe4b5149f4176a2e940.wav
S79422,repeat_senior,퍼터커 반복 발음 과제 (어르신),4,커,senior_repeat_1764413776831_p406b9zx6,2025-11-29T10:56:16.938225+00:00,media/audio/senior/S79422/990d3b488e434725b8f8cfe781162a31.json,audio/senior/S79422/990d3b488e434725b8f8cfe781162a31.wav
S79422,a_repeat_senior,아 반복 발음 과제 (어르신),,,session_1764413703768_q7608yg0htp,2025-11-29T10:55:03.944623+00:00,media/audio/senior/S79422/82490720d1164238915d62c60c84a554.json,audio/senior/S79422/82490720d1164238915d62c60c84a554.wav
S79422,repeat_senior,퍼터커 반복 발음 과제 (어르신),2,터,senior_repeat_1764413757576_6w284gdpw,2025-11-29T10:55:57.706594+00:00,media/audio/senior/S79422/f1a7eb5126e14249991d3708521d28bb.json,audio/senior/S79422/f1a7eb5126e14249991d3708521d28bb.wav
S79422,repeat_senior,퍼터커 반복 발음 과제 (어르신),0,퍼,senior_repeat_1764413737903_grlnv57q2,2025-11-29T10:55:38.002851+00:00,media/audio/senior/S79422/f440415deff84272ae26a6965e5324ca.json,audio/senior/S79422/f440415deff84272ae26a6965e5324ca.wav
S50037,repeat_senior,퍼터커 반복 발음 과제 (어르신),5,커,senior_repeat_1764457664603_uyl9jjt99,2025-11-29T23:07:45.452396+00:00,media/audio/senior/S50037/b35fc902d9f24a15b0a0ec15e7dde2b0.json,audio/senior/S50037/b35fc902d9f24a15b0a0ec15e7dde2b0.wav
S50037,repeat_senior,퍼터커 반복 발음 과제 (어르신),4,커,senior_repeat_1764457651010_t6qqwqr3o,2025-11-29T23:07:31.690800+00:00,media/audio/senior/S50037/da56630fc4974c679f15df08546dda0b.json,audio/senior/S50037/da56630fc4974c679f15df08546dda0b.wav
S50037,a_repeat_senior,아 반복 발음 과제 (어르신),,,session_1764457591158_71s55mjvj8s,2025-11-29T23:06:31.971421+00:00,media/audio/senior/S50037/ac82d4b50183419a823376223991be6a.json,audio/senior/S50037/ac82d4b50183419a823376223991be6a.wav
S50037,repeat_senior,퍼터커 반복 발음 과제 (어르신),1,퍼,senior_repeat_1764457619228_quey232pt,2025-11-29T23:06:59.741221+00:00,media/audio/senior/S50037/f6f8d36b6169493b992b1aa00feea53a.json,audio/senior/S50037/f6f8d36b6169493b992b1aa00feea53a.wav
S50037,repeat_senior,퍼터커 반복 발음 과제 (어르신),6,퍼터커,senior_repeat_1764457680184_f4k6hj2k2,2025-11-29T23:08:00.820156+00:00,media/audio/senior/S50037/f51ddcab54704a52b9e9f71ca0b510f0.json,audio/senior/S50037/f51ddcab54704a52b9e9f71ca0b510f0.wav
S50037,repeat_senior,퍼터커 반복 발음 과제 (어르신),0,퍼,senior_repeat_1764457608933_0gkd7sq3z,2025-11-29T23:06:49.456192+00:00,media/audio/senior/S50037/fe4872b537f449ae8fd8d1cd1a70b072.json,audio/senior/S50037/fe4872b537f449ae8fd8d1cd1a70b072.wav
S50037,repeat_senior,퍼터커 반복 발음 과제 (어르신),3,터,senior_repeat_1764457640279_h8k217u81,2025-11-29T23:07:20.831918+00:00,media/audio/senior/S50037/d72479ff7f404b22a8bcc65b0c51cfac.json,audio/senior/S50037/d72479ff7f404b22a8bcc65b0c51cfac.wav
S50037,repeat_senior,퍼터커 반복 발음 과제 (어르신),7,퍼터커,senior_repeat_1764457691923_zbij80m5v,2025-11-29T23:08:12.520968+00:00,media/audio/senior/S50037/e2caffef72f742378b58021e0feca814.json,audio/senior/S50037/e2caffef72f742378b58021e0feca814.wav
S50037,a_repeat_senior,아 반복 발음 과제 (어르신),,,session_1764457579018_ypgf583b3n,2025-11-29T23:06:20.227597+00:00,media/audio/senior/S50037/dd1fdcda0fcd41f9a3cf3eac549f6406.json,audio/senior/S50037/dd1fdcda0fcd41f9a3cf3eac549f6406.wav
S50037,repeat_senior,퍼터커 반복 발음 과제 (어르신),2,터,senior_repeat_1764457630171_453imtonu,2025-11-29T23:07:10.753496+00:00,media/audio/senior/S50037/b94b113df2314993b1995c457eda36f4.json,audio/senior/S50037/b94b113df2314993b1995c457eda36f4.wav
S26758,repeat_senior,퍼터커 반복 발음 과제 (어르신),3,터,senior_repeat_1764934282632_70ew37y0q,2025-12-05T11:31:23.395365+00:00,media/audio/senior/S26758/8d1b97550d4744658f4a8e7809eb153c.json,audio/senior/S26758/8d1b97550d4744658f4a8e7809eb153c.wav
S26758,repeat_senior,퍼터커 반복 발음 과제 (어르신),0,퍼,senior_repeat_1764934246239_jwp9hiew6,2025-12-05T11:30:46.944815+00:00,media/audio/senior/S26758/bbe81a4551ca4cb5bdeb485c87778df3.json,audio/senior/S26758/bbe81a4551ca4cb5bdeb485c87778df3.wav
S26758,repeat_senior,퍼터커 반복 발음 과제 (어르신),6,퍼터커,senior_repeat_1764934318946_mrk55aozo,2025-12-05T11:31:59.740922+00:00,media/audio/senior/S26758/f855e99d19ca459f86372604cc0d0094.json,audio/senior/S26758/f855e99d19ca459f86372604cc0d0094.wav
S26758,repeat_senior,퍼터커 반복 발음 과제 (어르신),5,커,senior_repeat_1764934305057_7mje5h4dr,2025-12-05T11:31:45.808668+00:00,media/audio/senior/S26758/1d08bdd5eddf4d1297f33ac30bc14300.json,audio/senior/S26758/1d08bdd5eddf4d1297f33ac30bc14300.wav
S26758,a_repeat_senior,아 반복 발음 과제 (어르신),,,session_1764934218265_j0gmtc8nkw,2025-12-05T11:30:19.072684+00:00,media/audio/senior/S26758/060b63f9f8ea41f39082eca584d57d24.json,audio/senior/S26758/060b63f9f8ea41f39082eca584d57d24.wav
S26758,a_repeat_senior,아 반복 발음 과제 (어르신),,,session_1764934229118_jsscd0bbhwk,2025-12-05T11:30:29.755368+00:00,media/audio/senior/S26758/8a5fb9d16ea34c27b5f67f7480bdac56.json,audio/senior/S26758/8a5fb9d16ea34c27b5f67f7480bdac56.wav
S26758,repeat_senior,퍼터커 반복 발음 과제 (어르신),7,퍼터커,senior_repeat_1764934330642_ys7jmk2xr,2025-12-05T11:32:11.421052+00:00,media/audio/senior/S26758/1a20f57b483c4d51940e9af496081c34.json,audio/senior/S26758/1a20f57b483c4d51940e9af496081c34.wav
S26758,repeat_senior,퍼터커 반복 발음 과제 (어르신),1,퍼,senior_repeat_1764934257348_lkfwropfx,2025-12-05T11:30:58.026276+00:00,media/audio/senior/S26758/27182cf8eee946e7bdcd811f30759d90.json,audio/senior/S26758/27182cf8eee946e7bdcd811f30759d90.wav
S26758,repeat_senior,퍼터커 반복 발음 과제 (어르신),2,터,senior_repeat_1764934271008_2zybezpy4,2025-12-05T11:31:11.750742+00:00,media/audio/senior/S26758/36220312f7334099ba5ec84ec2d637b0.json,audio/senior/S26758/36220312f7334099ba5ec84ec2d637b0.wav
S26758,repeat_senior,퍼터커 반복 발음 과제 (어르신),4,커,senior_repeat_1764934293874_zomzmp6wh,2025-12-05T11:31:34.652611+00:00,media/audio/senior/S26758/a0e5c04a3e2c4cee8be58cfc0414e139.json,audio/senior/S26758/a0e5c04a3e2c4cee8be58cfc0414e139.wav
S57058,repeat_senior,퍼터커 반복 발음 과제 (어르신),7,퍼터커,senior_repeat_1771308314208_fu3k30zlo,2026-02-17T06:05:13.158452+00:00,media/audio/senior/S57058/523865017e1f40ec9a314a601d3ba4cb.json,audio/senior/S57058/523865017e1f40ec9a314a601d3ba4cb.wav
S27860,repeat_senior,퍼터커 반복 발음 과제 (어르신),6,퍼터커,senior_repeat_1769225860189_kybnp6row,2026-01-24T03:37:40.872133+00:00,media/audio/senior/S27860/1c9917a1638941389b7756523e24d69f.json,audio/senior/S27860/1c9917a1638941389b7756523e24d69f.wav
S27860,repeat_senior,퍼터커 반복 발음 과제 (어르신),1,퍼,senior_repeat_1769225783200_cpznclcko,2026-01-24T03:36:24.474688+00:00,media/audio/senior/S27860/6c32e1c80ee24195bd7079b7e140aa13.json,audio/senior/S27860/6c32e1c80ee24195bd7079b7e140aa13.wav
S27860,a_repeat_senior,아 반복 발음 과제 (어르신),,,session_1769225723171_9ippfn6etrw,2026-01-24T03:35:24.529819+00:00,media/audio/senior/S27860/80ef038729ca4068935717911c10416b.json,audio/senior/S27860/80ef038729ca4068935717911c10416b.wav
S27860,repeat_senior,퍼터커 반복 발음 과제 (어르신),3,터,senior_repeat_1769225816120_1he7qmvmv,2026-01-24T03:36:56.771917+00:00,media/audio/senior/S27860/d8b27943bad848eebf94b1aa5d623552.json,audio/senior/S27860/d8b27943bad848eebf94b1aa5d623552.wav
S27860,repeat_senior,퍼터커 반복 발음 과제 (어르신),4,커,senior_repeat_1769225830163_2t88fp3cx,2026-01-24T03:37:11.427203+00:00,media/audio/senior/S27860/87df36fd0c4846eea4f58816b252994a.json,audio/senior/S27860/87df36fd0c4846eea4f58816b252994a.wav
S27860,repeat_senior,퍼터커 반복 발음 과제 (어르신),0,퍼,senior_repeat_1769225766768_o8cvyug61,2026-01-24T03:36:07.446115+00:00,media/audio/senior/S27860/3492dc25fe2e40d4b53ef778c11b9f4f.json,audio/senior/S27860/3492dc25fe2e40d4b53ef778c11b9f4f.wav
S27860,repeat_senior,퍼터커 반복 발음 과제 (어르신),2,터,senior_repeat_1769225801222_k3n22xcp6,2026-01-24T03:36:42.292056+00:00,media/audio/senior/S27860/4c212d674419410fb6ad4c7fcc9c64d9.json,audio/senior/S27860/4c212d674419410fb6ad4c7fcc9c64d9.wav
S27860,a_repeat_senior,아 반복 발음 과제 (어르신),,,session_1769225745316_4x8up7bqh5,2026-01-24T03:35:46.446143+00:00,media/audio/senior/S27860/ba714e5126b24359a01cb28ef29f06b7.json,audio/senior/S27860/ba714e5126b24359a01cb28ef29f06b7.wav
S27860,repeat_senior,퍼터커 반복 발음 과제 (어르신),7,퍼터커,senior_repeat_1769225874751_qgqx011e4,2026-01-24T03:37:55.771113+00:00,media/audio/senior/S27860/31058262bfba444cbc74efc3f03cf0ea.json,audio/senior/S27860/31058262bfba444cbc74efc3f03cf0ea.wav
S27860,repeat_senior,퍼터커 반복 발음 과제 (어르신),5,커,senior_repeat_1769225844610_xu6imyjm9,2026-01-24T03:37:25.289991+00:00,media/audio/senior/S27860/3f66cff302b24e41a7b454465ebffa04.json,audio/senior/S27860/3f66cff302b24e41a7b454465ebffa04.wav
S18011,repeat_senior,퍼터커 반복 발음 과제 (어르신),2,터,senior_repeat_1764300054353_bc6sqytyc,2025-11-28T03:20:52.681620+00:00,media/audio/senior/S18011/8b49bc12b89c42db9641a70b47bf0195.json,audio/senior/S18011/8b49bc12b89c42db9641a70b47bf0195.wav
S18011,repeat_senior,퍼터커 반복 발음 과제 (어르신),7,퍼터커,senior_repeat_1764300112836_gtvgve1ru,2025-11-28T03:21:51.165168+00:00,media/audio/senior/S18011/8da03dd3d9e349d6b222c31030e281ca.json,audio/senior/S18011/8da03dd3d9e349d6b222c31030e281ca.wav
S18011,repeat_senior,퍼터커 반복 발음 과제 (어르신),6,퍼터커,senior_repeat_1764300101526_0sg6b4ko6,2025-11-28T03:21:39.935312+00:00,media/audio/senior/S18011/2541327c94a944edbacbd0421b2dbc91.json,audio/senior/S18011/2541327c94a944edbacbd0421b2dbc91.wav
S18011,a_repeat_senior,아 반복 발음 과제 (어르신),,,session_1764300001925_sxbbfl9apx,2025-11-28T03:20:00.384793+00:00,media/audio/senior/S18011/b7bba23ed28c44768347e0afb33860c1.json,audio/senior/S18011/b7bba23ed28c44768347e0afb33860c1.wav
S18011,repeat_senior,퍼터커 반복 발음 과제 (어르신),0,퍼,senior_repeat_1764300029536_8brq5aiha,2025-11-28T03:20:27.873719+00:00,media/audio/senior/S18011/71759d34cca24638bd7b623e77e00a0c.json,audio/senior/S18011/71759d34cca24638bd7b623e77e00a0c.wav
S18011,a_repeat_senior,아 반복 발음 과제 (어르신),,,session_1764300011220_y5nezc190dd,2025-11-28T03:20:09.523296+00:00,media/audio/senior/S18011/c019ded1e05c451db14b4279c6eaecc9.json,audio/senior/S18011/c019ded1e05c451db14b4279c6eaecc9.wav
S18011,repeat_senior,퍼터커 반복 발음 과제 (어르신),3,터,senior_repeat_1764300065047_gs6sn35ha,2025-11-28T03:21:03.382836+00:00,media/audio/senior/S18011/a8f0b984daf8476fac8fe2f152b071db.json,audio/senior/S18011/a8f0b984daf8476fac8fe2f152b071db.wav
S18011,repeat_senior,퍼터커 반복 발음 과제 (어르신),1,퍼,senior_repeat_1764300040790_reg0so16w,2025-11-28T03:20:39.102315+00:00,media/audio/senior/S18011/6f1b78651f74460b8d87fbbf79fcf70b.json,audio/senior/S18011/6f1b78651f74460b8d87fbbf79fcf70b.wav
S18011,repeat_senior,퍼터커 반복 발음 과제 (어르신),5,커,senior_repeat_1764300088358_6dys4b700,2025-11-28T03:21:26.689876+00:00,media/audio/senior/S18011/aca9de88940f4f4abd9523a7f27ff604.json,audio/senior/S18011/aca9de88940f4f4abd9523a7f27ff604.wav
S18011,repeat_senior,퍼터커 반복 발음 과제 (어르신),4,커,senior_repeat_1764300077901_7bp9lbaud,2025-11-28T03:21:16.236407+00:00,media/audio/senior/S18011/e4d3f2ead5314fe788a07547dd6df985.json,audio/senior/S18011/e4d3f2ead5314fe788a07547dd6df985.wav
S45192,repeat_senior,퍼터커 반복 발음 과제 (어르신),2,터,senior_repeat_1764496555074_hskpsdclp,2025-11-30T09:55:54.620907+00:00,media/audio/senior/S45192/f64b419df1ed4faab61373e1b99a22d3.json,audio/senior/S45192/f64b419df1ed4faab61373e1b99a22d3.wav
S45192,repeat_senior,퍼터커 반복 발음 과제 (어르신),5,커,senior_repeat_1764496641476_usz7hc48a,2025-11-30T09:57:20.899360+00:00,media/audio/senior/S45192/c67633f7a3494c87932c2fdeb1156b35.json,audio/senior/S45192/c67633f7a3494c87932c2fdeb1156b35.wav
S45192,a_repeat_senior,아 반복 발음 과제 (어르신),,,session_1764496446886_0gtvopkakq2,2025-11-30T09:54:06.320202+00:00,media/audio/senior/S45192/cff0a2ee0ecf407db2b2dcb067f940c0.json,audio/senior/S45192/cff0a2ee0ecf407db2b2dcb067f940c0.wav
S45192,repeat_senior,퍼터커 반복 발음 과제 (어르신),7,퍼터커,senior_repeat_1764496714024_j66k15nqr,2025-11-30T09:58:33.471877+00:00,media/audio/senior/S45192/ef55684234814cc19d47b42a623e55f9.json,audio/senior/S45192/ef55684234814cc19d47b42a623e55f9.wav
S45192,repeat_senior,퍼터커 반복 발음 과제 (어르신),3,터,senior_repeat_1764496582603_0agzn5hfi,2025-11-30T09:56:22.019429+00:00,media/audio/senior/S45192/7f26244f1a144001b5f33da22831cba8.json,audio/senior/S45192/7f26244f1a144001b5f33da22831cba8.wav
S45192,repeat_senior,퍼터커 반복 발음 과제 (어르신),6,퍼터커,senior_repeat_1764496683403_l23pfc16x,2025-11-30T09:58:02.837182+00:00,media/audio/senior/S45192/47b74c87c2414b6f94a230152a4562dc.json,audio/senior/S45192/47b74c87c2414b6f94a230152a4562dc.wav
S45192,repeat_senior,퍼터커 반복 발음 과제 (어르신),0,퍼,senior_repeat_1764496489960_uljdp98ep,2025-11-30T09:54:49.402403+00:00,media/audio/senior/S45192/e1080b6ac24d4499a32f78778f5741ff.json,audio/senior/S45192/e1080b6ac24d4499a32f78778f5741ff.wav
S45192,repeat_senior,퍼터커 반복 발음 과제 (어르신),1,퍼,senior_repeat_1764496517424_j6mjw7047,2025-11-30T09:55:16.880724+00:00,media/audio/senior/S45192/ba7cf34dd77948b696da334d8824ebbc.json,audio/senior/S45192/ba7cf34dd77948b696da334d8824ebbc.wav
S45192,repeat_senior,퍼터커 반복 발음 과제 (어르신),4,커,senior_repeat_1764496617660_alwq1qsph,2025-11-30T09:56:57.093213+00:00,media/audio/senior/S45192/9bf9460766984ce1a396fb48ac11b6d4.json,audio/senior/S45192/9bf9460766984ce1a396fb48ac11b6d4.wav
S45192,a_repeat_senior,아 반복 발음 과제 (어르신),,,session_1764496424703_b0uc3j7lb0a,2025-11-30T09:53:44.139921+00:00,media/audio/senior/S45192/49ec9b7f096642138f01ceb223c25c56.json,audio/senior/S45192/49ec9b7f096642138f01ceb223c25c56.wav
S2602171109,repeat_senior,퍼터커 반복 발음 과제 (어르신),2,터,senior_repeat_1771295385366_ue3rg7x2w,2026-02-17T02:29:46.233073+00:00,media/audio/senior/S2602171109/d8b779a6203a4367905a4d206dee059e.json,audio/senior/S2602171109/d8b779a6203a4367905a4d206dee059e.wav
S2602171109,repeat_senior,퍼터커 반복 발음 과제 (어르신),7,퍼터커,senior_repeat_1771295677528_303z2fedb,2026-02-17T02:34:38.657673+00:00,media/audio/senior/S2602171109/5600bd167308443e95a690e233803228.json,audio/senior/S2602171109/5600bd167308443e95a690e233803228.wav
S2602171109,repeat_senior,퍼터커 반복 발음 과제 (어르신),4,커,senior_repeat_1771295415005_77dq65wau,2026-02-17T02:30:15.767963+00:00,media/audio/senior/S2602171109/86ade5f2069945318ccf3da6ea330dff.json,audio/senior/S2602171109/86ade5f2069945318ccf3da6ea330dff.wav
S2602171109,repeat_senior,퍼터커 반복 발음 과제 (어르신),3,터,senior_repeat_1771295597352_ilw34luoq,2026-02-17T02:33:18.401155+00:00,media/audio/senior/S2602171109/693c8d6f2d764e03884386ae4e256633.json,audio/senior/S2602171109/693c8d6f2d764e03884386ae4e256633.wav
S2602171109,repeat_senior,퍼터커 반복 발음 과제 (어르신),0,퍼,senior_repeat_1771295499351_6hfq59fn9,2026-02-17T02:31:40.054976+00:00,media/audio/senior/S2602171109/3ea0d7806542496c97a071ce2e1268c1.json,audio/senior/S2602171109/3ea0d7806542496c97a071ce2e1268c1.wav
S2602171109,repeat_senior,퍼터커 반복 발음 과제 (어르신),1,퍼,senior_repeat_1771295568277_ngana2yhz,2026-02-17T02:32:49.336176+00:00,media/audio/senior/S2602171109/a416e996a83a4b12875732bce1986e0c.json,audio/senior/S2602171109/a416e996a83a4b12875732bce1986e0c.wav
S2602171109,repeat_senior,퍼터커 반복 발음 과제 (어르신),0,퍼,senior_repeat_1771295344478_2a2oefp5q,2026-02-17T02:29:05.676802+00:00,media/audio/senior/S2602171109/f983788848da4649ad3740f59ee0179d.json,audio/senior/S2602171109/f983788848da4649ad3740f59ee0179d.wav
S2602171109,repeat_senior,퍼터커 반복 발음 과제 (어르신),1,퍼,senior_repeat_1771295364301_iyeld7r53,2026-02-17T02:29:25.375763+00:00,media/audio/senior/S2602171109/637f770d8f1d41cbb52bb8fcbaeadb72.json,audio/senior/S2602171109/637f770d8f1d41cbb52bb8fcbaeadb72.wav
S2602171109,repeat_senior,퍼터커 반복 발음 과제 (어르신),5,커,senior_repeat_1771295632643_vbfj6zmjb,2026-02-17T02:33:53.710980+00:00,media/audio/senior/S2602171109/42e2d76fb2d941fc91be9183a614eec6.json,audio/senior/S2602171109/42e2d76fb2d941fc91be9183a614eec6.wav
S2602171109,a_repeat_senior,아 반복 발음 과제 (어르신),,,session_1771295234566_dfhdcg37md7,2026-02-17T02:27:15.610370+00:00,media/audio/senior/S2602171109/964e9e2a1d554687a425b9a3b0ae220f.json,audio/senior/S2602171109/964e9e2a1d554687a425b9a3b0ae220f.wav
S2602171109,repeat_senior,퍼터커 반복 발음 과제 (어르신),5,커,senior_repeat_1771295485266_miyw6oqsq,2026-02-17T02:31:25.975435+00:00,media/audio/senior/S2602171109/e383ba46ffd746d38a87ddd5ea4525d9.json,audio/senior/S2602171109/e383ba46ffd746d38a87ddd5ea4525d9.wav
S2602171109,repeat_senior,퍼터커 반복 발음 과제 (어르신),6,퍼터커,senior_repeat_1771295662831_0b0xw6ry2,2026-02-17T02:34:24.460011+00:00,media/audio/senior/S2602171109/098a6c5b26724177ac2a6386230f9055.json,audio/senior/S2602171109/098a6c5b26724177ac2a6386230f9055.wav
S2602171109,repeat_senior,퍼터커 반복 발음 과제 (어르신),0,퍼,senior_repeat_1771295551677_shwer0juk,2026-02-17T02:32:32.646558+00:00,media/audio/senior/S2602171109/f9a6cdc1e83b40739dfa75e7394dacb8.json,audio/senior/S2602171109/f9a6cdc1e83b40739dfa75e7394dacb8.wav
S2602171109,repeat_senior,퍼터커 반복 발음 과제 (어르신),4,커,senior_repeat_1771295617064_47hlgjfmh,2026-02-17T02:33:38.064210+00:00,media/audio/senior/S2602171109/4af507f2b3404281a13add6292a7e178.json,audio/senior/S2602171109/4af507f2b3404281a13add6292a7e178.wav
S2602171109,a_repeat_senior,아 반복 발음 과제 (어르신),,,session_1771295256163_if3zq29igr,2026-02-17T02:27:37.228226+00:00,media/audio/senior/S2602171109/68367874d85d406c9dd5ecd1c36a302b.json,audio/senior/S2602171109/68367874d85d406c9dd5ecd1c36a302b.wav
S2602171109,repeat_senior,퍼터커 반복 발음 과제 (어르신),3,터,senior_repeat_1771295403683_vk9dt6etk,2026-02-17T02:30:04.552069+00:00,media/audio/senior/S2602171109/0a91e439b5084fbbbf25a35ac29cf89d.json,audio/senior/S2602171109/0a91e439b5084fbbbf25a35ac29cf89d.wav
S2602171109,repeat_senior,퍼터커 반복 발음 과제 (어르신),2,터,senior_repeat_1771295583235_3g1d00tdv,2026-02-17T02:33:04.887644+00:00,media/audio/senior/S2602171109/7741e226baee4aff868c58cfef352d86.json,audio/senior/S2602171109/7741e226baee4aff868c58cfef352d86.wav
S68495,repeat_senior,퍼터커 반복 발음 과제 (어르신),4,커,senior_repeat_1768615017124_zzrcn5d00,2026-01-17T01:56:55.400486+00:00,media/audio/senior/S68495/571ffb326a6141c0ae958550f56bf873.json,audio/senior/S68495/571ffb326a6141c0ae958550f56bf873.wav
S68495,repeat_senior,퍼터커 반복 발음 과제 (어르신),3,터,senior_repeat_1768615009959_4palom1x8,2026-01-17T01:56:48.208781+00:00,media/audio/senior/S68495/ef5c1c5d443e4d599717b7b1da46e96b.json,audio/senior/S68495/ef5c1c5d443e4d599717b7b1da46e96b.wav
S68495,repeat_senior,퍼터커 반복 발음 과제 (어르신),5,커,senior_repeat_1768615024301_ij8m9oefo,2026-01-17T01:57:02.594134+00:00,media/audio/senior/S68495/4783cd70087741658a9113e6a984cdbb.json,audio/senior/S68495/4783cd70087741658a9113e6a984cdbb.wav
S68495,repeat_senior,퍼터커 반복 발음 과제 (어르신),1,퍼,senior_repeat_1768614993887_vmqrsma01,2026-01-17T01:56:32.150763+00:00,media/audio/senior/S68495/dd701ef04805423fbe6e0f3a9e68a67f.json,audio/senior/S68495/dd701ef04805423fbe6e0f3a9e68a67f.wav
S68495,a_repeat_senior,아 반복 발음 과제 (어르신),,,session_1768614974141_az99yewq6u5,2026-01-17T01:56:12.413746+00:00,media/audio/senior/S68495/0240aa27365c49d6865cb487002c214a.json,audio/senior/S68495/0240aa27365c49d6865cb487002c214a.wav
S68495,repeat_senior,퍼터커 반복 발음 과제 (어르신),6,퍼터커,senior_repeat_1768615037021_4v8yvgfnj,2026-01-17T01:57:15.332902+00:00,media/audio/senior/S68495/559c18f880df46a3bd3e6682b315a08a.json,audio/senior/S68495/559c18f880df46a3bd3e6682b315a08a.wav
S68495,a_repeat_senior,아 반복 발음 과제 (어르신),,,session_1768614966108_gcbv2pkt79w,2026-01-17T01:56:04.447361+00:00,media/audio/senior/S68495/cd2aea5dd39f441fa7b962056c7cc091.json,audio/senior/S68495/cd2aea5dd39f441fa7b962056c7cc091.wav
S68495,repeat_senior,퍼터커 반복 발음 과제 (어르신),0,퍼,senior_repeat_1768614986849_3q9u388r4,2026-01-17T01:56:25.098617+00:00,media/audio/senior/S68495/6062861168e146acaed593b89a820c9a.json,audio/senior/S68495/6062861168e146acaed593b89a820c9a.wav
S68495,repeat_senior,퍼터커 반복 발음 과제 (어르신),2,터,senior_repeat_1768615002684_iwrczku0x,2026-01-17T01:56:40.938123+00:00,media/audio/senior/S68495/65219f7217e845c48f93666d82048d1d.json,audio/senior/S68495/65219f7217e845c48f93666d82048d1d.wav
S68495,repeat_senior,퍼터커 반복 발음 과제 (어르신),7,퍼터커,senior_repeat_1768615044697_ubljagy4c,2026-01-17T01:57:22.977561+00:00,media/audio/senior/S68495/f64a6213033a4f59819b70d50547b9a1.json,audio/senior/S68495/f64a6213033a4f59819b70d50547b9a1.wav
S30979,a_repeat_senior,아 반복 발음 과제 (어르신),,,session_1764488342007_upm521l494r,2025-11-30T07:39:17.503352+00:00,media/audio/senior/S30979/a501a8e3b958405796cbd8e1a3c095a8.json,audio/senior/S30979/a501a8e3b958405796cbd8e1a3c095a8.wav
S30979,repeat_senior,퍼터커 반복 발음 과제 (어르신),1,퍼,senior_repeat_1764488516065_58rg0r66a,2025-11-30T07:41:55.792609+00:00,media/audio/senior/S30979/2d32af627b0245118bed1c5bed386213.json,audio/senior/S30979/2d32af627b0245118bed1c5bed386213.wav
S30979,repeat_senior,퍼터커 반복 발음 과제 (어르신),2,터,senior_repeat_1764488559501_gql1cge5s,2025-11-30T07:42:39.258855+00:00,media/audio/senior/S30979/2bba730eaae84139bd222ff0bba41dc8.json,audio/senior/S30979/2bba730eaae84139bd222ff0bba41dc8.wav
S30979,repeat_senior,퍼터커 반복 발음 과제 (어르신),0,퍼,senior_repeat_1764488479711_9d4gqy8zs,2025-11-30T07:41:19.413162+00:00,media/audio/senior/S30979/a48cb4f31ca9426a8c20ff323602ec2c.json,audio/senior/S30979/a48cb4f31ca9426a8c20ff323602ec2c.wav
S30979,a_repeat_senior,아 반복 발음 과제 (어르신),,,session_1764488286451_syz541b0va,2025-11-30T07:38:29.496459+00:00,media/audio/senior/S30979/189163f23ea74326b21b7ab9c3abf685.json,audio/senior/S30979/189163f23ea74326b21b7ab9c3abf685.wav
S30979,repeat_senior,퍼터커 반복 발음 과제 (어르신),5,커,senior_repeat_1764488697883_5pw0ce57i,2025-11-30T07:44:57.642918+00:00,media/audio/senior/S30979/eb99959442f94a26bbce0fcded297a3d.json,audio/senior/S30979/eb99959442f94a26bbce0fcded297a3d.wav
S30979,repeat_senior,퍼터커 반복 발음 과제 (어르신),7,퍼터커,senior_repeat_1764488763137_wvgw1e8ys,2025-11-30T07:46:02.877396+00:00,media/audio/senior/S30979/0b5835e00aa946af8287f115a6d41d7d.json,audio/senior/S30979/0b5835e00aa946af8287f115a6d41d7d.wav
S30979,repeat_senior,퍼터커 반복 발음 과제 (어르신),4,커,senior_repeat_1764488658471_f43bik9pq,2025-11-30T07:44:18.195631+00:00,media/audio/senior/S30979/e7f588a967b04fa68941df36c5c08977.json,audio/senior/S30979/e7f588a967b04fa68941df36c5c08977.wav
S30979,repeat_senior,퍼터커 반복 발음 과제 (어르신),3,터,senior_repeat_1764488594859_0q185l2da,2025-11-30T07:43:14.601528+00:00,media/audio/senior/S30979/77229b562a3046709d82a03be82a896d.json,audio/senior/S30979/77229b562a3046709d82a03be82a896d.wav
S30979,repeat_senior,퍼터커 반복 발음 과제 (어르신),6,퍼터커,senior_repeat_1764488736077_vnqovfsz2,2025-11-30T07:45:35.732229+00:00,media/audio/senior/S30979/58e81b0901e741d8ac4813bbac6a8f3d.json,audio/senior/S30979/58e81b0901e741d8ac4813bbac6a8f3d.wav
S58529,repeat_senior,퍼터커 반복 발음 과제 (어르신),5,커,senior_repeat_1769658528427_73vvzi8wd,2026-01-29T03:48:49.510336+00:00,media/audio/senior/S58529/10c4b93c49a0463eafcd26e6b4c5e0e6.json,audio/senior/S58529/10c4b93c49a0463eafcd26e6b4c5e0e6.wav
S58529,repeat_senior,퍼터커 반복 발음 과제 (어르신),1,퍼,senior_repeat_1769658483130_ewv2ouc4e,2026-01-29T03:48:03.792138+00:00,media/audio/senior/S58529/38daee2e602c4c0b9b24dfbb1a409724.json,audio/senior/S58529/38daee2e602c4c0b9b24dfbb1a409724.wav
S58529,repeat_senior,퍼터커 반복 발음 과제 (어르신),2,터,senior_repeat_1769658495540_yeusg3qyt,2026-01-29T03:48:16.017423+00:00,media/audio/senior/S58529/267e51a43bd04cc9b931f66a54eb200b.json,audio/senior/S58529/267e51a43bd04cc9b931f66a54eb200b.wav
S58529,repeat_senior,퍼터커 반복 발음 과제 (어르신),3,터,senior_repeat_1769658506377_dhz94i56t,2026-01-29T03:48:26.934074+00:00,media/audio/senior/S58529/076e357249b44218864a282bddc9743d.json,audio/senior/S58529/076e357249b44218864a282bddc9743d.wav
S58529,repeat_senior,퍼터커 반복 발음 과제 (어르신),4,커,senior_repeat_1769658517297_qzym8tmnp,2026-01-29T03:48:38.725918+00:00,media/audio/senior/S58529/e1a1df1edc894069b4e42405afa86198.json,audio/senior/S58529/e1a1df1edc894069b4e42405afa86198.wav
S58529,repeat_senior,퍼터커 반복 발음 과제 (어르신),6,퍼터커,senior_repeat_1769658542400_f1vt4he2c,2026-01-29T03:49:05.018703+00:00,media/audio/senior/S58529/6b8fde0461e947529d7632bcfed7455a.json,audio/senior/S58529/6b8fde0461e947529d7632bcfed7455a.wav
S58529,a_repeat_senior,아 반복 발음 과제 (어르신),,,session_1769658446301_nl3p3hzj9g,2026-01-29T03:47:26.766098+00:00,media/audio/senior/S58529/515d1864f5cd4b60b9a068983a7d0934.json,audio/senior/S58529/515d1864f5cd4b60b9a068983a7d0934.wav
S58529,a_repeat_senior,아 반복 발음 과제 (어르신),,,session_1769658455467_nb2dex0izo,2026-01-29T03:47:35.923002+00:00,media/audio/senior/S58529/d8bf03e1ab9249168b7a1b3ff68b2d25.json,audio/senior/S58529/d8bf03e1ab9249168b7a1b3ff68b2d25.wav
S58529,repeat_senior,퍼터커 반복 발음 과제 (어르신),0,퍼,senior_repeat_1769658472268_4bhv35thj,2026-01-29T03:47:52.853914+00:00,media/audio/senior/S58529/36d55dc1bea5458a9594bf8f33c24341.json,audio/senior/S58529/36d55dc1bea5458a9594bf8f33c24341.wav
S58529,repeat_senior,퍼터커 반복 발음 과제 (어르신),7,퍼터커,senior_repeat_1769658555201_a08yvw3ep,2026-01-29T03:49:16.705843+00:00,media/audio/senior/S58529/b452437954d44e1591e44c56547b3048.json,audio/senior/S58529/b452437954d44e1591e44c56547b3048.wav
S93455,repeat_senior,퍼터커 반복 발음 과제 (어르신),2,터,senior_repeat_1765701975889_e3rsav3yv,2025-12-14T08:46:17.584172+00:00,media/audio/senior/S93455/b57aea6e2f594e3fa65625556f5c0935.json,audio/senior/S93455/b57aea6e2f594e3fa65625556f5c0935.wav
S93455,repeat_senior,퍼터커 반복 발음 과제 (어르신),0,퍼,senior_repeat_1765701944319_uda5eqdju,2025-12-14T08:45:45.949340+00:00,media/audio/senior/S93455/b85cd3d9c45e4bf8a6d0396e40ee0830.json,audio/senior/S93455/b85cd3d9c45e4bf8a6d0396e40ee0830.wav
S93455,repeat_senior,퍼터커 반복 발음 과제 (어르신),6,퍼터커,senior_repeat_1765702046687_n4llo4i1q,2025-12-14T08:47:28.173667+00:00,media/audio/senior/S93455/98e64a2eb90f4edebf3523e485b57f4b.json,audio/senior/S93455/98e64a2eb90f4edebf3523e485b57f4b.wav
S93455,repeat_senior,퍼터커 반복 발음 과제 (어르신),7,퍼터커,senior_repeat_1765702063809_3l90kgb9f,2025-12-14T08:47:45.663390+00:00,media/audio/senior/S93455/427fdce40343458ab2a65215f1201faa.json,audio/senior/S93455/427fdce40343458ab2a65215f1201faa.wav
S93455,repeat_senior,퍼터커 반복 발음 과제 (어르신),4,커,senior_repeat_1765702012894_o7u6jz4c2,2025-12-14T08:46:53.897670+00:00,media/audio/senior/S93455/beb28ab789224e9a9671d8d7b82c1246.json,audio/senior/S93455/beb28ab789224e9a9671d8d7b82c1246.wav
S93455,a_repeat_senior,아 반복 발음 과제 (어르신),,,session_1765701886879_jwqeuqxov0j,2025-12-14T08:44:48.797956+00:00,media/audio/senior/S93455/9d5e18a6d7e4494d87b1a14988d4d53c.json,audio/senior/S93455/9d5e18a6d7e4494d87b1a14988d4d53c.wav
S93455,repeat_senior,퍼터커 반복 발음 과제 (어르신),1,퍼,senior_repeat_1765701958982_baya5xv82,2025-12-14T08:46:00.586434+00:00,media/audio/senior/S93455/f17608ab85b449329b1b5c2cabc1ddda.json,audio/senior/S93455/f17608ab85b449329b1b5c2cabc1ddda.wav
S93455,a_repeat_senior,아 반복 발음 과제 (어르신),,,session_1765701865608_8sb5zjwf0c,2025-12-14T08:44:27.753483+00:00,media/audio/senior/S93455/2f656433a23e435caf0ea5bcf5bcb546.json,audio/senior/S93455/2f656433a23e435caf0ea5bcf5bcb546.wav
S93455,repeat_senior,퍼터커 반복 발음 과제 (어르신),3,터,senior_repeat_1765701993637_qlhagqitx,2025-12-14T08:46:35.414644+00:00,media/audio/senior/S93455/cb14d1812d624bfcae2f51f1734e0391.json,audio/senior/S93455/cb14d1812d624bfcae2f51f1734e0391.wav
S93455,repeat_senior,퍼터커 반복 발음 과제 (어르신),5,커,senior_repeat_1765702028705_62624sivi,2025-12-14T08:47:10.263152+00:00,media/audio/senior/S93455/d1ed2762ed8e4d9a87920dab5ecb2ff1.json,audio/senior/S93455/d1ed2762ed8e4d9a87920dab5ecb2ff1.wav
S43518,repeat_senior,퍼터커 반복 발음 과제 (어르신),2,터,senior_repeat_1764226030435_zq6toe5w9,2025-11-27T06:47:09.237576+00:00,media/audio/senior/S43518/156c32345de740c0ad7aa610eb10f70b.json,audio/senior/156c32345de740c0ad7aa610eb10f70b.wav
S43518,repeat_senior,퍼터커 반복 발음 과제 (어르신),4,커,senior_repeat_1764226050366_bdpt0f8nk,2025-11-27T06:47:29.463579+00:00,media/audio/senior/S43518/40bf55accb944aa5b4ebe65e83d34a85.json,audio/senior/40bf55accb944aa5b4ebe65e83d34a85.wav
S43518,repeat_senior,퍼터커 반복 발음 과제 (어르신),0,퍼,senior_repeat_1764226006257_orpmiqxsx,2025-11-27T06:46:45.245971+00:00,media/audio/senior/S43518/55507db464174ae689399e0e608c73e6.json,audio/senior/55507db464174ae689399e0e608c73e6.wav
S43518,repeat_senior,퍼터커 반복 발음 과제 (어르신),5,커,senior_repeat_1764226060090_4g9hio3xm,2025-11-27T06:47:39.111088+00:00,media/audio/senior/S43518/a055c5f495094d2aadb84c34fa571cfa.json,audio/senior/a055c5f495094d2aadb84c34fa571cfa.wav
S43518,a_repeat_senior,아 반복 발음 과제 (어르신),,,session_1764225982858_us7skfe17bg,2025-11-27T06:46:21.947652+00:00,media/audio/senior/S43518/048129003e9843d082144072b026e8fe.json,audio/senior/048129003e9843d082144072b026e8fe.wav
S43518,repeat_senior,퍼터커 반복 발음 과제 (어르신),3,터,senior_repeat_1764226039159_siuob4kbm,2025-11-27T06:47:18.172263+00:00,media/audio/senior/S43518/e91fe08a172247c084cbdd5b08c3af99.json,audio/senior/e91fe08a172247c084cbdd5b08c3af99.wav
S43518,repeat_senior,퍼터커 반복 발음 과제 (어르신),6,퍼터커,senior_repeat_1764226073989_8048mpv64,2025-11-27T06:47:53.007150+00:00,media/audio/senior/S43518/1bba55725b764c97986172376225e55d.json,audio/senior/1bba55725b764c97986172376225e55d.wav
S43518,repeat_senior,퍼터커 반복 발음 과제 (어르신),7,퍼터커,senior_repeat_1764226084913_1vpoyc0y0,2025-11-27T06:48:03.859395+00:00,media/audio/senior/S43518/546b05a920d444f89fab91e85a2efbfc.json,audio/senior/546b05a920d444f89fab91e85a2efbfc.wav
S43518,a_repeat_senior,아 반복 발음 과제 (어르신),,,session_1764225969821_n0og2w3j85,2025-11-27T06:46:08.615199+00:00,media/audio/senior/S43518/3530295fe0d9458bbc8e0f7f10a5f7cc.json,audio/senior/3530295fe0d9458bbc8e0f7f10a5f7cc.wav
S43518,repeat_senior,퍼터커 반복 발음 과제 (어르신),1,퍼,senior_repeat_1764226018565_02460ysz2,2025-11-27T06:46:57.572627+00:00,media/audio/senior/S43518/ff809119efcc42f78389a0f25dca0a8f.json,audio/senior/ff809119efcc42f78389a0f25dca0a8f.wav
S2602162122,repeat_senior,퍼터커 반복 발음 과제 (어르신),3,터,senior_repeat_1771244662397_3aexwc9qe,2026-02-16T12:24:21.463249+00:00,media/audio/senior/S2602162122/b06f4333f9aa4e02a0b96d027f5bb36a.json,audio/senior/S2602162122/b06f4333f9aa4e02a0b96d027f5bb36a.wav
S2602162122,repeat_senior,퍼터커 반복 발음 과제 (어르신),2,터,senior_repeat_1771244655163_ok6vn0s3m,2026-02-16T12:24:14.245579+00:00,media/audio/senior/S2602162122/4e4e658810ba46eabf8569fe8656d820.json,audio/senior/S2602162122/4e4e658810ba46eabf8569fe8656d820.wav
S2602162122,a_repeat_senior,아 반복 발음 과제 (어르신),,,session_1771244615465_pkgdmsljv8,2026-02-16T12:23:34.544897+00:00,media/audio/senior/S2602162122/d17509c42da5475bb4e73ab7df934bd3.json,audio/senior/S2602162122/d17509c42da5475bb4e73ab7df934bd3.wav
S2602162122,repeat_senior,퍼터커 반복 발음 과제 (어르신),7,퍼터커,senior_repeat_1771244691133_lqytcwpe2,2026-02-16T12:24:50.245142+00:00,media/audio/senior/S2602162122/74c5569aaaf046a2b34a0ee714a89159.json,audio/senior/S2602162122/74c5569aaaf046a2b34a0ee714a89159.wav
S2602162122,repeat_senior,퍼터커 반복 발음 과제 (어르신),0,퍼,senior_repeat_1771244628984_r3mwj49wp,2026-02-16T12:23:48.059880+00:00,media/audio/senior/S2602162122/31dcfb7ae62e4ee2bcb1a88af0c8db8a.json,audio/senior/S2602162122/31dcfb7ae62e4ee2bcb1a88af0c8db8a.wav
S2602162122,repeat_senior,퍼터커 반복 발음 과제 (어르신),5,커,senior_repeat_1771244676392_zwmkkek7c,2026-02-16T12:24:35.452921+00:00,media/audio/senior/S2602162122/4dc7321175c34ec7be6d3ba10ecd5e94.json,audio/senior/S2602162122/4dc7321175c34ec7be6d3ba10ecd5e94.wav
S2602162122,repeat_senior,퍼터커 반복 발음 과제 (어르신),1,퍼,senior_repeat_1771244646815_a6ptmlhe5,2026-02-16T12:24:05.885829+00:00,media/audio/senior/S2602162122/4912eea876344dfb8217c864854bc300.json,audio/senior/S2602162122/4912eea876344dfb8217c864854bc300.wav
S2602162122,a_repeat_senior,아 반복 발음 과제 (어르신),,,session_1771244608676_qnncavh0g5a,2026-02-16T12:23:27.758034+00:00,media/audio/senior/S2602162122/c71a23ec279a452e97260950ab9d4f9c.json,audio/senior/S2602162122/c71a23ec279a452e97260950ab9d4f9c.wav
S2602162122,repeat_senior,퍼터커 반복 발음 과제 (어르신),6,퍼터커,senior_repeat_1771244683991_sm6l4b23b,2026-02-16T12:24:43.088514+00:00,media/audio/senior/S2602162122/c06cd85dbdb04ebf988f27639362b0fd.json,audio/senior/S2602162122/c06cd85dbdb04ebf988f27639362b0fd.wav
S2602162122,repeat_senior,퍼터커 반복 발음 과제 (어르신),4,커,senior_repeat_1771244669687_ez487lgwz,2026-02-16T12:24:28.747340+00:00,media/audio/senior/S2602162122/286d68ecc43b44bc935793aed483dc29.json,audio/senior/S2602162122/286d68ecc43b44bc935793aed483dc29.wav
S05842,repeat_senior,퍼터커 반복 발음 과제 (어르신),4,커,senior_repeat_1766305252570_2yt8szozx,2025-12-21T08:20:50.765432+00:00,media/audio/senior/S05842/a0b94bf7d0ae42078583c824553cd054.json,audio/senior/S05842/a0b94bf7d0ae42078583c824553cd054.wav
S05842,repeat_senior,퍼터커 반복 발음 과제 (어르신),7,퍼터커,senior_repeat_1766305288653_00fcml2dm,2025-12-21T08:21:26.848244+00:00,media/audio/senior/S05842/b4852a741425466d8d85dac5deb3813d.json,audio/senior/S05842/b4852a741425466d8d85dac5deb3813d.wav
S05842,repeat_senior,퍼터커 반복 발음 과제 (어르신),2,터,senior_repeat_1766305231399_epj5l7edf,2025-12-21T08:20:29.592753+00:00,media/audio/senior/S05842/634d5997d89c4950b46137bcd93a23d9.json,audio/senior/S05842/634d5997d89c4950b46137bcd93a23d9.wav
S05842,repeat_senior,퍼터커 반복 발음 과제 (어르신),6,퍼터커,senior_repeat_1766305278651_j7s077kny,2025-12-21T08:21:16.848272+00:00,media/audio/senior/S05842/d887caf910bb4d8ab14f241623f14836.json,audio/senior/S05842/d887caf910bb4d8ab14f241623f14836.wav
S05842,repeat_senior,퍼터커 반복 발음 과제 (어르신),0,퍼,senior_repeat_1766305208547_xcohdgg5l,2025-12-21T08:20:06.743934+00:00,media/audio/senior/S05842/c49d61cf89764be78b1a45706dc7e5be.json,audio/senior/S05842/c49d61cf89764be78b1a45706dc7e5be.wav
S05842,repeat_senior,퍼터커 반복 발음 과제 (어르신),5,커,senior_repeat_1766305263298_x5plex8sa,2025-12-21T08:21:01.500566+00:00,media/audio/senior/S05842/dbe7868ea1bc4ed491a022c1fdfc1ee3.json,audio/senior/S05842/dbe7868ea1bc4ed491a022c1fdfc1ee3.wav
S05842,a_repeat_senior,아 반복 발음 과제 (어르신),,,session_1766305179595_oyb8bnjs7gg,2025-12-21T08:19:37.833023+00:00,media/audio/senior/S05842/aed62f4a56e44b84be6f3539be6f2d1c.json,audio/senior/S05842/aed62f4a56e44b84be6f3539be6f2d1c.wav
S05842,repeat_senior,퍼터커 반복 발음 과제 (어르신),3,터,senior_repeat_1766305241190_cg4yci4w5,2025-12-21T08:20:39.395719+00:00,media/audio/senior/S05842/444a3b60c07d4e588c423ce8aa32c18d.json,audio/senior/S05842/444a3b60c07d4e588c423ce8aa32c18d.wav
S05842,a_repeat_senior,아 반복 발음 과제 (어르신),,,session_1766305188987_4n0ccvro2p,2025-12-21T08:19:47.173132+00:00,media/audio/senior/S05842/0362f7d3774648aeb4a362b2d7c95718.json,audio/senior/S05842/0362f7d3774648aeb4a362b2d7c95718.wav
S05842,repeat_senior,퍼터커 반복 발음 과제 (어르신),1,퍼,senior_repeat_1766305218736_ehdo7ujem,2025-12-21T08:20:16.917764+00:00,media/audio/senior/S05842/33e22e9224724b10bcf69425465e02cb.json,audio/senior/S05842/33e22e9224724b10bcf69425465e02cb.wav
S14688,repeat_senior,퍼터커 반복 발음 과제 (어르신),1,퍼,senior_repeat_1765610038240_9w42erot2,2025-12-13T07:13:58.835215+00:00,media/audio/senior/S14688/9fed304a0e644e1abff2ba49e5a9d655.json,audio/senior/S14688/9fed304a0e644e1abff2ba49e5a9d655.wav
S14688,repeat_senior,퍼터커 반복 발음 과제 (어르신),0,퍼,senior_repeat_1765610024645_36nwyaquz,2025-12-13T07:13:45.671357+00:00,media/audio/senior/S14688/aae48573ba624bc2a1e2158c86e868ad.json,audio/senior/S14688/aae48573ba624bc2a1e2158c86e868ad.wav
S14688,repeat_senior,퍼터커 반복 발음 과제 (어르신),5,커,senior_repeat_1765610102841_lts17jpgf,2025-12-13T07:15:03.539916+00:00,media/audio/senior/S14688/33d0e95860d141948069fc4f1d20aee4.json,audio/senior/S14688/33d0e95860d141948069fc4f1d20aee4.wav
S14688,repeat_senior,퍼터커 반복 발음 과제 (어르신),4,커,senior_repeat_1765610087716_0wtadckyq,2025-12-13T07:14:48.502807+00:00,media/audio/senior/S14688/e5ad6793f9634bb8b0d044f92ec8da75.json,audio/senior/S14688/e5ad6793f9634bb8b0d044f92ec8da75.wav
S14688,repeat_senior,퍼터커 반복 발음 과제 (어르신),6,퍼터커,senior_repeat_1765610123243_vobapv599,2025-12-13T07:15:23.956188+00:00,media/audio/senior/S14688/7e226d5c5dfe4a759133d72651cb5bf9.json,audio/senior/S14688/7e226d5c5dfe4a759133d72651cb5bf9.wav
S14688,repeat_senior,퍼터커 반복 발음 과제 (어르신),2,터,senior_repeat_1765610056108_gaf966y7v,2025-12-13T07:14:16.674840+00:00,media/audio/senior/S14688/d80282a66c9f48049497635abf3d6231.json,audio/senior/S14688/d80282a66c9f48049497635abf3d6231.wav
S14688,a_repeat_senior,아 반복 발음 과제 (어르신),,,session_1765609989784_ma86r9s9hw,2025-12-13T07:13:10.491571+00:00,media/audio/senior/S14688/2efd00801e754bdb80a627c2cbc8e719.json,audio/senior/S14688/2efd00801e754bdb80a627c2cbc8e719.wav
S14688,repeat_senior,퍼터커 반복 발음 과제 (어르신),3,터,senior_repeat_1765610070317_8ar9al2bo,2025-12-13T07:14:31.701477+00:00,media/audio/senior/S14688/bc63b3a1b47544c48186eedad7e06259.json,audio/senior/S14688/bc63b3a1b47544c48186eedad7e06259.wav
S14688,repeat_senior,퍼터커 반복 발음 과제 (어르신),7,퍼터커,senior_repeat_1765610137626_580qnlulv,2025-12-13T07:15:38.259658+00:00,media/audio/senior/S14688/bda4bf31a5e34f38aeabf5991bf7caa9.json,audio/senior/S14688/bda4bf31a5e34f38aeabf5991bf7caa9.wav
S14688,a_repeat_senior,아 반복 발음 과제 (어르신),,,session_1765610002420_4iguskodqw9,2025-12-13T07:13:22.993959+00:00,media/audio/senior/S14688/5812d07d64924ea993d2eaf46a3e3f94.json,audio/senior/S14688/5812d07d64924ea993d2eaf46a3e3f94.wav
S44481,repeat_senior,퍼터커 반복 발음 과제 (어르신),5,커,senior_repeat_1768295275772_1liikzm3c,2026-01-13T09:07:53.697895+00:00,media/audio/senior/S44481/50897bf9d3c24b42ab390ff17f6e900f.json,audio/senior/S44481/50897bf9d3c24b42ab390ff17f6e900f.wav
S44481,a_repeat_senior,아 반복 발음 과제 (어르신),,,session_1768295189697_cxs4b57d11o,2026-01-13T09:06:27.835936+00:00,media/audio/senior/S44481/a0dfe729ce684805a20a88f1b7ee2e6b.json,audio/senior/S44481/a0dfe729ce684805a20a88f1b7ee2e6b.wav
S44481,repeat_senior,퍼터커 반복 발음 과제 (어르신),6,퍼터커,senior_repeat_1768295289081_tjogfhnvw,2026-01-13T09:08:07.302731+00:00,media/audio/senior/S44481/5c94492465ab418c8cf58611f7434935.json,audio/senior/S44481/5c94492465ab418c8cf58611f7434935.wav
S44481,repeat_senior,퍼터커 반복 발음 과제 (어르신),4,커,senior_repeat_1768295265226_5xrt040r1,2026-01-13T09:07:43.326242+00:00,media/audio/senior/S44481/91be42deb36d4a8f8a0ab1b52ed7d2fe.json,audio/senior/S44481/91be42deb36d4a8f8a0ab1b52ed7d2fe.wav
S44481,repeat_senior,퍼터커 반복 발음 과제 (어르신),2,터,senior_repeat_1768295242912_gwexxp650,2026-01-13T09:07:21.003546+00:00,media/audio/senior/S44481/f0f0b81db4ae4c2bb49207a8e7a1493a.json,audio/senior/S44481/f0f0b81db4ae4c2bb49207a8e7a1493a.wav
S44481,repeat_senior,퍼터커 반복 발음 과제 (어르신),7,퍼터커,senior_repeat_1768295298993_u40b05lsw,2026-01-13T09:08:16.935676+00:00,media/audio/senior/S44481/b5771e5ece454792bbed2d79f7dff153.json,audio/senior/S44481/b5771e5ece454792bbed2d79f7dff153.wav
S44481,repeat_senior,퍼터커 반복 발음 과제 (어르신),1,퍼,senior_repeat_1768295230580_d91w9yqci,2026-01-13T09:07:08.556185+00:00,media/audio/senior/S44481/2ed4a56457ee400f889cba496956a5c6.json,audio/senior/S44481/2ed4a56457ee400f889cba496956a5c6.wav
S44481,repeat_senior,퍼터커 반복 발음 과제 (어르신),0,퍼,senior_repeat_1768295219279_yqgokq4ix,2026-01-13T09:06:57.435491+00:00,media/audio/senior/S44481/6129761e15f44cc9b2a2b711942806be.json,audio/senior/S44481/6129761e15f44cc9b2a2b711942806be.wav
S44481,repeat_senior,퍼터커 반복 발음 과제 (어르신),3,터,senior_repeat_1768295253610_u87lvpvuk,2026-01-13T09:07:31.547098+00:00,media/audio/senior/S44481/736a6ad8d2604a82b7ab27fbd9850628.json,audio/senior/S44481/736a6ad8d2604a82b7ab27fbd9850628.wav
S44481,a_repeat_senior,아 반복 발음 과제 (어르신),,,session_1768295165454_on0tdohgdr,2026-01-13T09:06:03.683701+00:00,media/audio/senior/S44481/8bb372856d0f43f9b69206a4d436c0e6.json,audio/senior/S44481/8bb372856d0f43f9b69206a4d436c0e6.wav
S47404,a_repeat_senior,아 반복 발음 과제 (어르신),,,session_1769518948174_h3aov4rgha,2026-01-27T13:02:27.248634+00:00,media/audio/senior/S47404/03bb9647042c4d1fb9e1f10aa742951a.json,audio/senior/S47404/03bb9647042c4d1fb9e1f10aa742951a.wav
S47404,repeat_senior,퍼터커 반복 발음 과제 (어르신),2,터,senior_repeat_1769519012679_qbfwjgitl,2026-01-27T13:03:31.520028+00:00,media/audio/senior/S47404/4d0478571da34f759b88a1c3e87ba3c9.json,audio/senior/S47404/4d0478571da34f759b88a1c3e87ba3c9.wav
S47404,repeat_senior,퍼터커 반복 발음 과제 (어르신),4,커,senior_repeat_1769519041171_p9plt32eg,2026-01-27T13:04:00.017713+00:00,media/audio/senior/S47404/55cf4a3b4809485a8f28a12e66a2c29c.json,audio/senior/S47404/55cf4a3b4809485a8f28a12e66a2c29c.wav
S47404,repeat_senior,퍼터커 반복 발음 과제 (어르신),5,커,senior_repeat_1769519051173_5xohfp4fh,2026-01-27T13:04:10.046306+00:00,media/audio/senior/S47404/aa7f77983c5a457f9a5a81074f0dc382.json,audio/senior/S47404/aa7f77983c5a457f9a5a81074f0dc382.wav
S47404,repeat_senior,퍼터커 반복 발음 과제 (어르신),0,퍼,senior_repeat_1769518990828_mhdjcgqwr,2026-01-27T13:03:09.979245+00:00,media/audio/senior/S47404/65004441d35e4037a330daa4e72faaad.json,audio/senior/S47404/65004441d35e4037a330daa4e72faaad.wav
S47404,repeat_senior,퍼터커 반복 발음 과제 (어르신),6,퍼터커,senior_repeat_1769519063073_v4i4ljqqs,2026-01-27T13:04:21.871386+00:00,media/audio/senior/S47404/950ea25ae65d4d59a0ddd2beb08159c2.json,audio/senior/S47404/950ea25ae65d4d59a0ddd2beb08159c2.wav
S47404,a_repeat_senior,아 반복 발음 과제 (어르신),,,session_1769518965002_vd1uhh5nfw,2026-01-27T13:02:44.603510+00:00,media/audio/senior/S47404/4304d79f20604848a3b7117bffc51f51.json,audio/senior/S47404/4304d79f20604848a3b7117bffc51f51.wav
S47404,repeat_senior,퍼터커 반복 발음 과제 (어르신),7,퍼터커,senior_repeat_1769519073844_dp58mjrg0,2026-01-27T13:04:41.926833+00:00,media/audio/senior/S47404/d0b79467b7a046dda6f21cb05c1ce0df.json,audio/senior/S47404/d0b79467b7a046dda6f21cb05c1ce0df.wav
S47404,repeat_senior,퍼터커 반복 발음 과제 (어르신),3,터,senior_repeat_1769519028220_7jinxa5tj,2026-01-27T13:03:47.128480+00:00,media/audio/senior/S47404/27a166c0e2e04b358aa2d9419c47cd46.json,audio/senior/S47404/27a166c0e2e04b358aa2d9419c47cd46.wav
S47404,repeat_senior,퍼터커 반복 발음 과제 (어르신),1,퍼,senior_repeat_1769519001171_ke4a0v91z,2026-01-27T13:03:20.474487+00:00,media/audio/senior/S47404/5aca46b3e34a4be2a6d0faa6feb88757.json,audio/senior/S47404/5aca46b3e34a4be2a6d0faa6feb88757.wav
S09835,repeat_senior,퍼터커 반복 발음 과제 (어르신),0,퍼,senior_repeat_1764220375889_4oybyzhxb,2025-11-27T05:12:54.433672+00:00,media/audio/senior/S09835/675f29884e0f4cf891fdd3ff04f3a0b2.json,audio/senior/675f29884e0f4cf891fdd3ff04f3a0b2.wav
S09835,a_repeat_senior,아 반복 발음 과제 (어르신),,,session_1764220331636_btxuvlqdz7,2025-11-27T05:12:10.294355+00:00,media/audio/senior/S09835/2ac7772aae7f41d78f93622b0c588f91.json,audio/senior/2ac7772aae7f41d78f93622b0c588f91.wav
S09835,repeat_senior,퍼터커 반복 발음 과제 (어르신),4,커,senior_repeat_1764220428932_tamq21r36,2025-11-27T05:13:47.481144+00:00,media/audio/senior/S09835/b3ffb2aa82c44e4cb75f154672a87da0.json,audio/senior/b3ffb2aa82c44e4cb75f154672a87da0.wav
S09835,a_repeat_senior,아 반복 발음 과제 (어르신),,,session_1764220347788_7f1vgm8fdd4,2025-11-27T05:12:26.381325+00:00,media/audio/senior/S09835/abe17c35df2347e48994e423c1329093.json,audio/senior/abe17c35df2347e48994e423c1329093.wav
S09835,repeat_senior,퍼터커 반복 발음 과제 (어르신),1,퍼,senior_repeat_1764220387370_vfbu15jf0,2025-11-27T05:13:05.944515+00:00,media/audio/senior/S09835/9df3456fea894d9bb67b78224e573a80.json,audio/senior/9df3456fea894d9bb67b78224e573a80.wav
S09835,repeat_senior,퍼터커 반복 발음 과제 (어르신),6,퍼터커,senior_repeat_1764220455193_52wyas6t5,2025-11-27T05:14:14.311276+00:00,media/audio/senior/S09835/5801fb83d700456ba5706d5140c021c3.json,audio/senior/5801fb83d700456ba5706d5140c021c3.wav
S09835,repeat_senior,퍼터커 반복 발음 과제 (어르신),5,커,senior_repeat_1764220439989_f1g45qk0h,2025-11-27T05:13:58.537531+00:00,media/audio/senior/S09835/a62c6ac0648d4bee8116f084675b6f4c.json,audio/senior/a62c6ac0648d4bee8116f084675b6f4c.wav
S09835,repeat_senior,퍼터커 반복 발음 과제 (어르신),3,터,senior_repeat_1764220413180_j764scan7,2025-11-27T05:13:31.852783+00:00,media/audio/senior/S09835/5f3e2758af4a457faa240620cc53724b.json,audio/senior/5f3e2758af4a457faa240620cc53724b.wav
S09835,repeat_senior,퍼터커 반복 발음 과제 (어르신),7,퍼터커,senior_repeat_1764220469576_hot58fals,2025-11-27T05:14:28.141057+00:00,media/audio/senior/S09835/844f09c9a9804dc0b834c5c1bd5f5f5d.json,audio/senior/844f09c9a9804dc0b834c5c1bd5f5f5d.wav
S09835,repeat_senior,퍼터커 반복 발음 과제 (어르신),2,터,senior_repeat_1764220401118_ubvhzjnp2,2025-11-27T05:13:19.779758+00:00,media/audio/senior/S09835/67a88535c9d14854afd48c54b4dff7a6.json,audio/senior/67a88535c9d14854afd48c54b4dff7a6.wav
S21402,repeat_senior,퍼터커 반복 발음 과제 (어르신),4,커,senior_repeat_1762307609699_al2be9str,2025-11-05T01:53:30.048643+00:00,media/audio/senior/S21402/19f4f98170d045c5a41556b0ff76dea8.json,audio/senior/19f4f98170d045c5a41556b0ff76dea8.wav
S21402,repeat_senior,퍼터커 반복 발음 과제 (어르신),6,퍼터커,senior_repeat_1762307619883_c6xsep915,2025-11-05T01:53:40.175229+00:00,media/audio/senior/S21402/403f62322e9f439ba64c2325bf63ea19.json,audio/senior/403f62322e9f439ba64c2325bf63ea19.wav
S21402,repeat_senior,퍼터커 반복 발음 과제 (어르신),5,커,senior_repeat_1762307615103_jl1r5vals,2025-11-05T01:53:35.383377+00:00,media/audio/senior/S21402/1eeca5ce22344720b79c62a725d3cfcc.json,audio/senior/1eeca5ce22344720b79c62a725d3cfcc.wav
S21402,repeat_senior,퍼터커 반복 발음 과제 (어르신),1,퍼,senior_repeat_1762307592388_fkpchpyoo,2025-11-05T01:53:12.697158+00:00,media/audio/senior/S21402/c45eef676b924765b7f2dfdaffdd6ede.json,audio/senior/c45eef676b924765b7f2dfdaffdd6ede.wav
S21402,repeat_senior,퍼터커 반복 발음 과제 (어르신),0,퍼,senior_repeat_1762307587424_1d65kzlh9,2025-11-05T01:53:07.748033+00:00,media/audio/senior/S21402/7c7105904c434fd3839c81bfc6f45967.json,audio/senior/7c7105904c434fd3839c81bfc6f45967.wav
S21402,a_repeat_senior,아 반복 발음 과제 (어르신),,,session_1762307576050_wyfako2fif,2025-11-05T01:52:56.350543+00:00,media/audio/senior/S21402/62b4d7fdcc0c4361b81c5e5fbb5807e5.json,audio/senior/62b4d7fdcc0c4361b81c5e5fbb5807e5.wav
S21402,repeat_senior,퍼터커 반복 발음 과제 (어르신),7,퍼터커,senior_repeat_1762307624007_uu49eg0p3,2025-11-05T01:53:44.276185+00:00,media/audio/senior/S21402/3df6586ce61c4cc6a9df271a17b71fe3.json,audio/senior/3df6586ce61c4cc6a9df271a17b71fe3.wav
S21402,repeat_senior,퍼터커 반복 발음 과제 (어르신),2,터,senior_repeat_1762307599850_u4840iwrm,2025-11-05T01:53:20.118747+00:00,media/audio/senior/S21402/6015bc1f852749d58121470b3af2270b.json,audio/senior/6015bc1f852749d58121470b3af2270b.wav
S21402,repeat_senior,퍼터커 반복 발음 과제 (어르신),3,터,senior_repeat_1762307604318_ejqnme596,2025-11-05T01:53:24.607479+00:00,media/audio/senior/S21402/5e2ca74532dc457dbbc23261571d82fa.json,audio/senior/5e2ca74532dc457dbbc23261571d82fa.wav
S21402,a_repeat_senior,아 반복 발음 과제 (어르신),,,session_1762307571211_2f143jwztqg,2025-11-05T01:52:52.021350+00:00,media/audio/senior/S21402/43335c01bd6847e4920cab3d42a0a329.json,audio/senior/43335c01bd6847e4920cab3d42a0a329.wav
S40906,a_repeat_senior,아 반복 발음 과제 (어르신),,,session_1764466718587_3ex4t25qm5b,2025-11-30T01:38:39.176414+00:00,media/audio/senior/S40906/ce0d6330003549ea9f071c15bcc82c68.json,audio/senior/S40906/ce0d6330003549ea9f071c15bcc82c68.wav
S40906,repeat_senior,퍼터커 반복 발음 과제 (어르신),4,커,senior_repeat_1764466804113_0z3xzgb01,2025-11-30T01:40:04.391292+00:00,media/audio/senior/S40906/f7ca53946c554569af44e833ea1e70e5.json,audio/senior/S40906/f7ca53946c554569af44e833ea1e70e5.wav
S40906,repeat_senior,퍼터커 반복 발음 과제 (어르신),1,퍼,senior_repeat_1764466766757_bo1xa01lo,2025-11-30T01:39:27.117779+00:00,media/audio/senior/S40906/27dada2090fd49cbba295ba0a344bbd3.json,audio/senior/S40906/27dada2090fd49cbba295ba0a344bbd3.wav
S40906,repeat_senior,퍼터커 반복 발음 과제 (어르신),6,퍼터커,senior_repeat_1764466828215_u1wpakoz3,2025-11-30T01:40:28.753456+00:00,media/audio/senior/S40906/5ce5fb1576d94f7fb75b4932e85d4c4b.json,audio/senior/S40906/5ce5fb1576d94f7fb75b4932e85d4c4b.wav
S40906,repeat_senior,퍼터커 반복 발음 과제 (어르신),0,퍼,senior_repeat_1764466755120_ohr1csx42,2025-11-30T01:39:15.714797+00:00,media/audio/senior/S40906/6526a69131da4c7ab27d3e5c2e8402e4.json,audio/senior/S40906/6526a69131da4c7ab27d3e5c2e8402e4.wav
S40906,repeat_senior,퍼터커 반복 발음 과제 (어르신),5,커,senior_repeat_1764466814859_sh4xj84bu,2025-11-30T01:40:15.282104+00:00,media/audio/senior/S40906/11aa8f2deb094b89aed62a991c55a1b1.json,audio/senior/S40906/11aa8f2deb094b89aed62a991c55a1b1.wav
S40906,repeat_senior,퍼터커 반복 발음 과제 (어르신),3,터,senior_repeat_1764466790737_39lbtwf8f,2025-11-30T01:39:51.073063+00:00,media/audio/senior/S40906/c2551060a6a246949e674326e14be168.json,audio/senior/S40906/c2551060a6a246949e674326e14be168.wav
S40906,a_repeat_senior,아 반복 발음 과제 (어르신),,,session_1764466730575_q3ci2sw1rep,2025-11-30T01:38:51.139034+00:00,media/audio/senior/S40906/5d62c2cf64974d5b8a1a035bee3601db.json,audio/senior/S40906/5d62c2cf64974d5b8a1a035bee3601db.wav
S40906,repeat_senior,퍼터커 반복 발음 과제 (어르신),2,터,senior_repeat_1764466780658_txsd6dx1r,2025-11-30T01:39:41.031091+00:00,media/audio/senior/S40906/3ddbc9142b75468dbf0ec0d45f199562.json,audio/senior/S40906/3ddbc9142b75468dbf0ec0d45f199562.wav
S40906,repeat_senior,퍼터커 반복 발음 과제 (어르신),7,퍼터커,senior_repeat_1764466841372_t5gf361g5,2025-11-30T01:40:41.755505+00:00,media/audio/senior/S40906/c3738f4cbf5243f3a4925054e8dfd71b.json,audio/senior/S40906/c3738f4cbf5243f3a4925054e8dfd71b.wav
S21758,a_repeat_senior,아 반복 발음 과제 (어르신),,,session_1761563204051_4yphk7k2fd2,2025-10-27T11:06:47.672684+00:00,media/audio/senior/S21758/e34c7316cb854618b84413c9efd0efa5.json,audio/senior/e34c7316cb854618b84413c9efd0efa5.wav
S21758,a_repeat_senior,아 반복 발음 과제 (어르신),,,session_1761563208122_hdflayniajt,2025-10-27T11:06:51.718734+00:00,media/audio/senior/S21758/984bcc3284db42c39a04450c0dc56f07.json,audio/senior/984bcc3284db42c39a04450c0dc56f07.wav
S20752,repeat_senior,퍼터커 반복 발음 과제 (어르신),4,커,senior_repeat_1769483570348_fx3yss83c,2026-01-27T03:12:51.427703+00:00,media/audio/senior/S20752/623d464595dc40f3a2b831683ad57b5a.json,audio/senior/S20752/623d464595dc40f3a2b831683ad57b5a.wav
S20752,a_repeat_senior,아 반복 발음 과제 (어르신),,,session_1769483461061_qrjd68lw3oo,2026-01-27T03:11:02.704401+00:00,media/audio/senior/S20752/be5e201f7579410cb317695914e86217.json,audio/senior/S20752/be5e201f7579410cb317695914e86217.wav
S20752,repeat_senior,퍼터커 반복 발음 과제 (어르신),3,터,senior_repeat_1769483557605_25hpwmocs,2026-01-27T03:12:38.130181+00:00,media/audio/senior/S20752/778a037f83944c5687bcce782aaf4d70.json,audio/senior/S20752/778a037f83944c5687bcce782aaf4d70.wav
S20752,repeat_senior,퍼터커 반복 발음 과제 (어르신),1,퍼,senior_repeat_1769483531193_a5jz0nxc5,2026-01-27T03:12:12.311903+00:00,media/audio/senior/S20752/a4f289e24ba842eb94df6773a47c9810.json,audio/senior/S20752/a4f289e24ba842eb94df6773a47c9810.wav
S20752,a_repeat_senior,아 반복 발음 과제 (어르신),,,session_1769483476495_ktdi5qe2qlf,2026-01-27T03:11:17.903414+00:00,media/audio/senior/S20752/183a276358cf43a296a10bf050b14cf1.json,audio/senior/S20752/183a276358cf43a296a10bf050b14cf1.wav
S20752,repeat_senior,퍼터커 반복 발음 과제 (어르신),0,퍼,senior_repeat_1769483517175_z1jh170be,2026-01-27T03:11:57.763623+00:00,media/audio/senior/S20752/0dd8ec8a4aee440e8b17a206791a5dbb.json,audio/senior/S20752/0dd8ec8a4aee440e8b17a206791a5dbb.wav
S20752,repeat_senior,퍼터커 반복 발음 과제 (어르신),6,퍼터커,senior_repeat_1769483595917_3s8h6lbxk,2026-01-27T03:13:16.504235+00:00,media/audio/senior/S20752/e68cc8a2fadf46c8ac026ed27a398885.json,audio/senior/S20752/e68cc8a2fadf46c8ac026ed27a398885.wav
S20752,repeat_senior,퍼터커 반복 발음 과제 (어르신),5,커,senior_repeat_1769483580832_i63xr7l5b,2026-01-27T03:13:01.501346+00:00,media/audio/senior/S20752/d72773c901824a2cb3e61da47862a03a.json,audio/senior/S20752/d72773c901824a2cb3e61da47862a03a.wav
S20752,repeat_senior,퍼터커 반복 발음 과제 (어르신),7,퍼터커,senior_repeat_1769483606711_wij6puhs1,2026-01-27T03:13:27.289207+00:00,media/audio/senior/S20752/5dd8b1c44ea84e57bd02d4dcb1c21f8b.json,audio/senior/S20752/5dd8b1c44ea84e57bd02d4dcb1c21f8b.wav
S20752,repeat_senior,퍼터커 반복 발음 과제 (어르신),2,터,senior_repeat_1769483545166_t24ro5zi6,2026-01-27T03:12:25.744917+00:00,media/audio/senior/S20752/a713c8fdc8334bcbbc05b155a062613c.json,audio/senior/S20752/a713c8fdc8334bcbbc05b155a062613c.wav
S31278,a_repeat_senior,아 반복 발음 과제 (어르신),,,session_1761215161952_1m8fnkf2qil,2025-10-23T10:26:00.169087+00:00,media/audio/senior/S31278/1dbad13f600a4819ab2d16fca27ecf88.json,audio/senior/1dbad13f600a4819ab2d16fca27ecf88.wav
S31278,a_repeat_senior,아 반복 발음 과제 (어르신),,,session_1761215167486_ejk7b7c6ldv,2025-10-23T10:26:05.717119+00:00,media/audio/senior/S31278/48d275a5ae9e403da59267ab6b3be772.json,audio/senior/48d275a5ae9e403da59267ab6b3be772.wav
S64579,repeat_senior,퍼터커 반복 발음 과제 (어르신),5,커,senior_repeat_1763104394055_lrninqp1u,2025-11-14T07:13:13.771481+00:00,media/audio/senior/S64579/d95551ea57d84b9e8baab6d0cae32908.json,audio/senior/d95551ea57d84b9e8baab6d0cae32908.wav
S64579,a_repeat_senior,아 반복 발음 과제 (어르신),,,session_1763104310573_nlaz6egz0h,2025-11-14T07:11:50.365273+00:00,media/audio/senior/S64579/575dd6c4e6c34c768c9ec2e02ee136e4.json,audio/senior/575dd6c4e6c34c768c9ec2e02ee136e4.wav
S64579,a_repeat_senior,아 반복 발음 과제 (어르신),,,session_1763104323202_t4tm6wclcp,2025-11-14T07:12:02.941128+00:00,media/audio/senior/S64579/fe488536c023462c8680cab8977b5ef6.json,audio/senior/fe488536c023462c8680cab8977b5ef6.wav
S64579,repeat_senior,퍼터커 반복 발음 과제 (어르신),0,퍼,senior_repeat_1763104340629_oprmmn0pn,2025-11-14T07:12:20.353342+00:00,media/audio/senior/S64579/784ed9a7de084e25b44e519998e6423c.json,audio/senior/784ed9a7de084e25b44e519998e6423c.wav
S64579,repeat_senior,퍼터커 반복 발음 과제 (어르신),4,커,senior_repeat_1763104383132_0ezwemy1z,2025-11-14T07:13:02.845886+00:00,media/audio/senior/S64579/eff28d50bdc446f5b5ba61dbca010646.json,audio/senior/eff28d50bdc446f5b5ba61dbca010646.wav
S64579,repeat_senior,퍼터커 반복 발음 과제 (어르신),2,터,senior_repeat_1763104361333_efzjdx48q,2025-11-14T07:12:41.043012+00:00,media/audio/senior/S64579/847b99a9b4cb407f8196bff25a5b9042.json,audio/senior/847b99a9b4cb407f8196bff25a5b9042.wav
S64579,repeat_senior,퍼터커 반복 발음 과제 (어르신),3,터,senior_repeat_1763104371997_rod9xej35,2025-11-14T07:12:51.722924+00:00,media/audio/senior/S64579/419a2f1ebcc94552acf2aeb2395384cd.json,audio/senior/419a2f1ebcc94552acf2aeb2395384cd.wav
S64579,repeat_senior,퍼터커 반복 발음 과제 (어르신),7,퍼터커,senior_repeat_1763104417272_ct800bqzo,2025-11-14T07:13:36.991377+00:00,media/audio/senior/S64579/2e6b3c6602d6440e975033c653ad9c27.json,audio/senior/2e6b3c6602d6440e975033c653ad9c27.wav
S64579,repeat_senior,퍼터커 반복 발음 과제 (어르신),6,퍼터커,senior_repeat_1763104406927_i2jfdmr25,2025-11-14T07:13:26.640986+00:00,media/audio/senior/S64579/d4b0a49b04ef49f0adce821b72e0ba09.json,audio/senior/d4b0a49b04ef49f0adce821b72e0ba09.wav
S64579,repeat_senior,퍼터커 반복 발음 과제 (어르신),1,퍼,senior_repeat_1763104350383_wm7txnr3o,2025-11-14T07:12:30.098176+00:00,media/audio/senior/S64579/bddec748ca96479e98ac7c13b7cf0a5e.json,audio/senior/bddec748ca96479e98ac7c13b7cf0a5e.wav
S83248,repeat_senior,퍼터커 반복 발음 과제 (어르신),7,퍼터커,senior_repeat_1769233994352_96vjtg0ns,2026-01-24T05:53:11.105218+00:00,media/audio/senior/S83248/9822c9ce3b4745afb72fec3f0ab44311.json,audio/senior/S83248/9822c9ce3b4745afb72fec3f0ab44311.wav
S83248,a_repeat_senior,아 반복 발음 과제 (어르신),,,session_1769233867166_amo7h4wjdde,2026-01-24T05:51:03.982838+00:00,media/audio/senior/S83248/7facbf1edf734dda87c001d6acaaab21.json,audio/senior/S83248/7facbf1edf734dda87c001d6acaaab21.wav
S83248,repeat_senior,퍼터커 반복 발음 과제 (어르신),3,터,senior_repeat_1769233946019_zjnqhukrq,2026-01-24T05:52:22.750156+00:00,media/audio/senior/S83248/04a4b61695384b958dc20b972e283777.json,audio/senior/S83248/04a4b61695384b958dc20b972e283777.wav
S83248,repeat_senior,퍼터커 반복 발음 과제 (어르신),2,터,senior_repeat_1769233935154_vsu4faemy,2026-01-24T05:52:11.892830+00:00,media/audio/senior/S83248/5c9341db45f64a4fb2bad6e59606424a.json,audio/senior/S83248/5c9341db45f64a4fb2bad6e59606424a.wav
S83248,repeat_senior,퍼터커 반복 발음 과제 (어르신),4,커,senior_repeat_1769233958168_lpb8bx7xx,2026-01-24T05:52:34.903047+00:00,media/audio/senior/S83248/398a13f0389a45aeb5f9fec8f44b6c21.json,audio/senior/S83248/398a13f0389a45aeb5f9fec8f44b6c21.wav
S83248,repeat_senior,퍼터커 반복 발음 과제 (어르신),1,퍼,senior_repeat_1769233920508_2qk4nvgek,2026-01-24T05:51:57.250115+00:00,media/audio/senior/S83248/e6320fa4030e4000937d34cd835ef72e.json,audio/senior/S83248/e6320fa4030e4000937d34cd835ef72e.wav
S83248,repeat_senior,퍼터커 반복 발음 과제 (어르신),6,퍼터커,senior_repeat_1769233981760_q9m4pf9lk,2026-01-24T05:52:58.490797+00:00,media/audio/senior/S83248/4f673a5bbef949fb85d227954bb31330.json,audio/senior/S83248/4f673a5bbef949fb85d227954bb31330.wav
S83248,repeat_senior,퍼터커 반복 발음 과제 (어르신),0,퍼,senior_repeat_1769233909088_3tu2oxv3o,2026-01-24T05:51:45.830223+00:00,media/audio/senior/S83248/021ae4979b9b49d2adbf03ae67d05931.json,audio/senior/S83248/021ae4979b9b49d2adbf03ae67d05931.wav
S83248,a_repeat_senior,아 반복 발음 과제 (어르신),,,session_1769233888021_t0uqvtdj54k,2026-01-24T05:51:24.777485+00:00,media/audio/senior/S83248/da22256ca9f6467982ee65de6213f590.json,audio/senior/S83248/da22256ca9f6467982ee65de6213f590.wav
S83248,repeat_senior,퍼터커 반복 발음 과제 (어르신),5,커,senior_repeat_1769233969901_kmdzwmunu,2026-01-24T05:52:46.630167+00:00,media/audio/senior/S83248/5bf65ee3d5954baabcc63cd38f798464.json,audio/senior/S83248/5bf65ee3d5954baabcc63cd38f798464.wav
S59799,a_repeat_senior,아 반복 발음 과제 (어르신),,,session_1769219944170_q0y3c16brdd,2026-01-24T01:59:01.709499+00:00,media/audio/senior/S59799/c929568d58094622a39d5429f9f2576e.json,audio/senior/S59799/c929568d58094622a39d5429f9f2576e.wav
S59799,repeat_senior,퍼터커 반복 발음 과제 (어르신),0,퍼,senior_repeat_1769219965497_jftswdmmk,2026-01-24T01:59:23.385191+00:00,media/audio/senior/S59799/66c9c70925474346bae9655c4e0ec38d.json,audio/senior/S59799/66c9c70925474346bae9655c4e0ec38d.wav
S59799,repeat_senior,퍼터커 반복 발음 과제 (어르신),4,커,senior_repeat_1769220047614_moezlobsx,2026-01-24T02:00:44.759341+00:00,media/audio/senior/S59799/240b42d3cb4842808f83ae0582c1bb3d.json,audio/senior/S59799/240b42d3cb4842808f83ae0582c1bb3d.wav
S59799,repeat_senior,퍼터커 반복 발음 과제 (어르신),1,퍼,senior_repeat_1769219985973_4o1lfnrv7,2026-01-24T01:59:43.597916+00:00,media/audio/senior/S59799/7a81c2817dc2428d986374470094f44b.json,audio/senior/S59799/7a81c2817dc2428d986374470094f44b.wav
S59799,repeat_senior,퍼터커 반복 발음 과제 (어르신),2,터,senior_repeat_1769220008171_afcz2oosw,2026-01-24T02:00:05.956890+00:00,media/audio/senior/S59799/83bca47e595c45d4a5b38fd837ed4278.json,audio/senior/S59799/83bca47e595c45d4a5b38fd837ed4278.wav
S59799,a_repeat_senior,아 반복 발음 과제 (어르신),,,session_1769219926448_b7u8g0r3s,2026-01-24T01:58:44.168109+00:00,media/audio/senior/S59799/723e5edabd8642099d71f29bb7b0a86a.json,audio/senior/S59799/723e5edabd8642099d71f29bb7b0a86a.wav
S59799,repeat_senior,퍼터커 반복 발음 과제 (어르신),3,터,senior_repeat_1769220025991_osc8v3rj7,2026-01-24T02:00:23.689354+00:00,media/audio/senior/S59799/2a77e9f768894f09acd0950f7fdeee9a.json,audio/senior/S59799/2a77e9f768894f09acd0950f7fdeee9a.wav
S59799,repeat_senior,퍼터커 반복 발음 과제 (어르신),6,퍼터커,senior_repeat_1769220081581_hh9kh4qkj,2026-01-24T02:01:19.060604+00:00,media/audio/senior/S59799/08934eb5686c493689da2199c37ffd07.json,audio/senior/S59799/08934eb5686c493689da2199c37ffd07.wav
S59799,repeat_senior,퍼터커 반복 발음 과제 (어르신),5,커,senior_repeat_1769220064194_t4ex3td61,2026-01-24T02:01:01.300085+00:00,media/audio/senior/S59799/ce6c27a0716d4b79825f5cb72d0d5d14.json,audio/senior/S59799/ce6c27a0716d4b79825f5cb72d0d5d14.wav
S59799,repeat_senior,퍼터커 반복 발음 과제 (어르신),7,퍼터커,senior_repeat_1769220095682_rj22fgclx,2026-01-24T02:01:33.189287+00:00,media/audio/senior/S59799/17e1f48f7207458c82c429fa2cc0f7b9.json,audio/senior/S59799/17e1f48f7207458c82c429fa2cc0f7b9.wav
S2602161507,repeat_senior,퍼터커 반복 발음 과제 (어르신),3,터,senior_repeat_1771222219869_90987u1bd,2026-02-16T06:10:20.413502+00:00,media/audio/senior/S2602161507/49805a23bcc64843b530d075c8b7e3f3.json,audio/senior/S2602161507/49805a23bcc64843b530d075c8b7e3f3.wav
S2602161507,repeat_senior,퍼터커 반복 발음 과제 (어르신),2,터,senior_repeat_1771222212245_wdn77705j,2026-02-16T06:10:12.794727+00:00,media/audio/senior/S2602161507/8e91c388e8f1418c9dcc7acdf86c5ed4.json,audio/senior/S2602161507/8e91c388e8f1418c9dcc7acdf86c5ed4.wav
S2602161507,a_repeat_senior,아 반복 발음 과제 (어르신),,,session_1771222179298_2mnrt97sol2,2026-02-16T06:09:39.834418+00:00,media/audio/senior/S2602161507/567cf41a41a24adcbc652c12b0d3256d.json,audio/senior/S2602161507/567cf41a41a24adcbc652c12b0d3256d.wav
S2602161507,repeat_senior,퍼터커 반복 발음 과제 (어르신),1,퍼,senior_repeat_1771222201289_r695zio3c,2026-02-16T06:10:01.855518+00:00,media/audio/senior/S2602161507/0a51dd7a00104284923c16c6904fa204.json,audio/senior/S2602161507/0a51dd7a00104284923c16c6904fa204.wav
S2602161507,repeat_senior,퍼터커 반복 발음 과제 (어르신),7,퍼터커,senior_repeat_1771222260202_kyf32jy99,2026-02-16T06:11:00.750084+00:00,media/audio/senior/S2602161507/49df64d4dd194f22b2c0f6a447c5f1c5.json,audio/senior/S2602161507/49df64d4dd194f22b2c0f6a447c5f1c5.wav
S2602161507,repeat_senior,퍼터커 반복 발음 과제 (어르신),4,커,senior_repeat_1771222227775_m7ekgxbp9,2026-02-16T06:10:28.303423+00:00,media/audio/senior/S2602161507/b056843fd87645618252c1beb1f8b038.json,audio/senior/S2602161507/b056843fd87645618252c1beb1f8b038.wav
S2602161507,a_repeat_senior,아 반복 발음 과제 (어르신),,,session_1771222150736_cglubptg7hj,2026-02-16T06:09:11.316883+00:00,media/audio/senior/S2602161507/6c0c07c7af06459c92394a2e2983926b.json,audio/senior/S2602161507/6c0c07c7af06459c92394a2e2983926b.wav
S2602161507,repeat_senior,퍼터커 반복 발음 과제 (어르신),5,커,senior_repeat_1771222243190_g684u3n4v,2026-02-16T06:10:43.957445+00:00,media/audio/senior/S2602161507/20f6a3b75db84b6f8292f85395263690.json,audio/senior/S2602161507/20f6a3b75db84b6f8292f85395263690.wav
S2602161507,repeat_senior,퍼터커 반복 발음 과제 (어르신),0,퍼,senior_repeat_1771222192429_gg37owukt,2026-02-16T06:09:52.983680+00:00,media/audio/senior/S2602161507/24b98a7874984be788b83fa210fd7870.json,audio/senior/S2602161507/24b98a7874984be788b83fa210fd7870.wav
S2602161507,repeat_senior,퍼터커 반복 발음 과제 (어르신),6,퍼터커,senior_repeat_1771222252350_g2nnx07zd,2026-02-16T06:10:52.880898+00:00,media/audio/senior/S2602161507/8040a5a9904d4bfbbaac548cb9ed9105.json,audio/senior/S2602161507/8040a5a9904d4bfbbaac548cb9ed9105.wav
S24008,repeat_senior,퍼터커 반복 발음 과제 (어르신),1,퍼,senior_repeat_1769242467842_yt9p5iczv,2026-01-24T08:14:24.761124+00:00,media/audio/senior/S24008/f5e0ad0c13134c638f035502c321b6ed.json,audio/senior/S24008/f5e0ad0c13134c638f035502c321b6ed.wav
S24008,repeat_senior,퍼터커 반복 발음 과제 (어르신),4,커,senior_repeat_1769242518010_irpgldx57,2026-01-24T08:15:14.190450+00:00,media/audio/senior/S24008/e3e6214157654d0faf68c27ffd30d7c9.json,audio/senior/S24008/e3e6214157654d0faf68c27ffd30d7c9.wav
S24008,repeat_senior,퍼터커 반복 발음 과제 (어르신),2,터,senior_repeat_1769242492378_ihhv125b8,2026-01-24T08:14:48.532040+00:00,media/audio/senior/S24008/c2debf6ef07e43ac995462591c62461f.json,audio/senior/S24008/c2debf6ef07e43ac995462591c62461f.wav
S24008,repeat_senior,퍼터커 반복 발음 과제 (어르신),7,퍼터커,senior_repeat_1769242584431_5o3f9zln4,2026-01-24T08:16:20.840554+00:00,media/audio/senior/S24008/0a73f75bafc84115b6162e36876ff808.json,audio/senior/S24008/0a73f75bafc84115b6162e36876ff808.wav
S24008,repeat_senior,퍼터커 반복 발음 과제 (어르신),3,터,senior_repeat_1769242504905_tdhffqhj7,2026-01-24T08:15:01.092569+00:00,media/audio/senior/S24008/4ec3f6011025489baaf89717a08fede4.json,audio/senior/S24008/4ec3f6011025489baaf89717a08fede4.wav
S24008,repeat_senior,퍼터커 반복 발음 과제 (어르신),0,퍼,senior_repeat_1769242447105_9wgfba3fh,2026-01-24T08:14:03.281533+00:00,media/audio/senior/S24008/639f35e8075c4fdc95c6c14e57838278.json,audio/senior/S24008/639f35e8075c4fdc95c6c14e57838278.wav
S24008,repeat_senior,퍼터커 반복 발음 과제 (어르신),6,퍼터커,senior_repeat_1769242572464_kt7jaj814,2026-01-24T08:16:08.635775+00:00,media/audio/senior/S24008/ce008b2978ff4a95a66b7eca107c8622.json,audio/senior/S24008/ce008b2978ff4a95a66b7eca107c8622.wav
S24008,a_repeat_senior,아 반복 발음 과제 (어르신),,,session_1769242393722_en7svpdyzmh,2026-01-24T08:13:09.986955+00:00,media/audio/senior/S24008/ae0917065120427bb0579766e8111686.json,audio/senior/S24008/ae0917065120427bb0579766e8111686.wav
S24008,repeat_senior,퍼터커 반복 발음 과제 (어르신),5,커,senior_repeat_1769242531690_6pea6gph9,2026-01-24T08:15:27.856573+00:00,media/audio/senior/S24008/cb01069bc09b4d098b085c8ff5463dac.json,audio/senior/S24008/cb01069bc09b4d098b085c8ff5463dac.wav
S24008,a_repeat_senior,아 반복 발음 과제 (어르신),,,session_1769242414564_ogp0y46dy7f,2026-01-24T08:13:30.727544+00:00,media/audio/senior/S24008/3fd084aa05364d30863e582ba8d49e8f.json,audio/senior/S24008/3fd084aa05364d30863e582ba8d49e8f.wav
S25668,repeat_senior,퍼터커 반복 발음 과제 (어르신),7,퍼터커,senior_repeat_1766745361363_7sz4gu72h,2025-12-26T10:35:58.331231+00:00,media/audio/senior/S25668/c1964809aeff4339932bfb7cd2db382d.json,audio/senior/S25668/c1964809aeff4339932bfb7cd2db382d.wav
S25668,a_repeat_senior,아 반복 발음 과제 (어르신),,,session_1766745269100_q6b0tl288o,2025-12-26T10:34:26.060624+00:00,media/audio/senior/S25668/9d3d72349d0c48f9973ed8cf9f20f67d.json,audio/senior/S25668/9d3d72349d0c48f9973ed8cf9f20f67d.wav
S25668,repeat_senior,퍼터커 반복 발음 과제 (어르신),1,퍼,senior_repeat_1766745297195_ga886ivr0,2025-12-26T10:34:54.149474+00:00,media/audio/senior/S25668/e8fd687be1344bc4824914139fed11bc.json,audio/senior/S25668/e8fd687be1344bc4824914139fed11bc.wav
S25668,repeat_senior,퍼터커 반복 발음 과제 (어르신),5,커,senior_repeat_1766745340055_oef35tuzi,2025-12-26T10:35:37.011391+00:00,media/audio/senior/S25668/e99de5cf56cb47268961ee37f1884d4f.json,audio/senior/S25668/e99de5cf56cb47268961ee37f1884d4f.wav
S25668,repeat_senior,퍼터커 반복 발음 과제 (어르신),2,터,senior_repeat_1766745309113_5phg57rpv,2025-12-26T10:35:06.071229+00:00,media/audio/senior/S25668/44d2eaf46d474f80893fa535bb4ab0a3.json,audio/senior/S25668/44d2eaf46d474f80893fa535bb4ab0a3.wav
S25668,repeat_senior,퍼터커 반복 발음 과제 (어르신),0,퍼,senior_repeat_1766745288034_e8kh53x5j,2025-12-26T10:34:44.996621+00:00,media/audio/senior/S25668/eded1fc844604129a6c5b807c310902f.json,audio/senior/S25668/eded1fc844604129a6c5b807c310902f.wav
S25668,repeat_senior,퍼터커 반복 발음 과제 (어르신),3,터,senior_repeat_1766745319302_ndlzakx96,2025-12-26T10:35:16.259576+00:00,media/audio/senior/S25668/68416943570b4b56b62f11a48435252d.json,audio/senior/S25668/68416943570b4b56b62f11a48435252d.wav
S25668,repeat_senior,퍼터커 반복 발음 과제 (어르신),6,퍼터커,senior_repeat_1766745351444_j1xh1wexd,2025-12-26T10:35:48.402681+00:00,media/audio/senior/S25668/a7ce325de5ca4efebdcc18319d1c786c.json,audio/senior/S25668/a7ce325de5ca4efebdcc18319d1c786c.wav
S25668,a_repeat_senior,아 반복 발음 과제 (어르신),,,session_1766745259514_d0wew594sqd,2025-12-26T10:34:16.598965+00:00,media/audio/senior/S25668/15a3fa076d3142a4beb3b1c871578873.json,audio/senior/S25668/15a3fa076d3142a4beb3b1c871578873.wav
S25668,repeat_senior,퍼터커 반복 발음 과제 (어르신),4,커,senior_repeat_1766745330579_ou6k4a59q,2025-12-26T10:35:27.537675+00:00,media/audio/senior/S25668/c53c36f6d6a541b78d26b9055d9c1fd4.json,audio/senior/S25668/c53c36f6d6a541b78d26b9055d9c1fd4.wav
S34271,repeat_senior,퍼터커 반복 발음 과제 (어르신),5,커,senior_repeat_1764464169358_3xuq2s220,2025-11-30T00:56:10.188143+00:00,media/audio/senior/S34271/5bcd871151e745f0b321945ce56c785c.json,audio/senior/S34271/5bcd871151e745f0b321945ce56c785c.wav
S34271,repeat_senior,퍼터커 반복 발음 과제 (어르신),1,퍼,senior_repeat_1764464121103_rymvmfoki,2025-11-30T00:55:21.846374+00:00,media/audio/senior/S34271/da980cebf63f48a1bc68de3b0d08629a.json,audio/senior/S34271/da980cebf63f48a1bc68de3b0d08629a.wav
S34271,repeat_senior,퍼터커 반복 발음 과제 (어르신),3,터,senior_repeat_1764464145442_w28b2802w,2025-11-30T00:55:46.357578+00:00,media/audio/senior/S34271/fd0d5815c83a47e4a52d348d50247ceb.json,audio/senior/S34271/fd0d5815c83a47e4a52d348d50247ceb.wav
S34271,repeat_senior,퍼터커 반복 발음 과제 (어르신),7,퍼터커,senior_repeat_1764464201540_fz00kcmtw,2025-11-30T00:56:42.469399+00:00,media/audio/senior/S34271/df58402a9f154a19b3566792b4975316.json,audio/senior/S34271/df58402a9f154a19b3566792b4975316.wav
S34271,repeat_senior,퍼터커 반복 발음 과제 (어르신),4,커,senior_repeat_1764464158404_f75piu2mg,2025-11-30T00:55:58.994485+00:00,media/audio/senior/S34271/c7d40887f6f44c55b00d301a3a464182.json,audio/senior/S34271/c7d40887f6f44c55b00d301a3a464182.wav
S34271,repeat_senior,퍼터커 반복 발음 과제 (어르신),0,퍼,senior_repeat_1764464108208_zvn5svd61,2025-11-30T00:55:09.165041+00:00,media/audio/senior/S34271/77f5302f9a4242c1aed24ca1f89c3434.json,audio/senior/S34271/77f5302f9a4242c1aed24ca1f89c3434.wav
S34271,repeat_senior,퍼터커 반복 발음 과제 (어르신),6,퍼터커,senior_repeat_1764464188704_cax35n0ef,2025-11-30T00:56:29.555890+00:00,media/audio/senior/S34271/8c628ec3fff542d2ae3c3822e044d654.json,audio/senior/S34271/8c628ec3fff542d2ae3c3822e044d654.wav
S34271,a_repeat_senior,아 반복 발음 과제 (어르신),,,session_1764464084959_qdzrup0cc,2025-11-30T00:54:47.568223+00:00,media/audio/senior/S34271/165fdcbbae704fa9bd2549e9bbc06779.json,audio/senior/S34271/165fdcbbae704fa9bd2549e9bbc06779.wav
S34271,a_repeat_senior,아 반복 발음 과제 (어르신),,,session_1764464064114_c2r2ht6gzj5,2025-11-30T00:54:29.397946+00:00,media/audio/senior/S34271/f375344f90e949d79faf4e488dc09bd1.json,audio/senior/S34271/f375344f90e949d79faf4e488dc09bd1.wav
S34271,repeat_senior,퍼터커 반복 발음 과제 (어르신),2,터,senior_repeat_1764464133876_cj3xeu53i,2025-11-30T00:55:34.782337+00:00,media/audio/senior/S34271/a39532ae728949c182094b52a3a1574d.json,audio/senior/S34271/a39532ae728949c182094b52a3a1574d.wav
S53397,repeat_senior,퍼터커 반복 발음 과제 (어르신),6,퍼터커,senior_repeat_1761445837020_yljrmrpaq,2025-10-26T02:30:36.165696+00:00,media/audio/senior/S53397/5b862a4563f44b5fa9780b785a930091.json,audio/senior/5b862a4563f44b5fa9780b785a930091.wav
S53397,repeat_senior,퍼터커 반복 발음 과제 (어르신),2,터,senior_repeat_1761445788230_htcln1sxf,2025-10-26T02:29:47.353561+00:00,media/audio/senior/S53397/644c236c9d05468096c0025142e6ff3b.json,audio/senior/644c236c9d05468096c0025142e6ff3b.wav
S53397,repeat_senior,퍼터커 반복 발음 과제 (어르신),0,퍼,senior_repeat_1761445765672_ilzenae4i,2025-10-26T02:29:24.943303+00:00,media/audio/senior/S53397/47bbda686eb64d388434453361fcbedd.json,audio/senior/47bbda686eb64d388434453361fcbedd.wav
S53397,repeat_senior,퍼터커 반복 발음 과제 (어르신),7,퍼터커,senior_repeat_1761445849524_kfqzmkm1n,2025-10-26T02:30:48.670563+00:00,media/audio/senior/S53397/248f6bb9aab5434d8bce8e410930d419.json,audio/senior/248f6bb9aab5434d8bce8e410930d419.wav
S53397,repeat_senior,퍼터커 반복 발음 과제 (어르신),4,커,senior_repeat_1761445810936_owx3sw8ui,2025-10-26T02:30:09.893959+00:00,media/audio/senior/S53397/e51d2f35f1714783abc5ef74c9709238.json,audio/senior/e51d2f35f1714783abc5ef74c9709238.wav
S53397,repeat_senior,퍼터커 반복 발음 과제 (어르신),5,커,senior_repeat_1761445821614_k7r9xkrxo,2025-10-26T02:30:20.577448+00:00,media/audio/senior/S53397/9ea9f99613e94c6fb1db602526339017.json,audio/senior/9ea9f99613e94c6fb1db602526339017.wav
S53397,repeat_senior,퍼터커 반복 발음 과제 (어르신),3,터,senior_repeat_1761445797814_0y4tc25wm,2025-10-26T02:29:56.800309+00:00,media/audio/senior/S53397/4c4b22cc3a0342de96592164eb8efa68.json,audio/senior/4c4b22cc3a0342de96592164eb8efa68.wav
S53397,a_repeat_senior,아 반복 발음 과제 (어르신),,,session_1761445745150_ciatpnwsltq,2025-10-26T02:29:04.467496+00:00,media/audio/senior/S53397/69826a80998d4eb18a899c2877c6a406.json,audio/senior/69826a80998d4eb18a899c2877c6a406.wav
S53397,a_repeat_senior,아 반복 발음 과제 (어르신),,,session_1761445735978_9rrzuzb7jsl,2025-10-26T02:28:55.166878+00:00,media/audio/senior/S53397/c737fc284b5f483c8acbc522286e3cfd.json,audio/senior/c737fc284b5f483c8acbc522286e3cfd.wav
S53397,repeat_senior,퍼터커 반복 발음 과제 (어르신),1,퍼,senior_repeat_1761445774899_apannlvoz,2025-10-26T02:29:33.982608+00:00,media/audio/senior/S53397/2d17578aff2f4d3cb08fa84d113e7e31.json,audio/senior/2d17578aff2f4d3cb08fa84d113e7e31.wav
S22692,repeat_senior,퍼터커 반복 발음 과제 (어르신),7,퍼터커,senior_repeat_1764483084477_3ikmafx95,2025-11-30T06:11:23.513115+00:00,media/audio/senior/S22692/61476abdc2634b2abd0f8aae27bcb5b9.json,audio/senior/S22692/61476abdc2634b2abd0f8aae27bcb5b9.wav
S22692,repeat_senior,퍼터커 반복 발음 과제 (어르신),6,퍼터커,senior_repeat_1764483073547_ttkh9a6vv,2025-11-30T06:11:12.626232+00:00,media/audio/senior/S22692/42aaf6711bd0488a9effaef25acf376c.json,audio/senior/S22692/42aaf6711bd0488a9effaef25acf376c.wav
S22692,repeat_senior,퍼터커 반복 발음 과제 (어르신),5,커,senior_repeat_1764483058668_awp6cn2jc,2025-11-30T06:10:57.708512+00:00,media/audio/senior/S22692/170bf549dee84c30a9dd283e02a006bb.json,audio/senior/S22692/170bf549dee84c30a9dd283e02a006bb.wav
S22692,repeat_senior,퍼터커 반복 발음 과제 (어르신),4,커,senior_repeat_1764483047149_h3s0jrvb1,2025-11-30T06:10:46.253011+00:00,media/audio/senior/S22692/3a6e8a54aa9a432aa7243bf40daf5ba1.json,audio/senior/S22692/3a6e8a54aa9a432aa7243bf40daf5ba1.wav
S22692,a_repeat_senior,아 반복 발음 과제 (어르신),,,session_1764482950848_9jq0e277mdw,2025-11-30T06:09:10.172541+00:00,media/audio/senior/S22692/b1adfb29c9084463b5f9cbd2f9ab3121.json,audio/senior/S22692/b1adfb29c9084463b5f9cbd2f9ab3121.wav
S22692,repeat_senior,퍼터커 반복 발음 과제 (어르신),2,터,senior_repeat_1764483021051_jxxda3k2e,2025-11-30T06:10:20.152525+00:00,media/audio/senior/S22692/9bb0d0be2fb84df68546db56ce1ede05.json,audio/senior/S22692/9bb0d0be2fb84df68546db56ce1ede05.wav
S22692,repeat_senior,퍼터커 반복 발음 과제 (어르신),0,퍼,senior_repeat_1764482994190_h4kmaz5zv,2025-11-30T06:09:53.384285+00:00,media/audio/senior/S22692/3662b14b4df349d683f6c0fa39d0c785.json,audio/senior/S22692/3662b14b4df349d683f6c0fa39d0c785.wav
S22692,repeat_senior,퍼터커 반복 발음 과제 (어르신),1,퍼,senior_repeat_1764483006004_w0imm0bff,2025-11-30T06:10:05.057373+00:00,media/audio/senior/S22692/dff06c9d775a426c82c733f8a1e5c113.json,audio/senior/S22692/dff06c9d775a426c82c733f8a1e5c113.wav
S22692,a_repeat_senior,아 반복 발음 과제 (어르신),,,session_1764482925950_16i5tue7ilb,2025-11-30T06:08:45.211114+00:00,media/audio/senior/S22692/9b0f201cd1ea466e87fb11257a3db284.json,audio/senior/S22692/9b0f201cd1ea466e87fb11257a3db284.wav
S22692,repeat_senior,퍼터커 반복 발음 과제 (어르신),3,터,senior_repeat_1764483032718_esgamum06,2025-11-30T06:10:31.787124+00:00,media/audio/senior/S22692/a3793a5de15a42bf8002ad4b239dd9a5.json,audio/senior/S22692/a3793a5de15a42bf8002ad4b239dd9a5.wav
S20096,repeat_senior,퍼터커 반복 발음 과제 (어르신),5,커,senior_repeat_1769213766502_6tcym5ysi,2026-01-24T00:16:03.649983+00:00,media/audio/senior/S20096/4e874d955b154469959a8b5d6bdf10a6.json,audio/senior/S20096/4e874d955b154469959a8b5d6bdf10a6.wav
S20096,a_repeat_senior,아 반복 발음 과제 (어르신),,,session_1769213675955_2p92qvkiwk4,2026-01-24T00:14:33.575000+00:00,media/audio/senior/S20096/a0139813d7fa4d6d945f0409e8fb91ed.json,audio/senior/S20096/a0139813d7fa4d6d945f0409e8fb91ed.wav
S20096,repeat_senior,퍼터커 반복 발음 과제 (어르신),0,퍼,senior_repeat_1769213696248_3lbratdcb,2026-01-24T00:14:53.892928+00:00,media/audio/senior/S20096/4b1f6315f11e4138a0fce001f09a7b47.json,audio/senior/S20096/4b1f6315f11e4138a0fce001f09a7b47.wav
S20096,repeat_senior,퍼터커 반복 발음 과제 (어르신),6,퍼터커,senior_repeat_1769213794744_jnsq2iivj,2026-01-24T00:16:32.476206+00:00,media/audio/senior/S20096/7acbccb47d0b40ef9738380c2e67d396.json,audio/senior/S20096/7acbccb47d0b40ef9738380c2e67d396.wav
S20096,repeat_senior,퍼터커 반복 발음 과제 (어르신),1,퍼,senior_repeat_1769213711247_0xgihqvsa,2026-01-24T00:15:08.934335+00:00,media/audio/senior/S20096/6af00143771846f3b526243088f436ed.json,audio/senior/S20096/6af00143771846f3b526243088f436ed.wav
S20096,repeat_senior,퍼터커 반복 발음 과제 (어르신),2,터,senior_repeat_1769213726534_ib4kv6bl8,2026-01-24T00:15:23.918644+00:00,media/audio/senior/S20096/b41c16e668574fe8aea6c5815333d880.json,audio/senior/S20096/b41c16e668574fe8aea6c5815333d880.wav
S20096,a_repeat_senior,아 반복 발음 과제 (어르신),,,session_1769213662002_dxmoot8vyup,2026-01-24T00:14:19.777705+00:00,media/audio/senior/S20096/05f5f468737d4fb4acc787a71a5eb440.json,audio/senior/S20096/05f5f468737d4fb4acc787a71a5eb440.wav
S20096,repeat_senior,퍼터커 반복 발음 과제 (어르신),7,퍼터커,senior_repeat_1769213809593_4id1zb2r0,2026-01-24T00:16:46.715787+00:00,media/audio/senior/S20096/ac731049367d44ea9a2ffb46dc9fd1dc.json,audio/senior/S20096/ac731049367d44ea9a2ffb46dc9fd1dc.wav
S20096,repeat_senior,퍼터커 반복 발음 과제 (어르신),4,커,senior_repeat_1769213753612_r3nolbdav,2026-01-24T00:15:51.303577+00:00,media/audio/senior/S20096/4a5af94b655347c5a99e4c1d02deb999.json,audio/senior/S20096/4a5af94b655347c5a99e4c1d02deb999.wav
S20096,repeat_senior,퍼터커 반복 발음 과제 (어르신),3,터,senior_repeat_1769213740112_a2ze6ee21,2026-01-24T00:15:37.205330+00:00,media/audio/senior/S20096/05b392029747475c9bf54e80f8488144.json,audio/senior/S20096/05b392029747475c9bf54e80f8488144.wav
S2602201818,repeat_senior,퍼터커 반복 발음 과제 (어르신),7,퍼터커,senior_repeat_1771580257917_clpyansa7,2026-02-20T09:37:38.226719+00:00,media/audio/senior/S2602201818/b5f3e5633fb340c6b9cc9a34a83652f2.json,audio/senior/S2602201818/b5f3e5633fb340c6b9cc9a34a83652f2.wav
S2602201818,repeat_senior,퍼터커 반복 발음 과제 (어르신),2,터,senior_repeat_1771580161237_v5pamxjjj,2026-02-20T09:36:01.693038+00:00,media/audio/senior/S2602201818/da2724f418f74253aab619d41b38bc75.json,audio/senior/S2602201818/da2724f418f74253aab619d41b38bc75.wav
S2602201818,repeat_senior,퍼터커 반복 발음 과제 (어르신),0,퍼,senior_repeat_1771580123771_rqmbclufk,2026-02-20T09:35:23.994675+00:00,media/audio/senior/S2602201818/62104e33796c496c9b6df13885d6014a.json,audio/senior/S2602201818/62104e33796c496c9b6df13885d6014a.wav
S2602201818,a_repeat_senior,아 반복 발음 과제 (어르신),,,session_1771580078688_e7sw2a1jheq,2026-02-20T09:34:38.907412+00:00,media/audio/senior/S2602201818/944ca0eeb5ad456197fa1cc08074950e.json,audio/senior/S2602201818/944ca0eeb5ad456197fa1cc08074950e.wav
S2602201818,repeat_senior,퍼터커 반복 발음 과제 (어르신),6,퍼터커,senior_repeat_1771580244607_u9r30s2is,2026-02-20T09:37:24.854144+00:00,media/audio/senior/S2602201818/2612ed60d85a459297fdba7e8487de10.json,audio/senior/S2602201818/2612ed60d85a459297fdba7e8487de10.wav
S2602201818,repeat_senior,퍼터커 반복 발음 과제 (어르신),4,커,senior_repeat_1771580200803_7rjfrrihv,2026-02-20T09:36:41.083398+00:00,media/audio/senior/S2602201818/8734b20c7d064cffae2023742081fbea.json,audio/senior/S2602201818/8734b20c7d064cffae2023742081fbea.wav
S2602201818,repeat_senior,퍼터커 반복 발음 과제 (어르신),3,터,senior_repeat_1771580180696_kvhdeq0si,2026-02-20T09:36:21.067700+00:00,media/audio/senior/S2602201818/5fad5dff32ff47e5ad1299fd048f384c.json,audio/senior/S2602201818/5fad5dff32ff47e5ad1299fd048f384c.wav
S2602201818,a_repeat_senior,아 반복 발음 과제 (어르신),,,session_1771580094791_3xmbjp3rgyp,2026-02-20T09:34:54.997906+00:00,media/audio/senior/S2602201818/77edde3a2f73424ebcfcfd297162b819.json,audio/senior/S2602201818/77edde3a2f73424ebcfcfd297162b819.wav
S2602201818,repeat_senior,퍼터커 반복 발음 과제 (어르신),1,퍼,senior_repeat_1771580142372_3ea47s9t8,2026-02-20T09:35:42.572106+00:00,media/audio/senior/S2602201818/56e4b67f2cf64cbe9a3fd3b7c88cb458.json,audio/senior/S2602201818/56e4b67f2cf64cbe9a3fd3b7c88cb458.wav
S2602201818,repeat_senior,퍼터커 반복 발음 과제 (어르신),5,커,senior_repeat_1771580215760_lx5tfpum2,2026-02-20T09:36:56.216810+00:00,media/audio/senior/S2602201818/d330baa7aaf7413eb9f61e82c05230f6.json,audio/senior/S2602201818/d330baa7aaf7413eb9f61e82c05230f6.wav
S06110,repeat_senior,퍼터커 반복 발음 과제 (어르신),3,터,senior_repeat_1764488276491_695220alx,2025-11-30T07:37:55.583859+00:00,media/audio/senior/S06110/a3f7dd94359141409af819ecb69cf78f.json,audio/senior/S06110/a3f7dd94359141409af819ecb69cf78f.wav
S06110,a_repeat_senior,아 반복 발음 과제 (어르신),,,session_1764488186163_a9uwya2oslo,2025-11-30T07:36:26.338478+00:00,media/audio/senior/S06110/d8253568164e4859b41cbea238074493.json,audio/senior/S06110/d8253568164e4859b41cbea238074493.wav
S06110,repeat_senior,퍼터커 반복 발음 과제 (어르신),7,퍼터커,senior_repeat_1764488324686_4pwn19a72,2025-11-30T07:38:43.576080+00:00,media/audio/senior/S06110/8c50c920ebf640be816de87997d3a695.json,audio/senior/S06110/8c50c920ebf640be816de87997d3a695.wav
S06110,a_repeat_senior,아 반복 발음 과제 (어르신),,,session_1764488203674_w96bqr9qey,2025-11-30T07:36:42.695043+00:00,media/audio/senior/S06110/7098359f381040dc83cf8d29c7e90d0e.json,audio/senior/S06110/7098359f381040dc83cf8d29c7e90d0e.wav
S06110,repeat_senior,퍼터커 반복 발음 과제 (어르신),0,퍼,senior_repeat_1764488230348_sa01o64y7,2025-11-30T07:37:09.321885+00:00,media/audio/senior/S06110/21864ee0c1784afe9aaf5afd4444b4e5.json,audio/senior/S06110/21864ee0c1784afe9aaf5afd4444b4e5.wav
S06110,repeat_senior,퍼터커 반복 발음 과제 (어르신),2,터,senior_repeat_1764488257016_qapffsu0t,2025-11-30T07:37:36.058043+00:00,media/audio/senior/S06110/772c3d12504d48c99ead4e82eadefc29.json,audio/senior/S06110/772c3d12504d48c99ead4e82eadefc29.wav
S06110,repeat_senior,퍼터커 반복 발음 과제 (어르신),6,퍼터커,senior_repeat_1764488313298_kvi9zy8to,2025-11-30T07:38:32.646739+00:00,media/audio/senior/S06110/9b96d64e6c9b4d4baed971a5085a1e48.json,audio/senior/S06110/9b96d64e6c9b4d4baed971a5085a1e48.wav
S06110,repeat_senior,퍼터커 반복 발음 과제 (어르신),1,퍼,senior_repeat_1764488241875_5qcvw9fxr,2025-11-30T07:37:20.954032+00:00,media/audio/senior/S06110/e32b2359be6541ecae4021bb63dd3e4a.json,audio/senior/S06110/e32b2359be6541ecae4021bb63dd3e4a.wav
S06110,repeat_senior,퍼터커 반복 발음 과제 (어르신),4,커,senior_repeat_1764488288788_ejzd3vn88,2025-11-30T07:38:07.817153+00:00,media/audio/senior/S06110/c72d70c97f6d4b07bc1ba7a6f1f45921.json,audio/senior/S06110/c72d70c97f6d4b07bc1ba7a6f1f45921.wav
S06110,repeat_senior,퍼터커 반복 발음 과제 (어르신),5,커,senior_repeat_1764488299094_ocaekg3lb,2025-11-30T07:38:17.909189+00:00,media/audio/senior/S06110/d2dbb928930046a79a4792ce21a86ede.json,audio/senior/S06110/d2dbb928930046a79a4792ce21a86ede.wav
S80901,a_repeat_senior,아 반복 발음 과제 (어르신),,,session_1764395177008_8s7gpmz9nhp,2025-11-29T05:46:15.522282+00:00,media/audio/senior/S80901/6bd8a43ce28b4883b24a5832e944d614.json,audio/senior/S80901/6bd8a43ce28b4883b24a5832e944d614.wav
S80901,repeat_senior,퍼터커 반복 발음 과제 (어르신),4,커,senior_repeat_1764395267716_e9x6n213u,2025-11-29T05:47:46.232576+00:00,media/audio/senior/S80901/c88d1a247e5148ab98340d46c9f60338.json,audio/senior/S80901/c88d1a247e5148ab98340d46c9f60338.wav
S80901,repeat_senior,퍼터커 반복 발음 과제 (어르신),5,커,senior_repeat_1764397199743_k4pbskfu6,2025-11-29T06:19:58.303697+00:00,media/audio/senior/S80901/05474b3facce40d2bf7161af83447a4e.json,audio/senior/S80901/05474b3facce40d2bf7161af83447a4e.wav
S80901,repeat_senior,퍼터커 반복 발음 과제 (어르신),0,퍼,senior_repeat_1764397135769_ttech6ogu,2025-11-29T06:18:54.250353+00:00,media/audio/senior/S80901/3837cb161edf4c6192da64cf1d34c47a.json,audio/senior/S80901/3837cb161edf4c6192da64cf1d34c47a.wav
S80901,repeat_senior,퍼터커 반복 발음 과제 (어르신),0,퍼,senior_repeat_1764395210028_g7t8u1kr5,2025-11-29T05:46:49.242765+00:00,media/audio/senior/S80901/06a5160795af43fbb6792dddfda49bd5.json,audio/senior/S80901/06a5160795af43fbb6792dddfda49bd5.wav
S80901,a_repeat_senior,아 반복 발음 과제 (어르신),,,session_1764397107555_22bqb5ifhp6,2025-11-29T06:18:26.270670+00:00,media/audio/senior/S80901/ade3270c4bf04f25aa572b62eff33be5.json,audio/senior/S80901/ade3270c4bf04f25aa572b62eff33be5.wav
S80901,repeat_senior,퍼터커 반복 발음 과제 (어르신),2,터,senior_repeat_1764395240862_g50urbgac,2025-11-29T05:47:19.540696+00:00,media/audio/senior/S80901/ac2dceb958b44672941d9bfe03cb12ad.json,audio/senior/S80901/ac2dceb958b44672941d9bfe03cb12ad.wav
S80901,repeat_senior,퍼터커 반복 발음 과제 (어르신),5,커,senior_repeat_1764395278356_70beztpen,2025-11-29T05:47:56.853538+00:00,media/audio/senior/S80901/9b8dcdee996a40289d81c7b830f4d74d.json,audio/senior/S80901/9b8dcdee996a40289d81c7b830f4d74d.wav
S80901,repeat_senior,퍼터커 반복 발음 과제 (어르신),6,퍼터커,senior_repeat_1764395295941_44mrzc4n1,2025-11-29T05:48:14.442547+00:00,media/audio/senior/S80901/be3b9a16b98943e3a19d4a455e0d43b9.json,audio/senior/S80901/be3b9a16b98943e3a19d4a455e0d43b9.wav
S80901,repeat_senior,퍼터커 반복 발음 과제 (어르신),3,터,senior_repeat_1764395254590_i96jz0erm,2025-11-29T05:47:33.079344+00:00,media/audio/senior/S80901/658e167eae0a456697c295aefda9d90d.json,audio/senior/S80901/658e167eae0a456697c295aefda9d90d.wav
S80901,repeat_senior,퍼터커 반복 발음 과제 (어르신),2,터,senior_repeat_1764397161590_yjauw35aq,2025-11-29T06:19:20.266632+00:00,media/audio/senior/S80901/26ff9c23b77b47a786119cd9ddb8a271.json,audio/senior/S80901/26ff9c23b77b47a786119cd9ddb8a271.wav
S80901,repeat_senior,퍼터커 반복 발음 과제 (어르신),6,퍼터커,senior_repeat_1764397214059_uqp9texep,2025-11-29T06:20:12.714382+00:00,media/audio/senior/S80901/9a7bc185f3e14587b37bddc5ff2f82e7.json,audio/senior/S80901/9a7bc185f3e14587b37bddc5ff2f82e7.wav
S80901,repeat_senior,퍼터커 반복 발음 과제 (어르신),7,퍼터커,senior_repeat_1764395307921_1ilczaxcd,2025-11-29T05:48:26.564494+00:00,media/audio/senior/S80901/e7fde61e132e4804b12d66225937eabe.json,audio/senior/S80901/e7fde61e132e4804b12d66225937eabe.wav
S80901,repeat_senior,퍼터커 반복 발음 과제 (어르신),7,퍼터커,senior_repeat_1764397226703_chknhqk2c,2025-11-29T06:20:25.536489+00:00,media/audio/senior/S80901/2426b0493d3d4002a403cf9240416718.json,audio/senior/S80901/2426b0493d3d4002a403cf9240416718.wav
S80901,repeat_senior,퍼터커 반복 발음 과제 (어르신),3,터,senior_repeat_1764397173314_k9g7xszpg,2025-11-29T06:19:31.840968+00:00,media/audio/senior/S80901/1eb58a59d8e444b58f68e6278b72cd1c.json,audio/senior/S80901/1eb58a59d8e444b58f68e6278b72cd1c.wav
S80901,a_repeat_senior,아 반복 발음 과제 (어르신),,,session_1764395164737_4ig12ts73ck,2025-11-29T05:46:03.388572+00:00,media/audio/senior/S80901/b2c66d48dc824972942c1372edf06a3b.json,audio/senior/S80901/b2c66d48dc824972942c1372edf06a3b.wav
S80901,repeat_senior,퍼터커 반복 발음 과제 (어르신),1,퍼,senior_repeat_1764397147487_g250spg7i,2025-11-29T06:19:06.160162+00:00,media/audio/senior/S80901/ace5d3f8f3e5458ba1e9c9c2143cddb7.json,audio/senior/S80901/ace5d3f8f3e5458ba1e9c9c2143cddb7.wav
S80901,repeat_senior,퍼터커 반복 발음 과제 (어르신),1,퍼,senior_repeat_1764395226562_8ke6a0psj,2025-11-29T05:47:05.063521+00:00,media/audio/senior/S80901/74f3b22ade544df58eecf25ce9380411.json,audio/senior/S80901/74f3b22ade544df58eecf25ce9380411.wav
S80901,a_repeat_senior,아 반복 발음 과제 (어르신),,,session_1764397087878_8dhl81151u8,2025-11-29T06:18:06.649972+00:00,media/audio/senior/S80901/7e4155d08cef4e279834c97d3cd5eecf.json,audio/senior/S80901/7e4155d08cef4e279834c97d3cd5eecf.wav
S80901,repeat_senior,퍼터커 반복 발음 과제 (어르신),4,커,senior_repeat_1764397187866_colnfwmq2,2025-11-29T06:19:46.489351+00:00,media/audio/senior/S80901/4855d67ed43e4547982fdb78132f9ead.json,audio/senior/S80901/4855d67ed43e4547982fdb78132f9ead.wav
S43354,repeat_senior,퍼터커 반복 발음 과제 (어르신),2,터,senior_repeat_1764496573686_vfxdr0ok6,2025-11-30T09:56:12.155899+00:00,media/audio/senior/S43354/62eb622992ca41528da2006ca7342ab2.json,audio/senior/S43354/62eb622992ca41528da2006ca7342ab2.wav
S43354,repeat_senior,퍼터커 반복 발음 과제 (어르신),1,퍼,senior_repeat_1764496556007_zm08f2r4t,2025-11-30T09:55:54.457056+00:00,media/audio/senior/S43354/952c7c36cac0492ca868c0372ac5a417.json,audio/senior/S43354/952c7c36cac0492ca868c0372ac5a417.wav
S43354,repeat_senior,퍼터커 반복 발음 과제 (어르신),0,퍼,senior_repeat_1763775431722_ds17oqlij,2025-11-22T01:37:12.072628+00:00,media/audio/senior/S43354/b46bc915e3c64dc594769c54cc0854d4.json,audio/senior/b46bc915e3c64dc594769c54cc0854d4.wav
S43354,a_repeat_senior,아 반복 발음 과제 (어르신),,,session_1763775406609_jwpb0e24fe8,2025-11-22T01:36:46.974074+00:00,media/audio/senior/S43354/d8638e43c0c5423aac9cf6c8b45dfe01.json,audio/senior/d8638e43c0c5423aac9cf6c8b45dfe01.wav
S43354,repeat_senior,퍼터커 반복 발음 과제 (어르신),7,퍼터커,senior_repeat_1764496646559_kn5t0t6dp,2025-11-30T09:57:24.940962+00:00,media/audio/senior/S43354/05b238f75b1845b4936c9ea51e17ef30.json,audio/senior/S43354/05b238f75b1845b4936c9ea51e17ef30.wav
S43354,repeat_senior,퍼터커 반복 발음 과제 (어르신),5,커,senior_repeat_1764496613904_t0pw8w9cq,2025-11-30T09:56:52.357597+00:00,media/audio/senior/S43354/ffb4c0cc882b489588961523a2cc2cbd.json,audio/senior/S43354/ffb4c0cc882b489588961523a2cc2cbd.wav
S43354,repeat_senior,퍼터커 반복 발음 과제 (어르신),0,퍼,senior_repeat_1764496542686_8xrny8ud7,2025-11-30T09:55:41.073015+00:00,media/audio/senior/S43354/3c8a0f025de44d1aabbb67ddb5582bc0.json,audio/senior/S43354/3c8a0f025de44d1aabbb67ddb5582bc0.wav
S43354,repeat_senior,퍼터커 반복 발음 과제 (어르신),4,커,senior_repeat_1763775514511_wpxapaar3,2025-11-22T01:38:34.377717+00:00,media/audio/senior/S43354/228e90bcbeb1451e8c4670f3e015e7f6.json,audio/senior/228e90bcbeb1451e8c4670f3e015e7f6.wav
S43354,a_repeat_senior,아 반복 발음 과제 (어르신),,,session_1764496508826_5kibxfmpu8s,2025-11-30T09:55:07.561694+00:00,media/audio/senior/S43354/a8034753e141453898839a07a9ae5409.json,audio/senior/S43354/a8034753e141453898839a07a9ae5409.wav
S43354,repeat_senior,퍼터커 반복 발음 과제 (어르신),6,퍼터커,senior_repeat_1763775564292_plrq12xbs,2025-11-22T01:39:24.597206+00:00,media/audio/senior/S43354/f65218d9d592485da46edc8678b01765.json,audio/senior/f65218d9d592485da46edc8678b01765.wav
S43354,repeat_senior,퍼터커 반복 발음 과제 (어르신),6,퍼터커,senior_repeat_1764496632310_gbyg80qx8,2025-11-30T09:57:10.704330+00:00,media/audio/senior/S43354/fcbe459385c348b9bbbb9d19902a63d2.json,audio/senior/S43354/fcbe459385c348b9bbbb9d19902a63d2.wav
S43354,a_repeat_senior,아 반복 발음 과제 (어르신),,,session_1764496471687_550pz4ak3fb,2025-11-30T09:54:30.581619+00:00,media/audio/senior/S43354/d2acc6b612824fb1ac923e5e58984203.json,audio/senior/S43354/d2acc6b612824fb1ac923e5e58984203.wav
S43354,repeat_senior,퍼터커 반복 발음 과제 (어르신),7,퍼터커,senior_repeat_1763775582388_mzqfpl3d2,2025-11-22T01:39:42.706240+00:00,media/audio/senior/S43354/233cf283ae024d4e9973782c34823c3a.json,audio/senior/233cf283ae024d4e9973782c34823c3a.wav
S43354,a_repeat_senior,아 반복 발음 과제 (어르신),,,session_1763775386980_1coxoii1x0x,2025-11-22T01:36:27.405269+00:00,media/audio/senior/S43354/73163fc1f8594b808ebad9ac0d142eb2.json,audio/senior/73163fc1f8594b808ebad9ac0d142eb2.wav
S43354,repeat_senior,퍼터커 반복 발음 과제 (어르신),5,커,senior_repeat_1763775532376_hvqmtonps,2025-11-22T01:38:52.688429+00:00,media/audio/senior/S43354/69b6cdfb54794cff8c2ad37279a829f4.json,audio/senior/69b6cdfb54794cff8c2ad37279a829f4.wav
S43354,repeat_senior,퍼터커 반복 발음 과제 (어르신),2,터,senior_repeat_1763775472046_g3n8lbvt0,2025-11-22T01:37:52.374613+00:00,media/audio/senior/S43354/ea8a550ec1c64be7b5e300ce8edd9a92.json,audio/senior/ea8a550ec1c64be7b5e300ce8edd9a92.wav
S43354,repeat_senior,퍼터커 반복 발음 과제 (어르신),3,터,senior_repeat_1763775493025_lu9yw5dbg,2025-11-22T01:38:13.326023+00:00,media/audio/senior/S43354/f9a379badda24b10a032abf21868b9f2.json,audio/senior/f9a379badda24b10a032abf21868b9f2.wav
S43354,repeat_senior,퍼터커 반복 발음 과제 (어르신),1,퍼,senior_repeat_1763775451954_7xcacn5rr,2025-11-22T01:37:32.344013+00:00,media/audio/senior/S43354/01f800d821e246c3b32fb1d7b7979671.json,audio/senior/01f800d821e246c3b32fb1d7b7979671.wav
S43354,repeat_senior,퍼터커 반복 발음 과제 (어르신),3,터,senior_repeat_1764496587199_ijtuqdi09,2025-11-30T09:56:25.651144+00:00,media/audio/senior/S43354/de7cab3e10e1488a91dbaf91ac3af41d.json,audio/senior/S43354/de7cab3e10e1488a91dbaf91ac3af41d.wav
S43354,repeat_senior,퍼터커 반복 발음 과제 (어르신),4,커,senior_repeat_1764496602820_lzz358k4k,2025-11-30T09:56:41.199074+00:00,media/audio/senior/S43354/8e52a59a09e143c58698318f32cecd2c.json,audio/senior/S43354/8e52a59a09e143c58698318f32cecd2c.wav
S70248,repeat_senior,퍼터커 반복 발음 과제 (어르신),6,퍼터커,senior_repeat_1761791212651_8g3o7idhh,2025-10-30T02:26:52.542294+00:00,media/audio/senior/S70248/8be2da59889640678cd009415c5b3448.json,audio/senior/8be2da59889640678cd009415c5b3448.wav
S70248,repeat_senior,퍼터커 반복 발음 과제 (어르신),1,퍼,senior_repeat_1761791089082_hqpo7wom1,2025-10-30T02:24:48.981193+00:00,media/audio/senior/S70248/cf96b428a3be4bbc82594cf502296d05.json,audio/senior/cf96b428a3be4bbc82594cf502296d05.wav
S70248,repeat_senior,퍼터커 반복 발음 과제 (어르신),4,커,senior_repeat_1761791102764_npk7pmr5x,2025-10-30T02:25:02.666783+00:00,media/audio/senior/S70248/451012d60fa84f19954504d7d5127e89.json,audio/senior/451012d60fa84f19954504d7d5127e89.wav
S70248,repeat_senior,퍼터커 반복 발음 과제 (어르신),0,퍼,senior_repeat_1761791085998_6j2walrwb,2025-10-30T02:24:45.890195+00:00,media/audio/senior/S70248/8b4aaee713584065b9b76a58c2a4b440.json,audio/senior/8b4aaee713584065b9b76a58c2a4b440.wav
S70248,repeat_senior,퍼터커 반복 발음 과제 (어르신),2,터,senior_repeat_1761791093619_bp29jqpw0,2025-10-30T02:24:53.513495+00:00,media/audio/senior/S70248/acbd7fde03db486dbc65e7350a56070b.json,audio/senior/acbd7fde03db486dbc65e7350a56070b.wav
S70248,repeat_senior,퍼터커 반복 발음 과제 (어르신),3,터,senior_repeat_1761791097982_6m62znyap,2025-10-30T02:24:57.875713+00:00,media/audio/senior/S70248/d4a47362381b4838bb40cb993dabf13c.json,audio/senior/d4a47362381b4838bb40cb993dabf13c.wav
S70248,a_repeat_senior,아 반복 발음 과제 (어르신),,,session_1761791079540_trr8tu8wu,2025-10-30T02:24:39.525102+00:00,media/audio/senior/S70248/f5d7f3d426814be99d6e65ab6269fcce.json,audio/senior/f5d7f3d426814be99d6e65ab6269fcce.wav
S70248,repeat_senior,퍼터커 반복 발음 과제 (어르신),7,퍼터커,senior_repeat_1761791222021_g1adft78q,2025-10-30T02:27:01.927825+00:00,media/audio/senior/S70248/cfac0574848d4ae2861a608cbeaf80e9.json,audio/senior/cfac0574848d4ae2861a608cbeaf80e9.wav
S70248,a_repeat_senior,아 반복 발음 과제 (어르신),,,session_1761791082720_4xhexz4cgua,2025-10-30T02:24:42.610858+00:00,media/audio/senior/S70248/21f5a706ae484aa791c385d930da1eda.json,audio/senior/21f5a706ae484aa791c385d930da1eda.wav
S70248,repeat_senior,퍼터커 반복 발음 과제 (어르신),5,커,senior_repeat_1761791209426_qqar3j68m,2025-10-30T02:26:49.310909+00:00,media/audio/senior/S70248/5128e369fdf14dd8af7e0e25864a26ba.json,audio/senior/5128e369fdf14dd8af7e0e25864a26ba.wav
S47182,repeat_senior,퍼터커 반복 발음 과제 (어르신),7,퍼터커,senior_repeat_1764341362474_478xew84c,2025-11-28T14:49:22.799433+00:00,media/audio/senior/S47182/82ce12ba83c14bc5a568ce71403ad44d.json,audio/senior/S47182/82ce12ba83c14bc5a568ce71403ad44d.wav
S47182,repeat_senior,퍼터커 반복 발음 과제 (어르신),5,커,senior_repeat_1764341339740_hzk4a2qyj,2025-11-28T14:48:59.888758+00:00,media/audio/senior/S47182/3e6344946d8d4459bcd033f3d6fb148f.json,audio/senior/S47182/3e6344946d8d4459bcd033f3d6fb148f.wav
S47182,repeat_senior,퍼터커 반복 발음 과제 (어르신),1,퍼,senior_repeat_1764341294065_pf0g74vdm,2025-11-28T14:48:14.244866+00:00,media/audio/senior/S47182/746c8c4fcfef4a348c47d9c24320de7a.json,audio/senior/S47182/746c8c4fcfef4a348c47d9c24320de7a.wav
S47182,a_repeat_senior,아 반복 발음 과제 (어르신),,,session_1764341248869_0kijp10qoa7,2025-11-28T14:47:29.040471+00:00,media/audio/senior/S47182/61307940a2f940db962d9334a5ca9377.json,audio/senior/S47182/61307940a2f940db962d9334a5ca9377.wav
S47182,repeat_senior,퍼터커 반복 발음 과제 (어르신),3,터,senior_repeat_1764341318765_92zbej0fr,2025-11-28T14:48:38.966969+00:00,media/audio/senior/S47182/83f57ed22d564828bcb992594dae3d06.json,audio/senior/S47182/83f57ed22d564828bcb992594dae3d06.wav
S47182,repeat_senior,퍼터커 반복 발음 과제 (어르신),0,퍼,senior_repeat_1764341269891_u41mhjtxs,2025-11-28T14:47:50.083219+00:00,media/audio/senior/S47182/68b38a20d7bc4c8685e0db7418bb8cdd.json,audio/senior/S47182/68b38a20d7bc4c8685e0db7418bb8cdd.wav
S47182,repeat_senior,퍼터커 반복 발음 과제 (어르신),6,퍼터커,senior_repeat_1764341351293_xd34ad5au,2025-11-28T14:49:11.530571+00:00,media/audio/senior/S47182/61d62e91f1db4bacbd843a2277211931.json,audio/senior/S47182/61d62e91f1db4bacbd843a2277211931.wav
S47182,a_repeat_senior,아 반복 발음 과제 (어르신),,,session_1764339862261_66voeen23nk,2025-11-28T14:24:22.533397+00:00,media/audio/senior/S47182/ad4db921afd94c12b13438951efe329a.json,audio/senior/S47182/ad4db921afd94c12b13438951efe329a.wav
S47182,a_repeat_senior,아 반복 발음 과제 (어르신),,,session_1764341233641_w5t6fba59qj,2025-11-28T14:47:13.876672+00:00,media/audio/senior/S47182/f7672da15bca444fba746fb4ac7826a6.json,audio/senior/S47182/f7672da15bca444fba746fb4ac7826a6.wav
S47182,a_repeat_senior,아 반복 발음 과제 (어르신),,,session_1764339913410_3g1f8rw852b,2025-11-28T14:25:13.543273+00:00,media/audio/senior/S47182/58f990d1672748fcb36adf5ce59c9ef1.json,audio/senior/S47182/58f990d1672748fcb36adf5ce59c9ef1.wav
S47182,repeat_senior,퍼터커 반복 발음 과제 (어르신),2,터,senior_repeat_1764341307631_jzq7bak3i,2025-11-28T14:48:27.840367+00:00,media/audio/senior/S47182/3c18d36238b7482f8b8f00b0f5bf0d45.json,audio/senior/S47182/3c18d36238b7482f8b8f00b0f5bf0d45.wav
S47182,repeat_senior,퍼터커 반복 발음 과제 (어르신),4,커,senior_repeat_1764341330269_nhrwjmo5c,2025-11-28T14:48:50.442690+00:00,media/audio/senior/S47182/19ca13afa990464fb85ff17786ac8075.json,audio/senior/S47182/19ca13afa990464fb85ff17786ac8075.wav
S57791,a_repeat_senior,아 반복 발음 과제 (어르신),,,session_1769745992535_9acxuwuobce,2026-01-30T04:06:32.941346+00:00,media/audio/senior/S57791/7495a08630954b118cf556ca92f6b255.json,audio/senior/S57791/7495a08630954b118cf556ca92f6b255.wav
S57791,repeat_senior,퍼터커 반복 발음 과제 (어르신),5,커,senior_repeat_1769746123944_5rdxz069l,2026-01-30T04:08:44.220947+00:00,media/audio/senior/S57791/9194e350461641938d23c119734253db.json,audio/senior/S57791/9194e350461641938d23c119734253db.wav
S57791,repeat_senior,퍼터커 반복 발음 과제 (어르신),3,터,senior_repeat_1769746084456_qmnbb0enl,2026-01-30T04:08:04.772307+00:00,media/audio/senior/S57791/a50859f3bfcb49e99be35d09461562eb.json,audio/senior/S57791/a50859f3bfcb49e99be35d09461562eb.wav
S57791,repeat_senior,퍼터커 반복 발음 과제 (어르신),6,퍼터커,senior_repeat_1769746145907_4865yfb94,2026-01-30T04:09:06.164699+00:00,media/audio/senior/S57791/30c4870bf2ab476dbedb2a4e7ba2ab43.json,audio/senior/S57791/30c4870bf2ab476dbedb2a4e7ba2ab43.wav
S57791,repeat_senior,퍼터커 반복 발음 과제 (어르신),1,퍼,senior_repeat_1769746040254_g7gu97boa,2026-01-30T04:07:20.553558+00:00,media/audio/senior/S57791/0270f74b05104a1bbb9e0721a7f1384e.json,audio/senior/S57791/0270f74b05104a1bbb9e0721a7f1384e.wav
S57791,repeat_senior,퍼터커 반복 발음 과제 (어르신),7,퍼터커,senior_repeat_1769746166563_mqsq5wcdn,2026-01-30T04:09:26.959520+00:00,media/audio/senior/S57791/4b56cf2e18d74348841d05c496ac7e3b.json,audio/senior/S57791/4b56cf2e18d74348841d05c496ac7e3b.wav
S57791,repeat_senior,퍼터커 반복 발음 과제 (어르신),4,커,senior_repeat_1769746103222_dgphru0ak,2026-01-30T04:08:23.489557+00:00,media/audio/senior/S57791/e3c194c767054580bd6c24174e146b62.json,audio/senior/S57791/e3c194c767054580bd6c24174e146b62.wav
S57791,repeat_senior,퍼터커 반복 발음 과제 (어르신),2,터,senior_repeat_1769746063056_77li1163w,2026-01-30T04:07:43.341048+00:00,media/audio/senior/S57791/63583c627d234b7a88910535e87a7df8.json,audio/senior/S57791/63583c627d234b7a88910535e87a7df8.wav
S57791,a_repeat_senior,아 반복 발음 과제 (어르신),,,session_1769745967845_nsnxo2drj0d,2026-01-30T04:06:08.157641+00:00,media/audio/senior/S57791/eef301a0eb974c48adfc606c651c4c73.json,audio/senior/S57791/eef301a0eb974c48adfc606c651c4c73.wav
S57791,repeat_senior,퍼터커 반복 발음 과제 (어르신),0,퍼,senior_repeat_1769746018628_fd2pli0s3,2026-01-30T04:06:58.892001+00:00,media/audio/senior/S57791/01f5b47799fe41bc997e781fdde0e5f1.json,audio/senior/S57791/01f5b47799fe41bc997e781fdde0e5f1.wav
S90393,repeat_senior,퍼터커 반복 발음 과제 (어르신),4,커,senior_repeat_1764344993691_ep3idbigl,2025-11-28T15:49:53.998174+00:00,media/audio/senior/S90393/1578bd78be004ff3b5484df06ee3e62f.json,audio/senior/S90393/1578bd78be004ff3b5484df06ee3e62f.wav
S90393,a_repeat_senior,아 반복 발음 과제 (어르신),,,session_1764472933802_4vvh0oxzjgg,2025-11-30T03:22:14.132000+00:00,media/audio/senior/S90393/dfaf5d06008343008fba952e3615db05.json,audio/senior/S90393/dfaf5d06008343008fba952e3615db05.wav
S90393,repeat_senior,퍼터커 반복 발음 과제 (어르신),2,터,senior_repeat_1764344910964_4bzkb0vtp,2025-11-28T15:48:31.258774+00:00,media/audio/senior/S90393/f26764f5d5c143ec88badc820a644f0e.json,audio/senior/S90393/f26764f5d5c143ec88badc820a644f0e.wav
S90393,a_repeat_senior,아 반복 발음 과제 (어르신),,,session_1764344718749_3svp4kotun,2025-11-28T15:45:19.117004+00:00,media/audio/senior/S90393/ae136e766e7b4836a03091654939c90f.json,audio/senior/S90393/ae136e766e7b4836a03091654939c90f.wav
S90393,repeat_senior,퍼터커 반복 발음 과제 (어르신),1,퍼,senior_repeat_1764344899783_dh36nqe1r,2025-11-28T15:48:20.106671+00:00,media/audio/senior/S90393/35079296e5c24d6ab48f9e3ca98afdbc.json,audio/senior/S90393/35079296e5c24d6ab48f9e3ca98afdbc.wav
S90393,repeat_senior,퍼터커 반복 발음 과제 (어르신),0,퍼,senior_repeat_1764344862592_r6y9mwtnf,2025-11-28T15:47:42.911593+00:00,media/audio/senior/S90393/679f90b081604f858f1edd1744666772.json,audio/senior/S90393/679f90b081604f858f1edd1744666772.wav
S90393,a_repeat_senior,아 반복 발음 과제 (어르신),,,session_1764344727651_i7rr03njlxq,2025-11-28T15:45:27.985145+00:00,media/audio/senior/S90393/d217116b3003411fae7662dade4ed592.json,audio/senior/S90393/d217116b3003411fae7662dade4ed592.wav
S90393,repeat_senior,퍼터커 반복 발음 과제 (어르신),7,퍼터커,senior_repeat_1764345035889_x6vo639ye,2025-11-28T15:50:36.201740+00:00,media/audio/senior/S90393/53caf0d68bde440b81ed21f832e1ca03.json,audio/senior/S90393/53caf0d68bde440b81ed21f832e1ca03.wav
S90393,repeat_senior,퍼터커 반복 발음 과제 (어르신),3,터,senior_repeat_1764344980591_10j81yrt9,2025-11-28T15:49:40.898135+00:00,media/audio/senior/S90393/59e71608c3ab45818a163d3398f215ab.json,audio/senior/S90393/59e71608c3ab45818a163d3398f215ab.wav
S90393,repeat_senior,퍼터커 반복 발음 과제 (어르신),5,커,senior_repeat_1764345005631_300cz6kg9,2025-11-28T15:50:05.937409+00:00,media/audio/senior/S90393/8d330e6ff55c4fd49f41d68a3a3a6cc5.json,audio/senior/S90393/8d330e6ff55c4fd49f41d68a3a3a6cc5.wav
S90393,a_repeat_senior,아 반복 발음 과제 (어르신),,,session_1764472949144_emb14ag03n8,2025-11-30T03:22:29.486820+00:00,media/audio/senior/S90393/a968abdf09cd4951abeeff98d97895dd.json,audio/senior/S90393/a968abdf09cd4951abeeff98d97895dd.wav
S90393,repeat_senior,퍼터커 반복 발음 과제 (어르신),6,퍼터커,senior_repeat_1764345020789_a9on8dz63,2025-11-28T15:50:21.119490+00:00,media/audio/senior/S90393/eef556c88aa042b386f8e7204a0eddc7.json,audio/senior/S90393/eef556c88aa042b386f8e7204a0eddc7.wav
S27205,repeat_senior,퍼터커 반복 발음 과제 (어르신),0,퍼,senior_repeat_1761785544663_49c7evdc2,2025-10-30T00:52:24.929844+00:00,media/audio/senior/S27205/b0e097b86d684c0e9f8cf33e5089b484.json,audio/senior/b0e097b86d684c0e9f8cf33e5089b484.wav
S27205,repeat_senior,퍼터커 반복 발음 과제 (어르신),7,퍼터커,senior_repeat_1761785600318_y6c46g7c8,2025-10-30T00:53:20.377485+00:00,media/audio/senior/S27205/f2dda5c196da4063b7291b93a770dfcf.json,audio/senior/f2dda5c196da4063b7291b93a770dfcf.wav
S27205,repeat_senior,퍼터커 반복 발음 과제 (어르신),5,커,senior_repeat_1761785581727_ii6is5isa,2025-10-30T00:53:01.814811+00:00,media/audio/senior/S27205/efbbfdacae044523beb082ce270dbd50.json,audio/senior/efbbfdacae044523beb082ce270dbd50.wav
S27205,repeat_senior,퍼터커 반복 발음 과제 (어르신),2,터,senior_repeat_1761785560319_xsgju013v,2025-10-30T00:52:40.317063+00:00,media/audio/senior/S27205/cb8c0bdd3c644664b70b3adb3bd35f20.json,audio/senior/cb8c0bdd3c644664b70b3adb3bd35f20.wav
S27205,repeat_senior,퍼터커 반복 발음 과제 (어르신),4,커,senior_repeat_1761785573994_n8l37f8v5,2025-10-30T00:52:54.073665+00:00,media/audio/senior/S27205/e468a5e31ffa4c29803477b5f981aedb.json,audio/senior/e468a5e31ffa4c29803477b5f981aedb.wav
S27205,repeat_senior,퍼터커 반복 발음 과제 (어르신),3,터,senior_repeat_1761785566957_9f4mnf5ej,2025-10-30T00:52:46.999442+00:00,media/audio/senior/S27205/9a6b1f16093248d7b6dd989ac0efb799.json,audio/senior/9a6b1f16093248d7b6dd989ac0efb799.wav
S27205,repeat_senior,퍼터커 반복 발음 과제 (어르신),1,퍼,senior_repeat_1761785552706_23bg1qz9u,2025-10-30T00:52:32.887774+00:00,media/audio/senior/S27205/dfe81f95e6f64b95a3d0e16533bc7723.json,audio/senior/dfe81f95e6f64b95a3d0e16533bc7723.wav
S27205,repeat_senior,퍼터커 반복 발음 과제 (어르신),6,퍼터커,senior_repeat_1761785590898_584tln1ko,2025-10-30T00:53:11.031479+00:00,media/audio/senior/S27205/da387dc7edc841d99d8f1e5e3de9c290.json,audio/senior/da387dc7edc841d99d8f1e5e3de9c290.wav
S27205,a_repeat_senior,아 반복 발음 과제 (어르신),,,session_1761785530079_owg4jr0g00e,2025-10-30T00:52:10.109069+00:00,media/audio/senior/S27205/ddf2f208a32343df9512838df35e7bd4.json,audio/senior/ddf2f208a32343df9512838df35e7bd4.wav
S27205,a_repeat_senior,아 반복 발음 과제 (어르신),,,session_1761785536727_iz4o74dh9d,2025-10-30T00:52:16.743135+00:00,media/audio/senior/S27205/1f558af5ab9d434bb851fe620bf263e1.json,audio/senior/1f558af5ab9d434bb851fe620bf263e1.wav
S69677,repeat_senior,퍼터커 반복 발음 과제 (어르신),6,퍼터커,senior_repeat_1769753183180_3h0sozmu5,2026-01-30T06:06:23.544782+00:00,media/audio/senior/S69677/59480fe016324f30ba9e6c47577caacb.json,audio/senior/S69677/59480fe016324f30ba9e6c47577caacb.wav
S69677,repeat_senior,퍼터커 반복 발음 과제 (어르신),2,터,senior_repeat_1769753110086_w6kxyau31,2026-01-30T06:05:10.431135+00:00,media/audio/senior/S69677/07fa8dce1d0e434b8ebb1ee12a83cbfd.json,audio/senior/S69677/07fa8dce1d0e434b8ebb1ee12a83cbfd.wav
S69677,a_repeat_senior,아 반복 발음 과제 (어르신),,,session_1769753063520_erqvhye1l49,2026-01-30T06:04:23.868990+00:00,media/audio/senior/S69677/93cbcbe1ced443859e70db28abdae0b3.json,audio/senior/S69677/93cbcbe1ced443859e70db28abdae0b3.wav
S69677,repeat_senior,퍼터커 반복 발음 과제 (어르신),0,퍼,senior_repeat_1769753086977_n5xo24ozf,2026-01-30T06:04:47.321065+00:00,media/audio/senior/S69677/063279069d31481a913d94ade8c6bce6.json,audio/senior/S69677/063279069d31481a913d94ade8c6bce6.wav
S69677,repeat_senior,퍼터커 반복 발음 과제 (어르신),7,퍼터커,senior_repeat_1769753196251_rcyau7fa1,2026-01-30T06:06:36.592148+00:00,media/audio/senior/S69677/584ec714eb9f4f64b79ce13875a0103c.json,audio/senior/S69677/584ec714eb9f4f64b79ce13875a0103c.wav
S69677,repeat_senior,퍼터커 반복 발음 과제 (어르신),1,퍼,senior_repeat_1769753097579_i3gorg1r6,2026-01-30T06:04:57.911330+00:00,media/audio/senior/S69677/410b2cd38c524688beef01d96aa96be4.json,audio/senior/S69677/410b2cd38c524688beef01d96aa96be4.wav
S69677,a_repeat_senior,아 반복 발음 과제 (어르신),,,session_1769753049195_wrgao89javl,2026-01-30T06:04:09.604546+00:00,media/audio/senior/S69677/00589a48c037439fbc9b858f9fd47c40.json,audio/senior/S69677/00589a48c037439fbc9b858f9fd47c40.wav
S69677,repeat_senior,퍼터커 반복 발음 과제 (어르신),5,커,senior_repeat_1769753148521_s1x8zqz2t,2026-01-30T06:05:48.867390+00:00,media/audio/senior/S69677/7d5b13b5d0e4450ebf0fc137460f9caa.json,audio/senior/S69677/7d5b13b5d0e4450ebf0fc137460f9caa.wav
S69677,repeat_senior,퍼터커 반복 발음 과제 (어르신),4,커,senior_repeat_1769753135877_lqupekfdd,2026-01-30T06:05:36.233133+00:00,media/audio/senior/S69677/9a60b0e9706f484dadcb65c69a3eedd5.json,audio/senior/S69677/9a60b0e9706f484dadcb65c69a3eedd5.wav
S69677,repeat_senior,퍼터커 반복 발음 과제 (어르신),3,터,senior_repeat_1769753122765_518g00x7p,2026-01-30T06:05:23.115827+00:00,media/audio/senior/S69677/b24850778ec24662934fa8d9cf8b806a.json,audio/senior/S69677/b24850778ec24662934fa8d9cf8b806a.wav
S53336,repeat_senior,퍼터커 반복 발음 과제 (어르신),6,퍼터커,senior_repeat_1764326197605_eb925qwv3,2025-11-28T10:36:37.534230+00:00,media/audio/senior/S53336/16b4f74897a34ddb9d5995c223890597.json,audio/senior/S53336/16b4f74897a34ddb9d5995c223890597.wav
S53336,repeat_senior,퍼터커 반복 발음 과제 (어르신),5,커,senior_repeat_1764326183588_llvnpezb7,2025-11-28T10:36:23.521851+00:00,media/audio/senior/S53336/ee88994f5ef54d94bc0093c8f13eddaf.json,audio/senior/S53336/ee88994f5ef54d94bc0093c8f13eddaf.wav
S53336,repeat_senior,퍼터커 반복 발음 과제 (어르신),0,퍼,senior_repeat_1764326129699_d3qqlmqgq,2025-11-28T10:35:30.041043+00:00,media/audio/senior/S53336/86d2811da1634094914639c499808a67.json,audio/senior/S53336/86d2811da1634094914639c499808a67.wav
S53336,a_repeat_senior,아 반복 발음 과제 (어르신),,,session_1764326110054_eurvhjy3kpu,2025-11-28T10:35:10.090586+00:00,media/audio/senior/S53336/ae66a18c0b0541708e9f2ba4deacba1f.json,audio/senior/S53336/ae66a18c0b0541708e9f2ba4deacba1f.wav
S53336,repeat_senior,퍼터커 반복 발음 과제 (어르신),2,터,senior_repeat_1764326151827_ggcqbwssf,2025-11-28T10:35:51.747828+00:00,media/audio/senior/S53336/fa2eb936548d4794a624612f4b384523.json,audio/senior/S53336/fa2eb936548d4794a624612f4b384523.wav
S53336,repeat_senior,퍼터커 반복 발음 과제 (어르신),7,퍼터커,senior_repeat_1764326210081_mje5yjcwq,2025-11-28T10:36:50.251986+00:00,media/audio/senior/S53336/86a8bfc8e8ab43f1bd6172eb63a31984.json,audio/senior/S53336/86a8bfc8e8ab43f1bd6172eb63a31984.wav
S53336,a_repeat_senior,아 반복 발음 과제 (어르신),,,session_1764326096062_11cpi9mz5wz9,2025-11-28T10:34:56.066154+00:00,media/audio/senior/S53336/4d9999703eb44891b67e13e1a9889a29.json,audio/senior/S53336/4d9999703eb44891b67e13e1a9889a29.wav
S53336,repeat_senior,퍼터커 반복 발음 과제 (어르신),4,커,senior_repeat_1764326173170_ifey2pdu3,2025-11-28T10:36:13.111303+00:00,media/audio/senior/S53336/620f134531a043f987ae7b4ce8d86ffc.json,audio/senior/S53336/620f134531a043f987ae7b4ce8d86ffc.wav
S53336,repeat_senior,퍼터커 반복 발음 과제 (어르신),1,퍼,senior_repeat_1764326141179_94g39zt65,2025-11-28T10:35:41.099131+00:00,media/audio/senior/S53336/9d319408aef5443db646b51d2a7fc510.json,audio/senior/S53336/9d319408aef5443db646b51d2a7fc510.wav
S53336,repeat_senior,퍼터커 반복 발음 과제 (어르신),3,터,senior_repeat_1764326161829_v474nulb6,2025-11-28T10:36:01.755769+00:00,media/audio/senior/S53336/2069d81c6e6941fea3101b98fc3d6161.json,audio/senior/S53336/2069d81c6e6941fea3101b98fc3d6161.wav
S25936,repeat_senior,퍼터커 반복 발음 과제 (어르신),0,퍼,senior_repeat_1762257863983_sdep7rbhq,2025-11-04T12:04:20.147062+00:00,media/audio/senior/S25936/e204a3acb5b247aca44f1f7df0d64967.json,audio/senior/e204a3acb5b247aca44f1f7df0d64967.wav
S25936,repeat_senior,퍼터커 반복 발음 과제 (어르신),4,커,senior_repeat_1762257878745_xz5ux8kh5,2025-11-04T12:04:34.779572+00:00,media/audio/senior/S25936/d87b5a4eed0d4dd99ed5808e8f0aa966.json,audio/senior/d87b5a4eed0d4dd99ed5808e8f0aa966.wav
S25936,repeat_senior,퍼터커 반복 발음 과제 (어르신),6,퍼터커,senior_repeat_1762257886309_b8b4jik9j,2025-11-04T12:04:42.402209+00:00,media/audio/senior/S25936/ab3839098e81421785b8cf42eb972c6a.json,audio/senior/ab3839098e81421785b8cf42eb972c6a.wav
S25936,a_repeat_senior,아 반복 발음 과제 (어르신),,,session_1762257856086_vmcicxpy6xg,2025-11-04T12:04:12.130808+00:00,media/audio/senior/S25936/2004cc07df494d46a3f19dad26956a6d.json,audio/senior/2004cc07df494d46a3f19dad26956a6d.wav
S25936,a_repeat_senior,아 반복 발음 과제 (어르신),,,session_1762257860000_bl1h7ir1vp7,2025-11-04T12:04:16.048884+00:00,media/audio/senior/S25936/b64294375e9d4ec9b41c5a77889dc8ad.json,audio/senior/b64294375e9d4ec9b41c5a77889dc8ad.wav
S25936,repeat_senior,퍼터커 반복 발음 과제 (어르신),3,터,senior_repeat_1762257875076_7x6y39md8,2025-11-04T12:04:31.097036+00:00,media/audio/senior/S25936/cabc3a0a91a54e9190334d7223911ce1.json,audio/senior/cabc3a0a91a54e9190334d7223911ce1.wav
S25936,repeat_senior,퍼터커 반복 발음 과제 (어르신),5,커,senior_repeat_1762257882440_mz9e1jwzg,2025-11-04T12:04:38.471233+00:00,media/audio/senior/S25936/10c2a50d82a040d6bf811463b9049df5.json,audio/senior/10c2a50d82a040d6bf811463b9049df5.wav
S25936,repeat_senior,퍼터커 반복 발음 과제 (어르신),2,터,senior_repeat_1762257871374_pqyz9xcpv,2025-11-04T12:04:27.396044+00:00,media/audio/senior/S25936/0de5f6923427427a99f62ee671049bfe.json,audio/senior/0de5f6923427427a99f62ee671049bfe.wav
S25936,repeat_senior,퍼터커 반복 발음 과제 (어르신),7,퍼터커,senior_repeat_1762257890077_llbqndpzg,2025-11-04T12:04:46.098651+00:00,media/audio/senior/S25936/4a05a79423f14af486af92c6988934c7.json,audio/senior/4a05a79423f14af486af92c6988934c7.wav
S25936,repeat_senior,퍼터커 반복 발음 과제 (어르신),1,퍼,senior_repeat_1762257867711_uop9kr9k4,2025-11-04T12:04:23.727474+00:00,media/audio/senior/S25936/ec6133801576424f8824f4a994284386.json,audio/senior/ec6133801576424f8824f4a994284386.wav
S2602121246,repeat_senior,퍼터커 반복 발음 과제 (어르신),7,퍼터커,senior_repeat_1770868235361_pf3ukn4ir,2026-02-12T03:50:33.214493+00:00,media/audio/senior/S2602121246/cbd25269155d498ca32977fe4efccbb8.json,audio/senior/S2602121246/cbd25269155d498ca32977fe4efccbb8.wav
S2602121246,repeat_senior,퍼터커 반복 발음 과제 (어르신),0,퍼,senior_repeat_1770868145615_nabj5iznr,2026-02-12T03:49:03.618260+00:00,media/audio/senior/S2602121246/5ff4b65bfaba4428b849453b0e7fcbba.json,audio/senior/S2602121246/5ff4b65bfaba4428b849453b0e7fcbba.wav
S2602121246,repeat_senior,퍼터커 반복 발음 과제 (어르신),3,터,senior_repeat_1770868181798_z40h71cww,2026-02-12T03:49:39.687356+00:00,media/audio/senior/S2602121246/045b0afaa2b44756ba900d250801ecda.json,audio/senior/S2602121246/045b0afaa2b44756ba900d250801ecda.wav
S2602121246,a_repeat_senior,아 반복 발음 과제 (어르신),,,session_1770868123578_1ix8uebfu7e,2026-02-12T03:48:41.337940+00:00,media/audio/senior/S2602121246/1370643eb81048089f6f5706bf07a6c5.json,audio/senior/S2602121246/1370643eb81048089f6f5706bf07a6c5.wav
S2602121246,repeat_senior,퍼터커 반복 발음 과제 (어르신),1,퍼,senior_repeat_1770868157200_vgj0ln9y6,2026-02-12T03:49:15.077588+00:00,media/audio/senior/S2602121246/2414b8c67fd1439db66e626bc1ac18a7.json,audio/senior/S2602121246/2414b8c67fd1439db66e626bc1ac18a7.wav
S2602121246,repeat_senior,퍼터커 반복 발음 과제 (어르신),2,터,senior_repeat_1770868170417_1uey8zmqp,2026-02-12T03:49:28.240242+00:00,media/audio/senior/S2602121246/113dc61c5bc84bad9dec0dbad8dcffd4.json,audio/senior/S2602121246/113dc61c5bc84bad9dec0dbad8dcffd4.wav
S2602121246,repeat_senior,퍼터커 반복 발음 과제 (어르신),4,커,senior_repeat_1770868196040_89c3w4jir,2026-02-12T03:49:53.863145+00:00,media/audio/senior/S2602121246/493fb97d06854c9ea460c19d9c8903c3.json,audio/senior/S2602121246/493fb97d06854c9ea460c19d9c8903c3.wav
S2602121246,a_repeat_senior,아 반복 발음 과제 (어르신),,,session_1770868097441_yaopk320pf,2026-02-12T03:48:15.199888+00:00,media/audio/senior/S2602121246/514474630b0543e1ac1491476d6f4afb.json,audio/senior/S2602121246/514474630b0543e1ac1491476d6f4afb.wav
S2602121246,repeat_senior,퍼터커 반복 발음 과제 (어르신),6,퍼터커,senior_repeat_1770868223504_cjmua5rhu,2026-02-12T03:50:21.251884+00:00,media/audio/senior/S2602121246/4719aaaca64a49bda4a931c9b61dd568.json,audio/senior/S2602121246/4719aaaca64a49bda4a931c9b61dd568.wav
S2602121246,repeat_senior,퍼터커 반복 발음 과제 (어르신),5,커,senior_repeat_1770868207270_0yus809kg,2026-02-12T03:50:05.078038+00:00,media/audio/senior/S2602121246/cbe756bbf379419a9bf08805bfb4decb.json,audio/senior/S2602121246/cbe756bbf379419a9bf08805bfb4decb.wav
S66728,repeat_senior,퍼터커 반복 발음 과제 (어르신),4,커,senior_repeat_1769746288691_arvf7t9kh,2026-01-30T04:11:25.854438+00:00,media/audio/senior/S66728/9b713a8f6e8343e9bf17311be31c22e9.json,audio/senior/S66728/9b713a8f6e8343e9bf17311be31c22e9.wav
S66728,a_repeat_senior,아 반복 발음 과제 (어르신),,,session_1769746201281_ee8hf8csbtf,2026-01-30T04:09:58.401090+00:00,media/audio/senior/S66728/0886cbba603843b49423504d2c7131cf.json,audio/senior/S66728/0886cbba603843b49423504d2c7131cf.wav
S66728,repeat_senior,퍼터커 반복 발음 과제 (어르신),5,커,senior_repeat_1769746300220_8epdfvlyl,2026-01-30T04:11:37.334057+00:00,media/audio/senior/S66728/3a384c0e004d44068b817b19eafb40b3.json,audio/senior/S66728/3a384c0e004d44068b817b19eafb40b3.wav
S66728,a_repeat_senior,아 반복 발음 과제 (어르신),,,session_1769746211253_v615stzm42,2026-01-30T04:10:08.400243+00:00,media/audio/senior/S66728/a7086ce5ffc74507a4fcba84d84fb234.json,audio/senior/S66728/a7086ce5ffc74507a4fcba84d84fb234.wav
S66728,repeat_senior,퍼터커 반복 발음 과제 (어르신),2,터,senior_repeat_1769746263060_ax3faz8od,2026-01-30T04:11:00.397738+00:00,media/audio/senior/S66728/f3c82b69e8c1410691d88eebaeb6a82c.json,audio/senior/S66728/f3c82b69e8c1410691d88eebaeb6a82c.wav
S66728,repeat_senior,퍼터커 반복 발음 과제 (어르신),7,퍼터커,senior_repeat_1769746332953_n8oa6rqja,2026-01-30T04:12:10.085491+00:00,media/audio/senior/S66728/0219eb4bda484005bce61daad516cedc.json,audio/senior/S66728/0219eb4bda484005bce61daad516cedc.wav
S66728,repeat_senior,퍼터커 반복 발음 과제 (어르신),1,퍼,senior_repeat_1769746250027_3j6sp8brw,2026-01-30T04:10:47.158240+00:00,media/audio/senior/S66728/1924e1109d7b4b1ab001ca5d452ed5a2.json,audio/senior/S66728/1924e1109d7b4b1ab001ca5d452ed5a2.wav
S66728,repeat_senior,퍼터커 반복 발음 과제 (어르신),0,퍼,senior_repeat_1769746236889_ajyr3jso4,2026-01-30T04:10:34.002328+00:00,media/audio/senior/S66728/6683575f95e044799c0a0064447244fe.json,audio/senior/S66728/6683575f95e044799c0a0064447244fe.wav
S66728,repeat_senior,퍼터커 반복 발음 과제 (어르신),3,터,senior_repeat_1769746275188_thyyyp5ke,2026-01-30T04:11:12.331140+00:00,media/audio/senior/S66728/864af08a20754d9f82b33593822364ec.json,audio/senior/S66728/864af08a20754d9f82b33593822364ec.wav
S66728,repeat_senior,퍼터커 반복 발음 과제 (어르신),6,퍼터커,senior_repeat_1769746315408_8un0weh7n,2026-01-30T04:11:52.550529+00:00,media/audio/senior/S66728/51008592feaf47e09fdbd018491a2a79.json,audio/senior/S66728/51008592feaf47e09fdbd018491a2a79.wav
S46439,repeat_senior,퍼터커 반복 발음 과제 (어르신),0,퍼,senior_repeat_1761729484230_d4yy134nh,2025-10-29T09:18:04.767081+00:00,media/audio/senior/S46439/15179796303d4d9baf1477f48b0b3176.json,audio/senior/15179796303d4d9baf1477f48b0b3176.wav
S2602051327,a_repeat_senior,아 반복 발음 과제 (어르신),,,session_1770265800737_la99yl71zjd,2026-02-05T04:30:00.436982+00:00,media/audio/senior/S2602051327/80de03bf61b94ed1a8760ad5193a67dd.json,audio/senior/S2602051327/80de03bf61b94ed1a8760ad5193a67dd.wav
S2602051327,repeat_senior,퍼터커 반복 발음 과제 (어르신),1,퍼,senior_repeat_1770265840394_nf2nyr248,2026-02-05T04:30:40.325924+00:00,media/audio/senior/S2602051327/cb629e9d4ca34075b487e8a6ebddfc6a.json,audio/senior/S2602051327/cb629e9d4ca34075b487e8a6ebddfc6a.wav
S2602051327,repeat_senior,퍼터커 반복 발음 과제 (어르신),5,커,senior_repeat_1770265884476_01bu9dpxu,2026-02-05T04:31:24.142921+00:00,media/audio/senior/S2602051327/ccc041ebef4e4e6ea9cfef56a0d73a18.json,audio/senior/S2602051327/ccc041ebef4e4e6ea9cfef56a0d73a18.wav
S2602051327,repeat_senior,퍼터커 반복 발음 과제 (어르신),7,퍼터커,senior_repeat_1770265911922_478xwws5c,2026-02-05T04:31:51.941743+00:00,media/audio/senior/S2602051327/4c54dd435864452aae88ea187416ebfe.json,audio/senior/S2602051327/4c54dd435864452aae88ea187416ebfe.wav
S2602051327,repeat_senior,퍼터커 반복 발음 과제 (어르신),2,터,senior_repeat_1770265853581_a5cgk1epv,2026-02-05T04:30:53.381686+00:00,media/audio/senior/S2602051327/4a15af0b6f024e5ea8a82f1f9eb2bc89.json,audio/senior/S2602051327/4a15af0b6f024e5ea8a82f1f9eb2bc89.wav
S2602051327,repeat_senior,퍼터커 반복 발음 과제 (어르신),6,퍼터커,senior_repeat_1770265901191_b5hk9z2p7,2026-02-05T04:31:41.126319+00:00,media/audio/senior/S2602051327/c16feedb153b46a8be7f6a383d75cf20.json,audio/senior/S2602051327/c16feedb153b46a8be7f6a383d75cf20.wav
S2602051327,repeat_senior,퍼터커 반복 발음 과제 (어르신),4,커,senior_repeat_1770265874970_givz6jdx7,2026-02-05T04:31:14.903053+00:00,media/audio/senior/S2602051327/1a964c9d7754417caa7ee796e4531cdb.json,audio/senior/S2602051327/1a964c9d7754417caa7ee796e4531cdb.wav
S2602051327,repeat_senior,퍼터커 반복 발음 과제 (어르신),0,퍼,senior_repeat_1770265828678_g6aiwa9aw,2026-02-05T04:30:28.332547+00:00,media/audio/senior/S2602051327/8e843f5b31ed436b8fd0460504e20cf6.json,audio/senior/S2602051327/8e843f5b31ed436b8fd0460504e20cf6.wav
S2602051327,repeat_senior,퍼터커 반복 발음 과제 (어르신),3,터,senior_repeat_1770265864004_hn3bvizv1,2026-02-05T04:31:03.693734+00:00,media/audio/senior/S2602051327/c4725832241e4d4f90752c81c0f2b878.json,audio/senior/S2602051327/c4725832241e4d4f90752c81c0f2b878.wav
S2602051327,a_repeat_senior,아 반복 발음 과제 (어르신),,,session_1770265789585_4u6ohjgef09,2026-02-05T04:29:49.243426+00:00,media/audio/senior/S2602051327/6eae8a71a3fa4246be0cd2cecdb76289.json,audio/senior/S2602051327/6eae8a71a3fa4246be0cd2cecdb76289.wav
S06240,repeat_senior,퍼터커 반복 발음 과제 (어르신),2,터,senior_repeat_1764332155590_888k1xt7q,2025-11-28T12:15:55.317712+00:00,media/audio/senior/S06240/f2c4093235c3494fbb7718884b26c489.json,audio/senior/S06240/f2c4093235c3494fbb7718884b26c489.wav
S06240,repeat_senior,퍼터커 반복 발음 과제 (어르신),6,퍼터커,senior_repeat_1764332200925_o34jc0yby,2025-11-28T12:16:39.162824+00:00,media/audio/senior/S06240/fff4b1a65b5e454695e109f4b8c15440.json,audio/senior/S06240/fff4b1a65b5e454695e109f4b8c15440.wav
S06240,repeat_senior,퍼터커 반복 발음 과제 (어르신),0,퍼,senior_repeat_1764332075305_c0ukhzrhm,2025-11-28T12:14:35.804838+00:00,media/audio/senior/S06240/c88b93f1ce2d4fd29a957963fa2a076b.json,audio/senior/S06240/c88b93f1ce2d4fd29a957963fa2a076b.wav
S06240,repeat_senior,퍼터커 반복 발음 과제 (어르신),5,커,senior_repeat_1764332192100_yq0ugud7n,2025-11-28T12:16:30.567865+00:00,media/audio/senior/S06240/dd86f23a8d6046e19a8d8d0c265d4cd8.json,audio/senior/S06240/dd86f23a8d6046e19a8d8d0c265d4cd8.wav
S06240,repeat_senior,퍼터커 반복 발음 과제 (어르신),7,퍼터커,senior_repeat_1764332209082_7qp6hyi2v,2025-11-28T12:16:47.366275+00:00,media/audio/senior/S06240/44b27d8e83b1480b8f062620d6857124.json,audio/senior/S06240/44b27d8e83b1480b8f062620d6857124.wav
S06240,repeat_senior,퍼터커 반복 발음 과제 (어르신),3,터,senior_repeat_1764332164691_p2xduk6yx,2025-11-28T12:16:02.729525+00:00,media/audio/senior/S06240/003c10505db84fa58986c05a5a970500.json,audio/senior/S06240/003c10505db84fa58986c05a5a970500.wav
S06240,a_repeat_senior,아 반복 발음 과제 (어르신),,,session_1764331974979_bm31luofmn8,2025-11-28T12:12:55.749114+00:00,media/audio/senior/S06240/d7e8911e150a46c288f154765c4e380e.json,audio/senior/S06240/d7e8911e150a46c288f154765c4e380e.wav
S06240,repeat_senior,퍼터커 반복 발음 과제 (어르신),1,퍼,senior_repeat_1764332148669_sgqqfau78,2025-11-28T12:15:47.090409+00:00,media/audio/senior/S06240/0d89a942e27f4a0a834d4dade5066e51.json,audio/senior/S06240/0d89a942e27f4a0a834d4dade5066e51.wav
S06240,repeat_senior,퍼터커 반복 발음 과제 (어르신),1,퍼,senior_repeat_1764332086101_6bh7ug01q,2025-11-28T12:14:44.290221+00:00,media/audio/senior/S06240/13ffda584b1b43089fb2b34cd3a2c3f4.json,audio/senior/S06240/13ffda584b1b43089fb2b34cd3a2c3f4.wav
S06240,repeat_senior,퍼터커 반복 발음 과제 (어르신),0,퍼,senior_repeat_1764332141289_ajjcsqtyf,2025-11-28T12:15:39.128122+00:00,media/audio/senior/S06240/8df0891553414539b75621d91780c647.json,audio/senior/S06240/8df0891553414539b75621d91780c647.wav
S06240,a_repeat_senior,아 반복 발음 과제 (어르신),,,session_1764332007379_3lncvlzvhi,2025-11-28T12:13:25.733876+00:00,media/audio/senior/S06240/b33835eebc304a789326f302bdaa40ed.json,audio/senior/S06240/b33835eebc304a789326f302bdaa40ed.wav
S06240,repeat_senior,퍼터커 반복 발음 과제 (어르신),4,커,senior_repeat_1764332172498_igrqixdlb,2025-11-28T12:16:11.279164+00:00,media/audio/senior/S06240/061e6aeabc334f199e5ce8b5845d8fce.json,audio/senior/S06240/061e6aeabc334f199e5ce8b5845d8fce.wav
S81438,repeat_senior,퍼터커 반복 발음 과제 (어르신),4,커,senior_repeat_1764474302880_lh38nj2ca,2025-11-30T03:45:03.163201+00:00,media/audio/senior/S81438/6bd006a4cb1644ada9e83accfd7643c5.json,audio/senior/S81438/6bd006a4cb1644ada9e83accfd7643c5.wav
S81438,a_repeat_senior,아 반복 발음 과제 (어르신),,,session_1764474215176_tdkallfgdi,2025-11-30T03:43:35.447066+00:00,media/audio/senior/S81438/aee46c3bfea446048b881641f8de573f.json,audio/senior/S81438/aee46c3bfea446048b881641f8de573f.wav
S81438,repeat_senior,퍼터커 반복 발음 과제 (어르신),1,퍼,senior_repeat_1764474256989_zc27whvbk,2025-11-30T03:44:17.272016+00:00,media/audio/senior/S81438/361912b1696c4bdf8487579a70818402.json,audio/senior/S81438/361912b1696c4bdf8487579a70818402.wav
S81438,a_repeat_senior,아 반복 발음 과제 (어르신),,,session_1764474189971_a41sgyfqf7l,2025-11-30T03:43:10.313356+00:00,media/audio/senior/S81438/e6b9f36e30a040be84d44d12e1544f86.json,audio/senior/S81438/e6b9f36e30a040be84d44d12e1544f86.wav
S81438,repeat_senior,퍼터커 반복 발음 과제 (어르신),0,퍼,senior_repeat_1764474242431_9dc143i54,2025-11-30T03:44:02.706321+00:00,media/audio/senior/S81438/3f14f343caa445478656742b181456c1.json,audio/senior/S81438/3f14f343caa445478656742b181456c1.wav
S81438,repeat_senior,퍼터커 반복 발음 과제 (어르신),2,터,senior_repeat_1764474276981_w1l5bzqac,2025-11-30T03:44:37.274630+00:00,media/audio/senior/S81438/9f48b7e55ad540d981dd700a9ce3662e.json,audio/senior/S81438/9f48b7e55ad540d981dd700a9ce3662e.wav
S81438,repeat_senior,퍼터커 반복 발음 과제 (어르신),3,터,senior_repeat_1764474289345_q6ebl4mnj,2025-11-30T03:44:49.634839+00:00,media/audio/senior/S81438/febe9b04ba08495bacd4cc3694cdb50b.json,audio/senior/S81438/febe9b04ba08495bacd4cc3694cdb50b.wav
S81438,repeat_senior,퍼터커 반복 발음 과제 (어르신),6,퍼터커,senior_repeat_1764474328358_xzlu9jcfl,2025-11-30T03:45:28.625371+00:00,media/audio/senior/S81438/e166ca2eefdd4ae2a476663beadab5f8.json,audio/senior/S81438/e166ca2eefdd4ae2a476663beadab5f8.wav
S81438,repeat_senior,퍼터커 반복 발음 과제 (어르신),7,퍼터커,senior_repeat_1764474342727_ofvfctrnp,2025-11-30T03:45:43.000878+00:00,media/audio/senior/S81438/c9a98431cad54dc1aaf9ed84c6911c7c.json,audio/senior/S81438/c9a98431cad54dc1aaf9ed84c6911c7c.wav
S81438,repeat_senior,퍼터커 반복 발음 과제 (어르신),5,커,senior_repeat_1764474310115_mo56ekqyc,2025-11-30T03:45:10.383159+00:00,media/audio/senior/S81438/351dc08e5e2c4e72aea153f029e074f6.json,audio/senior/S81438/351dc08e5e2c4e72aea153f029e074f6.wav
S39809,repeat_senior,퍼터커 반복 발음 과제 (어르신),0,퍼,senior_repeat_1766401500490_qcjj4u54j,2025-12-22T11:04:57.545877+00:00,media/audio/senior/S39809/550c1391112e43f09df5c6b0a849f7fe.json,audio/senior/S39809/550c1391112e43f09df5c6b0a849f7fe.wav
S39809,repeat_senior,퍼터커 반복 발음 과제 (어르신),3,터,senior_repeat_1766401557402_2qb22dhrt,2025-12-22T11:05:54.448835+00:00,media/audio/senior/S39809/bbd38a0061004c9f8260aa5048c8a143.json,audio/senior/S39809/bbd38a0061004c9f8260aa5048c8a143.wav
S39809,repeat_senior,퍼터커 반복 발음 과제 (어르신),6,퍼터커,senior_repeat_1766401615633_bsxm6c7k3,2025-12-22T11:06:52.673834+00:00,media/audio/senior/S39809/1107ea29690842b9b685673698ed3737.json,audio/senior/S39809/1107ea29690842b9b685673698ed3737.wav
S39809,repeat_senior,퍼터커 반복 발음 과제 (어르신),5,커,senior_repeat_1766401596304_8upvs9jnl,2025-12-22T11:06:33.346190+00:00,media/audio/senior/S39809/429f472dfb884c92acc74486be79b079.json,audio/senior/S39809/429f472dfb884c92acc74486be79b079.wav
S39809,repeat_senior,퍼터커 반복 발음 과제 (어르신),1,퍼,senior_repeat_1766401518052_5mvqoz1a1,2025-12-22T11:05:15.096618+00:00,media/audio/senior/S39809/050af67de2ff497fb730ee82fb666a7c.json,audio/senior/S39809/050af67de2ff497fb730ee82fb666a7c.wav
S39809,repeat_senior,퍼터커 반복 발음 과제 (어르신),2,터,senior_repeat_1766401541980_vmczuius5,2025-12-22T11:05:39.038971+00:00,media/audio/senior/S39809/6c77990c1b374cde829c2997fe26e037.json,audio/senior/S39809/6c77990c1b374cde829c2997fe26e037.wav
S39809,repeat_senior,퍼터커 반복 발음 과제 (어르신),7,퍼터커,senior_repeat_1766401632529_tb8cz1bzf,2025-12-22T11:07:09.573950+00:00,media/audio/senior/S39809/a6e132658c254d3a9dba1299135ef446.json,audio/senior/S39809/a6e132658c254d3a9dba1299135ef446.wav
S39809,a_repeat_senior,아 반복 발음 과제 (어르신),,,session_1766401451867_jswnrvtdzd8,2025-12-22T11:04:08.995294+00:00,media/audio/senior/S39809/4e69018f736f4e319212dc2b183f1070.json,audio/senior/S39809/4e69018f736f4e319212dc2b183f1070.wav
S39809,a_repeat_senior,아 반복 발음 과제 (어르신),,,session_1766401467039_1qy18lr20b6,2025-12-22T11:04:24.103121+00:00,media/audio/senior/S39809/8a853962bda841deaf4bd98dced1eb61.json,audio/senior/S39809/8a853962bda841deaf4bd98dced1eb61.wav
S39809,repeat_senior,퍼터커 반복 발음 과제 (어르신),4,커,senior_repeat_1766401574012_ru6r02wr1,2025-12-22T11:06:11.058007+00:00,media/audio/senior/S39809/89e3d1e076ef407b8420981774fdfbef.json,audio/senior/S39809/89e3d1e076ef407b8420981774fdfbef.wav
S00261,repeat_senior,퍼터커 반복 발음 과제 (어르신),2,터,senior_repeat_1769735568317_wsmwpudeq,2026-01-30T01:12:46.019230+00:00,media/audio/senior/S00261/cc6b5d3772f5425fa6cdd15930c17054.json,audio/senior/S00261/cc6b5d3772f5425fa6cdd15930c17054.wav
S00261,repeat_senior,퍼터커 반복 발음 과제 (어르신),4,커,senior_repeat_1769735598032_gg5c3ixoa,2026-01-30T01:13:15.731511+00:00,media/audio/senior/S00261/77d9bedb0ccf443c9322a9c368120532.json,audio/senior/S00261/77d9bedb0ccf443c9322a9c368120532.wav
S00261,a_repeat_senior,아 반복 발음 과제 (어르신),,,session_1769735523737_s7r45mzhki,2026-01-30T01:12:01.457319+00:00,media/audio/senior/S00261/87a61b3da0bb4d96a577cf0efba7c65a.json,audio/senior/S00261/87a61b3da0bb4d96a577cf0efba7c65a.wav
S00261,a_repeat_senior,아 반복 발음 과제 (어르신),,,session_1769735513187_doivme3j6id,2026-01-30T01:11:50.994711+00:00,media/audio/senior/S00261/2eef09fb2a3443aaa552c194d638afb1.json,audio/senior/S00261/2eef09fb2a3443aaa552c194d638afb1.wav
S00261,repeat_senior,퍼터커 반복 발음 과제 (어르신),5,커,senior_repeat_1769735608089_r9ebqlobz,2026-01-30T01:13:25.817534+00:00,media/audio/senior/S00261/8ea86b807ca04e73845baae3af725718.json,audio/senior/S00261/8ea86b807ca04e73845baae3af725718.wav
S00261,repeat_senior,퍼터커 반복 발음 과제 (어르신),1,퍼,senior_repeat_1769735556178_z6tkqh9l7,2026-01-30T01:12:33.856773+00:00,media/audio/senior/S00261/92076e1e656a4af087c3f00f6710f081.json,audio/senior/S00261/92076e1e656a4af087c3f00f6710f081.wav
S00261,repeat_senior,퍼터커 반복 발음 과제 (어르신),3,터,senior_repeat_1769735578348_klxuj2r1c,2026-01-30T01:12:56.072421+00:00,media/audio/senior/S00261/cabf2524f7af4a8abfbfcc0ad4b8292c.json,audio/senior/S00261/cabf2524f7af4a8abfbfcc0ad4b8292c.wav
S00261,repeat_senior,퍼터커 반복 발음 과제 (어르신),6,퍼터커,senior_repeat_1769735621520_wnitkvrtl,2026-01-30T01:13:39.224257+00:00,media/audio/senior/S00261/557d3e1925c843b8a6d22b7fd51cd1b7.json,audio/senior/S00261/557d3e1925c843b8a6d22b7fd51cd1b7.wav
S00261,repeat_senior,퍼터커 반복 발음 과제 (어르신),0,퍼,senior_repeat_1769735546121_qtcla79nv,2026-01-30T01:12:23.826602+00:00,media/audio/senior/S00261/70019983a5584eaca5f5d90f046baf9d.json,audio/senior/S00261/70019983a5584eaca5f5d90f046baf9d.wav
S00261,repeat_senior,퍼터커 반복 발음 과제 (어르신),7,퍼터커,senior_repeat_1769735632104_u64r3xv9j,2026-01-30T01:13:49.816835+00:00,media/audio/senior/S00261/108be3aec30b4c14b410ab59f1eea0a6.json,audio/senior/S00261/108be3aec30b4c14b410ab59f1eea0a6.wav
S40491,repeat_senior,퍼터커 반복 발음 과제 (어르신),6,퍼터커,senior_repeat_1766904716644_iebnflh71,2025-12-28T06:51:55.508676+00:00,media/audio/senior/S40491/f40b09c74abf435190d89cf2a9a47e65.json,audio/senior/S40491/f40b09c74abf435190d89cf2a9a47e65.wav
S40491,repeat_senior,퍼터커 반복 발음 과제 (어르신),5,커,senior_repeat_1766904653767_u0ejvlzim,2025-12-28T06:50:52.636207+00:00,media/audio/senior/S40491/67827e9570a94b9a8a949494956a649b.json,audio/senior/S40491/67827e9570a94b9a8a949494956a649b.wav
S40491,repeat_senior,퍼터커 반복 발음 과제 (어르신),3,터,senior_repeat_1766904588954_jdoezirux,2025-12-28T06:49:47.830976+00:00,media/audio/senior/S40491/d4dced1bdebe4dedbda0c5706eb908e1.json,audio/senior/S40491/d4dced1bdebe4dedbda0c5706eb908e1.wav
S40491,repeat_senior,퍼터커 반복 발음 과제 (어르신),0,퍼,senior_repeat_1766904474567_f9khgj5hk,2025-12-28T06:47:53.449424+00:00,media/audio/senior/S40491/1114989f145c458fbb1c9599a8b14414.json,audio/senior/S40491/1114989f145c458fbb1c9599a8b14414.wav
S40491,a_repeat_senior,아 반복 발음 과제 (어르신),,,session_1766904448941_1alnp63sgg,2025-12-28T06:47:27.835919+00:00,media/audio/senior/S40491/e481befceb78408fb4eeb5a5d94a0c76.json,audio/senior/S40491/e481befceb78408fb4eeb5a5d94a0c76.wav
S40491,repeat_senior,퍼터커 반복 발음 과제 (어르신),1,퍼,senior_repeat_1766904490255_0ejhlx5kk,2025-12-28T06:48:09.131876+00:00,media/audio/senior/S40491/1d93f775b8864f1fbadc72df32d329a9.json,audio/senior/S40491/1d93f775b8864f1fbadc72df32d329a9.wav
S40491,repeat_senior,퍼터커 반복 발음 과제 (어르신),7,퍼터커,senior_repeat_1766904729174_t6mf704l7,2025-12-28T06:52:08.064634+00:00,media/audio/senior/S40491/ae2113af042349fea49948c4c351a422.json,audio/senior/S40491/ae2113af042349fea49948c4c351a422.wav
S40491,repeat_senior,퍼터커 반복 발음 과제 (어르신),4,커,senior_repeat_1766904639637_pa6cug7de,2025-12-28T06:50:38.509991+00:00,media/audio/senior/S40491/ca53f0ea45c84b39b8af07cd9696e6c7.json,audio/senior/S40491/ca53f0ea45c84b39b8af07cd9696e6c7.wav
S40491,a_repeat_senior,아 반복 발음 과제 (어르신),,,session_1766904418809_nsmu9fi536,2025-12-28T06:46:57.778979+00:00,media/audio/senior/S40491/593cf1a2a1de4b8b80697a682b30620a.json,audio/senior/S40491/593cf1a2a1de4b8b80697a682b30620a.wav
S40491,repeat_senior,퍼터커 반복 발음 과제 (어르신),2,터,senior_repeat_1766904525512_h1uzfo0xp,2025-12-28T06:48:44.390939+00:00,media/audio/senior/S40491/7f435331e9f6461caa5a5f6d65de0391.json,audio/senior/S40491/7f435331e9f6461caa5a5f6d65de0391.wav
S55332,repeat_senior,퍼터커 반복 발음 과제 (어르신),1,퍼,senior_repeat_1764564075322_3odhtzgmq,2025-12-01T04:41:15.670816+00:00,media/audio/senior/S55332/9971372a22c14d59a817cf5d0341f033.json,audio/senior/S55332/9971372a22c14d59a817cf5d0341f033.wav
S55332,repeat_senior,퍼터커 반복 발음 과제 (어르신),6,퍼터커,senior_repeat_1764564144162_vj5tkon91,2025-12-01T04:42:25.135776+00:00,media/audio/senior/S55332/c990d5f3ab12485cadea59bbd9a4855c.json,audio/senior/S55332/c990d5f3ab12485cadea59bbd9a4855c.wav
S55332,repeat_senior,퍼터커 반복 발음 과제 (어르신),4,커,senior_repeat_1764564115116_0d9k5nyms,2025-12-01T04:41:55.274811+00:00,media/audio/senior/S55332/9e05149a1b454fd484b48fe51c234f6f.json,audio/senior/S55332/9e05149a1b454fd484b48fe51c234f6f.wav
S55332,a_repeat_senior,아 반복 발음 과제 (어르신),,,session_1764564014669_lwoeqeipqg,2025-12-01T04:40:16.361008+00:00,media/audio/senior/S55332/b93a150da87a435095618a30a5695ebd.json,audio/senior/S55332/b93a150da87a435095618a30a5695ebd.wav
S55332,repeat_senior,퍼터커 반복 발음 과제 (어르신),0,퍼,senior_repeat_1764564051641_sr4fanguo,2025-12-01T04:40:55.149075+00:00,media/audio/senior/S55332/91d315a7a869435baab3b37153b36fe5.json,audio/senior/S55332/91d315a7a869435baab3b37153b36fe5.wav
S55332,repeat_senior,퍼터커 반복 발음 과제 (어르신),5,커,senior_repeat_1764564125868_c8vt64gjy,2025-12-01T04:42:05.884431+00:00,media/audio/senior/S55332/e3815c687e07429ea652c0b1bfced544.json,audio/senior/S55332/e3815c687e07429ea652c0b1bfced544.wav
S55332,repeat_senior,퍼터커 반복 발음 과제 (어르신),3,터,senior_repeat_1764564101380_297jo4894,2025-12-01T04:41:41.580296+00:00,media/audio/senior/S55332/7aab618ea17248fd8be3d77eba4dfc2f.json,audio/senior/S55332/7aab618ea17248fd8be3d77eba4dfc2f.wav
S55332,repeat_senior,퍼터커 반복 발음 과제 (어르신),2,터,senior_repeat_1764564089756_3pxgroeqv,2025-12-01T04:41:30.113969+00:00,media/audio/senior/S55332/c1e1b68d0c854049a7c837853b6c8653.json,audio/senior/S55332/c1e1b68d0c854049a7c837853b6c8653.wav
S55332,a_repeat_senior,아 반복 발음 과제 (어르신),,,session_1764563981912_ks6odu1rjb,2025-12-01T04:39:50.913699+00:00,media/audio/senior/S55332/e9df38689e984bcf84e4a2d0428ef3aa.json,audio/senior/S55332/e9df38689e984bcf84e4a2d0428ef3aa.wav
S55332,repeat_senior,퍼터커 반복 발음 과제 (어르신),7,퍼터커,senior_repeat_1764564163430_p04lwzwa1,2025-12-01T04:42:43.665892+00:00,media/audio/senior/S55332/d2de5bbdb9734fa28df5c63f48695258.json,audio/senior/S55332/d2de5bbdb9734fa28df5c63f48695258.wav
S52574,repeat_senior,퍼터커 반복 발음 과제 (어르신),3,터,senior_repeat_1769747502610_1r3avoic9,2026-01-30T04:31:39.723714+00:00,media/audio/senior/S52574/1a712c0e80b74a96879d2c2329ba6cc2.json,audio/senior/S52574/1a712c0e80b74a96879d2c2329ba6cc2.wav
S52574,repeat_senior,퍼터커 반복 발음 과제 (어르신),2,터,senior_repeat_1769747491795_hnrcy5i93,2026-01-30T04:31:28.905888+00:00,media/audio/senior/S52574/3bc7ebab921a4068b5a8d8428ce90196.json,audio/senior/S52574/3bc7ebab921a4068b5a8d8428ce90196.wav
S52574,repeat_senior,퍼터커 반복 발음 과제 (어르신),0,퍼,senior_repeat_1769747469306_4syb0nuf8,2026-01-30T04:31:06.421303+00:00,media/audio/senior/S52574/5a1a87f24bef4586a53a35ab3e9dd179.json,audio/senior/S52574/5a1a87f24bef4586a53a35ab3e9dd179.wav
S52574,repeat_senior,퍼터커 반복 발음 과제 (어르신),6,퍼터커,senior_repeat_1769747541618_bits71mb6,2026-01-30T04:32:18.724809+00:00,media/audio/senior/S52574/6121b44691b542f8a0fb52601ae52b02.json,audio/senior/S52574/6121b44691b542f8a0fb52601ae52b02.wav
S52574,repeat_senior,퍼터커 반복 발음 과제 (어르신),4,커,senior_repeat_1769747513559_sqkybvj4b,2026-01-30T04:31:50.698311+00:00,media/audio/senior/S52574/3c845e43049d4824a88516d957fe4be6.json,audio/senior/S52574/3c845e43049d4824a88516d957fe4be6.wav
S52574,a_repeat_senior,아 반복 발음 과제 (어르신),,,session_1769747426730_alcrd0r5y6t,2026-01-30T04:30:23.885117+00:00,media/audio/senior/S52574/6a309d25963f4037a7d531ef65a3bb2c.json,audio/senior/S52574/6a309d25963f4037a7d531ef65a3bb2c.wav
S52574,a_repeat_senior,아 반복 발음 과제 (어르신),,,session_1769747436653_ekqpfwkot8e,2026-01-30T04:30:33.758509+00:00,media/audio/senior/S52574/c215ed516af24b5e92382acb8fbcfd3c.json,audio/senior/S52574/c215ed516af24b5e92382acb8fbcfd3c.wav
S52574,repeat_senior,퍼터커 반복 발음 과제 (어르신),5,커,senior_repeat_1769747523704_41kkh0z7v,2026-01-30T04:32:00.808155+00:00,media/audio/senior/S52574/14f5cf07752d4befb4ca72c7b9b80657.json,audio/senior/S52574/14f5cf07752d4befb4ca72c7b9b80657.wav
S52574,repeat_senior,퍼터커 반복 발음 과제 (어르신),7,퍼터커,senior_repeat_1769747553756_vsdmtla5a,2026-01-30T04:32:30.878127+00:00,media/audio/senior/S52574/a8c9b43c07454bb7a0a9ee81ddf0937f.json,audio/senior/S52574/a8c9b43c07454bb7a0a9ee81ddf0937f.wav
S52574,repeat_senior,퍼터커 반복 발음 과제 (어르신),1,퍼,senior_repeat_1769747479655_wasczfooi,2026-01-30T04:31:16.773931+00:00,media/audio/senior/S52574/f645161206ba444ea048bb52b45dc9de.json,audio/senior/S52574/f645161206ba444ea048bb52b45dc9de.wav
S54478,a_repeat_senior,아 반복 발음 과제 (어르신),,,session_1761213996578_8c467i11mes,2025-10-23T10:06:34.784036+00:00,media/audio/senior/S54478/2c0ee18c50f34415a81146900c9105fa.json,audio/senior/2c0ee18c50f34415a81146900c9105fa.wav
S54478,repeat_senior,퍼터커 반복 발음 과제 (어르신),0,퍼,senior_repeat_1761214015562_b3g9e4hss,2025-10-23T10:06:53.775616+00:00,media/audio/senior/S54478/bf2746669d0c4ae187ee62f16bd69376.json,audio/senior/bf2746669d0c4ae187ee62f16bd69376.wav
S54478,a_repeat_senior,아 반복 발음 과제 (어르신),,,session_1761213991314_8couzu5s5ey,2025-10-23T10:06:29.555148+00:00,media/audio/senior/S54478/95f8b9bf66844861adb5bca9037667d0.json,audio/senior/95f8b9bf66844861adb5bca9037667d0.wav
S45893,repeat_senior,퍼터커 반복 발음 과제 (어르신),2,터,senior_repeat_1765974956512_f612eas0v,2025-12-17T12:35:55.868559+00:00,media/audio/senior/S45893/7641b02756fe4d6bb28634dd31e19621.json,audio/senior/S45893/7641b02756fe4d6bb28634dd31e19621.wav
S45893,repeat_senior,퍼터커 반복 발음 과제 (어르신),4,커,senior_repeat_1765974985352_m63aedk79,2025-12-17T12:36:23.835909+00:00,media/audio/senior/S45893/2b8a4aab1d594fae83c9a34429637fba.json,audio/senior/S45893/2b8a4aab1d594fae83c9a34429637fba.wav
S45893,repeat_senior,퍼터커 반복 발음 과제 (어르신),6,퍼터커,senior_repeat_1765975015013_m0ryd3vw9,2025-12-17T12:36:53.627228+00:00,media/audio/senior/S45893/5cc8a4979e7a4adfafb4711ffce7c876.json,audio/senior/S45893/5cc8a4979e7a4adfafb4711ffce7c876.wav
S45893,repeat_senior,퍼터커 반복 발음 과제 (어르신),3,터,senior_repeat_1765974971090_bbedccc75,2025-12-17T12:36:10.228535+00:00,media/audio/senior/S45893/e4101ec3bd544794ba52c8aa2e04bd17.json,audio/senior/S45893/e4101ec3bd544794ba52c8aa2e04bd17.wav
S45893,repeat_senior,퍼터커 반복 발음 과제 (어르신),1,퍼,senior_repeat_1765974939797_dqld58gtq,2025-12-17T12:35:38.450330+00:00,media/audio/senior/S45893/1a76c9a8956b40c1be4bc785979636a2.json,audio/senior/S45893/1a76c9a8956b40c1be4bc785979636a2.wav
S45893,a_repeat_senior,아 반복 발음 과제 (어르신),,,session_1765974885298_5scdl2swcsd,2025-12-17T12:34:43.948985+00:00,media/audio/senior/S45893/31a790c389fa43b78aa22750e5d02b98.json,audio/senior/S45893/31a790c389fa43b78aa22750e5d02b98.wav
S45893,repeat_senior,퍼터커 반복 발음 과제 (어르신),0,퍼,senior_repeat_1765974924078_5aqqur5mz,2025-12-17T12:35:23.427208+00:00,media/audio/senior/S45893/d9657a29ab1942c89472cfa8c186edb6.json,audio/senior/S45893/d9657a29ab1942c89472cfa8c186edb6.wav
S45893,a_repeat_senior,아 반복 발음 과제 (어르신),,,session_1765974900945_b4xcmph4d4h,2025-12-17T12:35:00.304638+00:00,media/audio/senior/S45893/eaf54e1a7cb24d089070d2e1fa4276b2.json,audio/senior/S45893/eaf54e1a7cb24d089070d2e1fa4276b2.wav
S45893,repeat_senior,퍼터커 반복 발음 과제 (어르신),7,퍼터커,senior_repeat_1765975031832_n4asz4gjh,2025-12-17T12:37:10.747556+00:00,media/audio/senior/S45893/01951a7c5ca5435882948c27786dabcc.json,audio/senior/S45893/01951a7c5ca5435882948c27786dabcc.wav
S45893,repeat_senior,퍼터커 반복 발음 과제 (어르신),5,커,senior_repeat_1765974999220_8o6wtgw0m,2025-12-17T12:36:37.860854+00:00,media/audio/senior/S45893/da37464cdef24774bd27e7349d91a33d.json,audio/senior/S45893/da37464cdef24774bd27e7349d91a33d.wav
S10436,a_repeat_senior,아 반복 발음 과제 (어르신),,,session_1761454061426_88utbm09xv2,2025-10-26T04:47:39.064140+00:00,media/audio/senior/S10436/7befa317cd7f4290bebd2a458c0a3960.json,audio/senior/7befa317cd7f4290bebd2a458c0a3960.wav
S10436,a_repeat_senior,아 반복 발음 과제 (어르신),,,session_1761454054935_x8tksnq6xua,2025-10-26T04:47:32.451509+00:00,media/audio/senior/S10436/f7bb43693fdf4ef8894dfed082ef6b1d.json,audio/senior/f7bb43693fdf4ef8894dfed082ef6b1d.wav
S87305,repeat_senior,퍼터커 반복 발음 과제 (어르신),1,퍼,senior_repeat_1769655135810_46ghoj3tm,2026-01-29T02:52:16.896677+00:00,media/audio/senior/S87305/25df5723c282431198dad2df187651cf.json,audio/senior/S87305/25df5723c282431198dad2df187651cf.wav
S87305,repeat_senior,퍼터커 반복 발음 과제 (어르신),4,커,senior_repeat_1769655183487_eqtp6ih1j,2026-01-29T02:53:04.632529+00:00,media/audio/senior/S87305/bfa67832db7c4643a82ad0ea7277a340.json,audio/senior/S87305/bfa67832db7c4643a82ad0ea7277a340.wav
S87305,repeat_senior,퍼터커 반복 발음 과제 (어르신),2,터,senior_repeat_1769655150802_i1639b19x,2026-01-29T02:52:32.292402+00:00,media/audio/senior/S87305/501b428bad7f49cf9b8b29e73e10b748.json,audio/senior/S87305/501b428bad7f49cf9b8b29e73e10b748.wav
S87305,repeat_senior,퍼터커 반복 발음 과제 (어르신),5,커,senior_repeat_1769655196241_7aju9q2z0,2026-01-29T02:53:17.260746+00:00,media/audio/senior/S87305/398ce3e5d53049d19ed07f8ab3a3946a.json,audio/senior/S87305/398ce3e5d53049d19ed07f8ab3a3946a.wav
S87305,repeat_senior,퍼터커 반복 발음 과제 (어르신),0,퍼,senior_repeat_1769655124167_88msj5zl1,2026-01-29T02:52:05.230289+00:00,media/audio/senior/S87305/a098ebac161b4c9d8bca7ccebebe0ed9.json,audio/senior/S87305/a098ebac161b4c9d8bca7ccebebe0ed9.wav
S87305,repeat_senior,퍼터커 반복 발음 과제 (어르신),7,퍼터커,senior_repeat_1769655227387_ybg27ayld,2026-01-29T02:53:48.841270+00:00,media/audio/senior/S87305/244b0b37d2204abf9a4e2e45aa654f79.json,audio/senior/S87305/244b0b37d2204abf9a4e2e45aa654f79.wav
S87305,repeat_senior,퍼터커 반복 발음 과제 (어르신),3,터,senior_repeat_1769655166316_bicggqp6w,2026-01-29T02:52:47.663897+00:00,media/audio/senior/S87305/a53520881bb64eafa9b2013da18ed23c.json,audio/senior/S87305/a53520881bb64eafa9b2013da18ed23c.wav
S87305,a_repeat_senior,아 반복 발음 과제 (어르신),,,session_1769655097436_cz4sd542t98,2026-01-29T02:51:38.166059+00:00,media/audio/senior/S87305/5678eb8a900048e9bb8597059bf103c2.json,audio/senior/S87305/5678eb8a900048e9bb8597059bf103c2.wav
S87305,a_repeat_senior,아 반복 발음 과제 (어르신),,,session_1769655106528_r85ug7iq9uk,2026-01-29T02:51:47.665771+00:00,media/audio/senior/S87305/c7dbda5ea493473ab7c0cd4bfc106fbf.json,audio/senior/S87305/c7dbda5ea493473ab7c0cd4bfc106fbf.wav
S87305,repeat_senior,퍼터커 반복 발음 과제 (어르신),6,퍼터커,senior_repeat_1769655215282_6ut6oj5kt,2026-01-29T02:53:36.091658+00:00,media/audio/senior/S87305/fc4e09dc0b9a4fd59ee6cd4536a3a40b.json,audio/senior/S87305/fc4e09dc0b9a4fd59ee6cd4536a3a40b.wav
S89745,repeat_senior,퍼터커 반복 발음 과제 (어르신),4,커,senior_repeat_1761212287780_mfilo3771,2025-10-23T09:38:04.494211+00:00,media/audio/senior/S89745/eed47147ecfe4033b2840b5824e6ac51.json,audio/senior/eed47147ecfe4033b2840b5824e6ac51.wav
S89745,repeat_senior,퍼터커 반복 발음 과제 (어르신),3,터,senior_repeat_1761212280181_q6f43cmis,2025-10-23T09:37:56.875643+00:00,media/audio/senior/S89745/be7df43c023b46efa38e7c60bac69c1a.json,audio/senior/be7df43c023b46efa38e7c60bac69c1a.wav
S89745,repeat_senior,퍼터커 반복 발음 과제 (어르신),1,퍼,senior_repeat_1761212267367_pu9x8dlod,2025-10-23T09:37:44.119137+00:00,media/audio/senior/S89745/6ce2514a4d864859a4ac70acdb797dc9.json,audio/senior/6ce2514a4d864859a4ac70acdb797dc9.wav
S89745,repeat_senior,퍼터커 반복 발음 과제 (어르신),5,커,senior_repeat_1761212294253_6nnga2h72,2025-10-23T09:38:10.967568+00:00,media/audio/senior/S89745/927f377e410c4e1ba132942b94dfa49e.json,audio/senior/927f377e410c4e1ba132942b94dfa49e.wav
S89745,repeat_senior,퍼터커 반복 발음 과제 (어르신),0,퍼,senior_repeat_1761212256363_it31sldd6,2025-10-23T09:37:33.090482+00:00,media/audio/senior/S89745/6c9c5cfb00594c6c8ff1d45b38578d26.json,audio/senior/6c9c5cfb00594c6c8ff1d45b38578d26.wav
S89745,repeat_senior,퍼터커 반복 발음 과제 (어르신),2,터,senior_repeat_1761212273345_rgiso2kl8,2025-10-23T09:37:50.059574+00:00,media/audio/senior/S89745/8892e6a23c314b439743e26f325e93e8.json,audio/senior/8892e6a23c314b439743e26f325e93e8.wav
S89745,repeat_senior,퍼터커 반복 발음 과제 (어르신),6,퍼터커,senior_repeat_1761212301835_5a05dqmbb,2025-10-23T09:38:18.559885+00:00,media/audio/senior/S89745/e6259ed9a8bd4175b93800827cc7a738.json,audio/senior/e6259ed9a8bd4175b93800827cc7a738.wav
S89745,repeat_senior,퍼터커 반복 발음 과제 (어르신),7,퍼터커,senior_repeat_1761212307013_p6rmpgyky,2025-10-23T09:38:23.715224+00:00,media/audio/senior/S89745/48282afec99c42a0bd07ecea4276abcd.json,audio/senior/48282afec99c42a0bd07ecea4276abcd.wav
S89745,a_repeat_senior,아 반복 발음 과제 (어르신),,,session_1761212245814_84i9ej7rgjt,2025-10-23T09:37:22.526392+00:00,media/audio/senior/S89745/70166fb70c484a1e8118b576b9f938a5.json,audio/senior/70166fb70c484a1e8118b576b9f938a5.wav
S89745,a_repeat_senior,아 반복 발음 과제 (어르신),,,session_1761212237323_yeu10q9flu,2025-10-23T09:37:14.089329+00:00,media/audio/senior/S89745/8f87716f44ac42e880e0a257de4cb2a7.json,audio/senior/8f87716f44ac42e880e0a257de4cb2a7.wav
S77841,repeat_senior,퍼터커 반복 발음 과제 (어르신),3,터,senior_repeat_1764931427785_589avsd2q,2025-12-05T10:43:48.488185+00:00,media/audio/senior/S77841/d1188fb3c9f144929cd331426b50abf5.json,audio/senior/S77841/d1188fb3c9f144929cd331426b50abf5.wav
S77841,a_repeat_senior,아 반복 발음 과제 (어르신),,,session_1764931144091_dqepiebqqlq,2025-12-05T10:39:04.598738+00:00,media/audio/senior/S77841/484d6df76c1d499ebc1ab7b63ef4859e.json,audio/senior/S77841/484d6df76c1d499ebc1ab7b63ef4859e.wav
S77841,repeat_senior,퍼터커 반복 발음 과제 (어르신),1,퍼,senior_repeat_1764931176028_ipn64s4i6,2025-12-05T10:39:36.816913+00:00,media/audio/senior/S77841/2fffcfaa90e24dd3a642c0842197b124.json,audio/senior/S77841/2fffcfaa90e24dd3a642c0842197b124.wav
S77841,a_repeat_senior,아 반복 발음 과제 (어르신),,,session_1764931132882_dkvfc08vocj,2025-12-05T10:38:53.882494+00:00,media/audio/senior/S77841/4c7974e445af490ab13e5d02e8a5663b.json,audio/senior/S77841/4c7974e445af490ab13e5d02e8a5663b.wav
S77841,a_repeat_senior,아 반복 발음 과제 (어르신),,,session_1764931114467_qs66u9roj0t,2025-12-05T10:38:35.063793+00:00,media/audio/senior/S77841/089194d47fb448029f9cd0c51a4f1f8a.json,audio/senior/S77841/089194d47fb448029f9cd0c51a4f1f8a.wav
S77841,repeat_senior,퍼터커 반복 발음 과제 (어르신),7,퍼터커,senior_repeat_1764931477335_adrwcleju,2025-12-05T10:44:38.300821+00:00,media/audio/senior/S77841/184cf010044c472d8b58ce3b0571e20f.json,audio/senior/S77841/184cf010044c472d8b58ce3b0571e20f.wav
S77841,repeat_senior,퍼터커 반복 발음 과제 (어르신),0,퍼,senior_repeat_1764931164896_zm63t307x,2025-12-05T10:39:25.664437+00:00,media/audio/senior/S77841/5a65dd09e2c149849ebc8e8665fada20.json,audio/senior/S77841/5a65dd09e2c149849ebc8e8665fada20.wav
S77841,repeat_senior,퍼터커 반복 발음 과제 (어르신),4,커,senior_repeat_1764931439343_21bjk8ir7,2025-12-05T10:44:00.162500+00:00,media/audio/senior/S77841/8fdac57cebd44d3da8b623bad14e5d23.json,audio/senior/S77841/8fdac57cebd44d3da8b623bad14e5d23.wav
S77841,repeat_senior,퍼터커 반복 발음 과제 (어르신),2,터,senior_repeat_1764931414164_4kah936p9,2025-12-05T10:43:34.981088+00:00,media/audio/senior/S77841/3439cfe9a5f2434b95c620acc85eddf2.json,audio/senior/S77841/3439cfe9a5f2434b95c620acc85eddf2.wav
S77841,repeat_senior,퍼터커 반복 발음 과제 (어르신),5,커,senior_repeat_1764931451610_iuknos67u,2025-12-05T10:44:12.534728+00:00,media/audio/senior/S77841/efe9270a57c74536bc16479e85dcaa97.json,audio/senior/S77841/efe9270a57c74536bc16479e85dcaa97.wav
S77841,repeat_senior,퍼터커 반복 발음 과제 (어르신),6,퍼터커,senior_repeat_1764931464308_4bx5vaunx,2025-12-05T10:44:25.474125+00:00,media/audio/senior/S77841/28c4838a9d274aefaaaeddaa3ced89f1.json,audio/senior/S77841/28c4838a9d274aefaaaeddaa3ced89f1.wav
S53432,repeat_senior,퍼터커 반복 발음 과제 (어르신),2,터,senior_repeat_1768292062226_4rvuagg9s,2026-01-13T08:14:20.667791+00:00,media/audio/senior/S53432/50a93dd5cd9d4762a117c102fc288248.json,audio/senior/S53432/50a93dd5cd9d4762a117c102fc288248.wav
S53432,a_repeat_senior,아 반복 발음 과제 (어르신),,,session_1768291980119_rylp97f00hb,2026-01-13T08:12:58.566742+00:00,media/audio/senior/S53432/99105afdabb64e468f93f96ba6c11976.json,audio/senior/S53432/99105afdabb64e468f93f96ba6c11976.wav
S53432,repeat_senior,퍼터커 반복 발음 과제 (어르신),1,퍼,senior_repeat_1768292047382_heoxrzbej,2026-01-13T08:14:05.411373+00:00,media/audio/senior/S53432/f2365147779e435581f168532c7aa84a.json,audio/senior/S53432/f2365147779e435581f168532c7aa84a.wav
S53432,repeat_senior,퍼터커 반복 발음 과제 (어르신),4,커,senior_repeat_1768292085486_doet812x1,2026-01-13T08:14:43.848282+00:00,media/audio/senior/S53432/48130f8b13a94256be1b69b378525b83.json,audio/senior/S53432/48130f8b13a94256be1b69b378525b83.wav
S53432,a_repeat_senior,아 반복 발음 과제 (어르신),,,session_1768292001306_crtd92zkrsq,2026-01-13T08:13:19.828962+00:00,media/audio/senior/S53432/ced8e54ceef64155ac42c9201649ec11.json,audio/senior/S53432/ced8e54ceef64155ac42c9201649ec11.wav
S53432,repeat_senior,퍼터커 반복 발음 과제 (어르신),5,커,senior_repeat_1768292096856_zzd7vu0zi,2026-01-13T08:14:54.871929+00:00,media/audio/senior/S53432/7cd88eb448b240229386e98e11eca8c0.json,audio/senior/S53432/7cd88eb448b240229386e98e11eca8c0.wav
S53432,repeat_senior,퍼터커 반복 발음 과제 (어르신),7,퍼터커,senior_repeat_1768292140111_45321jkgm,2026-01-13T08:15:38.659438+00:00,media/audio/senior/S53432/1baa8cbbf3ea4357af69d2c5d56ddf5e.json,audio/senior/S53432/1baa8cbbf3ea4357af69d2c5d56ddf5e.wav
S53432,repeat_senior,퍼터커 반복 발음 과제 (어르신),6,퍼터커,senior_repeat_1768292111600_ugctoh935,2026-01-13T08:15:09.843636+00:00,media/audio/senior/S53432/5a1bf900c3244760bcbe28ffcedaec7c.json,audio/senior/S53432/5a1bf900c3244760bcbe28ffcedaec7c.wav
S53432,repeat_senior,퍼터커 반복 발음 과제 (어르신),0,퍼,senior_repeat_1768292035728_5hpu78uti,2026-01-13T08:13:54.157512+00:00,media/audio/senior/S53432/44ee606629e34e6c96705f0bae29c58f.json,audio/senior/S53432/44ee606629e34e6c96705f0bae29c58f.wav
S53432,repeat_senior,퍼터커 반복 발음 과제 (어르신),3,터,senior_repeat_1768292073084_jdhcd7yxx,2026-01-13T08:14:31.149949+00:00,media/audio/senior/S53432/703a095b0cfb4a35b50b14ddcf52bae9.json,audio/senior/S53432/703a095b0cfb4a35b50b14ddcf52bae9.wav
S40142,repeat_senior,퍼터커 반복 발음 과제 (어르신),4,커,senior_repeat_1769777222605_mxv6pntvo,2026-01-30T12:47:03.221862+00:00,media/audio/senior/S40142/f3ee7507c47f4a68befda962a6df028d.json,audio/senior/S40142/f3ee7507c47f4a68befda962a6df028d.wav
S40142,a_repeat_senior,아 반복 발음 과제 (어르신),,,session_1769776973892_fo7u9nsmxr4,2026-01-30T12:42:54.554923+00:00,media/audio/senior/S40142/ede84444130b47d0bcdad2f8b5955b0e.json,audio/senior/S40142/ede84444130b47d0bcdad2f8b5955b0e.wav
S40142,a_repeat_senior,아 반복 발음 과제 (어르신),,,session_1769776938339_r3y1p3hwcuo,2026-01-30T12:42:19.080527+00:00,media/audio/senior/S40142/e6897f8eda394234aae5480a8aaf3a61.json,audio/senior/S40142/e6897f8eda394234aae5480a8aaf3a61.wav
S40142,repeat_senior,퍼터커 반복 발음 과제 (어르신),1,퍼,senior_repeat_1769777078795_1drrxatw4,2026-01-30T12:44:39.434031+00:00,media/audio/senior/S40142/afe816c8494645dfbc89db90b9858565.json,audio/senior/S40142/afe816c8494645dfbc89db90b9858565.wav
S40142,repeat_senior,퍼터커 반복 발음 과제 (어르신),6,퍼터커,senior_repeat_1769777355884_7ycfdbnnn,2026-01-30T12:49:16.522308+00:00,media/audio/senior/S40142/cdb372a70b244d378a1b31545dd844a8.json,audio/senior/S40142/cdb372a70b244d378a1b31545dd844a8.wav
S40142,repeat_senior,퍼터커 반복 발음 과제 (어르신),7,퍼터커,senior_repeat_1769777437027_gooq9pjpd,2026-01-30T12:50:37.657614+00:00,media/audio/senior/S40142/e1ece159ebe948f8aed0d623a6593f83.json,audio/senior/S40142/e1ece159ebe948f8aed0d623a6593f83.wav
S40142,repeat_senior,퍼터커 반복 발음 과제 (어르신),5,커,senior_repeat_1769777614132_fh1lnqti5,2026-01-30T12:53:34.758609+00:00,media/audio/senior/S40142/e2de2d9a9fd647a7bb79f1192755f284.json,audio/senior/S40142/e2de2d9a9fd647a7bb79f1192755f284.wav
S40142,repeat_senior,퍼터커 반복 발음 과제 (어르신),2,터,senior_repeat_1769777532478_3w37r0gpc,2026-01-30T12:52:13.087237+00:00,media/audio/senior/S40142/320b79f0a87b42c588a35ce8edf7285d.json,audio/senior/S40142/320b79f0a87b42c588a35ce8edf7285d.wav
S40142,repeat_senior,퍼터커 반복 발음 과제 (어르신),6,퍼터커,senior_repeat_1769777648438_bavx5uets,2026-01-30T12:54:09.067930+00:00,media/audio/senior/S40142/0bd401b60cda42dba3788bcbf11febe4.json,audio/senior/S40142/0bd401b60cda42dba3788bcbf11febe4.wav
S40142,repeat_senior,퍼터커 반복 발음 과제 (어르신),0,퍼,senior_repeat_1769777497917_79klh7pcn,2026-01-30T12:51:38.557403+00:00,media/audio/senior/S40142/f8a6cc04e62d407581061ed92743f45a.json,audio/senior/S40142/f8a6cc04e62d407581061ed92743f45a.wav
S40142,repeat_senior,퍼터커 반복 발음 과제 (어르신),5,커,senior_repeat_1769777291640_e1za6oe88,2026-01-30T12:48:12.290912+00:00,media/audio/senior/S40142/3040733fda23492c90727e61e84d81cc.json,audio/senior/S40142/3040733fda23492c90727e61e84d81cc.wav
S40142,repeat_senior,퍼터커 반복 발음 과제 (어르신),7,퍼터커,senior_repeat_1769777672674_li6em0fvl,2026-01-30T12:54:33.337505+00:00,media/audio/senior/S40142/e57495403bcd46d9b33f7a1a2898c063.json,audio/senior/S40142/e57495403bcd46d9b33f7a1a2898c063.wav
S40142,repeat_senior,퍼터커 반복 발음 과제 (어르신),2,터,senior_repeat_1769777108294_5k6hahaew,2026-01-30T12:45:08.910371+00:00,media/audio/senior/S40142/914be05ff86a4660b667f16e0bdf2d41.json,audio/senior/S40142/914be05ff86a4660b667f16e0bdf2d41.wav
S40142,repeat_senior,퍼터커 반복 발음 과제 (어르신),3,터,senior_repeat_1769777571343_nzjrh6uu7,2026-01-30T12:52:51.975412+00:00,media/audio/senior/S40142/f43573f91027496c8d572040ce8b1dfe.json,audio/senior/S40142/f43573f91027496c8d572040ce8b1dfe.wav
S40142,repeat_senior,퍼터커 반복 발음 과제 (어르신),4,커,senior_repeat_1769777593007_hp9xgw6cl,2026-01-30T12:53:13.633124+00:00,media/audio/senior/S40142/5686ad0290d54e34803f396152c53744.json,audio/senior/S40142/5686ad0290d54e34803f396152c53744.wav
S40142,repeat_senior,퍼터커 반복 발음 과제 (어르신),1,퍼,senior_repeat_1769777517510_shi1v8560,2026-01-30T12:51:58.141671+00:00,media/audio/senior/S40142/b12c302ddc794374b6dc879b3e717bd6.json,audio/senior/S40142/b12c302ddc794374b6dc879b3e717bd6.wav
S40142,repeat_senior,퍼터커 반복 발음 과제 (어르신),3,터,senior_repeat_1769777164083_vm5txa021,2026-01-30T12:46:04.711248+00:00,media/audio/senior/S40142/5d987c5615ee4118973b59b2b2beef22.json,audio/senior/S40142/5d987c5615ee4118973b59b2b2beef22.wav
S40142,repeat_senior,퍼터커 반복 발음 과제 (어르신),0,퍼,senior_repeat_1769777040785_ij90a5ls4,2026-01-30T12:44:01.422320+00:00,media/audio/senior/S40142/f1c4b23b067b46208b2d601912bb6815.json,audio/senior/S40142/f1c4b23b067b46208b2d601912bb6815.wav
S33167,repeat_senior,퍼터커 반복 발음 과제 (어르신),7,퍼터커,senior_repeat_1768624650261_rbbllhh8a,2026-01-17T04:37:28.330317+00:00,media/audio/senior/S33167/41b41e9272384860b65c4dcad09af537.json,audio/senior/S33167/41b41e9272384860b65c4dcad09af537.wav
S33167,repeat_senior,퍼터커 반복 발음 과제 (어르신),1,퍼,senior_repeat_1768624592411_z3dsdqkoq,2026-01-17T04:36:30.517151+00:00,media/audio/senior/S33167/b69132a37ffe4669a2c071235e4a8f39.json,audio/senior/S33167/b69132a37ffe4669a2c071235e4a8f39.wav
S33167,repeat_senior,퍼터커 반복 발음 과제 (어르신),0,퍼,senior_repeat_1768624582315_irvlgq6uy,2026-01-17T04:36:20.520985+00:00,media/audio/senior/S33167/ab391cea4e60446ea1a9c1382954bb32.json,audio/senior/S33167/ab391cea4e60446ea1a9c1382954bb32.wav
S33167,repeat_senior,퍼터커 반복 발음 과제 (어르신),5,커,senior_repeat_1768624625405_hatwhnzrb,2026-01-17T04:37:03.462882+00:00,media/audio/senior/S33167/326c447eedb8496e89b649d9c170efea.json,audio/senior/S33167/326c447eedb8496e89b649d9c170efea.wav
S33167,repeat_senior,퍼터커 반복 발음 과제 (어르신),6,퍼터커,senior_repeat_1768624640846_2d1qejgkm,2026-01-17T04:37:19.067595+00:00,media/audio/senior/S33167/17d6ee07a0dd46a69ac40077bf6b2151.json,audio/senior/S33167/17d6ee07a0dd46a69ac40077bf6b2151.wav
S33167,repeat_senior,퍼터커 반복 발음 과제 (어르신),4,커,senior_repeat_1768624618188_j8qr0zz7o,2026-01-17T04:36:56.250876+00:00,media/audio/senior/S33167/a8f9b1bd57a14e9d8ca7f2f46ab495a9.json,audio/senior/S33167/a8f9b1bd57a14e9d8ca7f2f46ab495a9.wav
S33167,a_repeat_senior,아 반복 발음 과제 (어르신),,,session_1768624554819_c7dic4wplt,2026-01-17T04:35:52.854876+00:00,media/audio/senior/S33167/2c8456c46da14fdbac32dc492ed9b625.json,audio/senior/S33167/2c8456c46da14fdbac32dc492ed9b625.wav
S33167,repeat_senior,퍼터커 반복 발음 과제 (어르신),2,터,senior_repeat_1768624602130_r0l354m2g,2026-01-17T04:36:40.229968+00:00,media/audio/senior/S33167/3453cfe68ab44a3e9918d784f052c1f3.json,audio/senior/S33167/3453cfe68ab44a3e9918d784f052c1f3.wav
S33167,repeat_senior,퍼터커 반복 발음 과제 (어르신),3,터,senior_repeat_1768624610170_h1omg8cks,2026-01-17T04:36:48.243071+00:00,media/audio/senior/S33167/6671c2438fcd457cb70671d48100320e.json,audio/senior/S33167/6671c2438fcd457cb70671d48100320e.wav
S33167,a_repeat_senior,아 반복 발음 과제 (어르신),,,session_1768624566941_2uobrw28kz2,2026-01-17T04:36:05.014848+00:00,media/audio/senior/S33167/334e3cf5c37440dab36a79e7a756ef79.json,audio/senior/S33167/334e3cf5c37440dab36a79e7a756ef79.wav
S85697,repeat_senior,퍼터커 반복 발음 과제 (어르신),4,커,senior_repeat_1761787599435_czmjvv3n9,2025-10-30T01:26:39.337380+00:00,media/audio/senior/S85697/554c6e272e0c486fafe00e2f1664051a.json,audio/senior/554c6e272e0c486fafe00e2f1664051a.wav
S85697,repeat_senior,퍼터커 반복 발음 과제 (어르신),0,퍼,senior_repeat_1761787583925_9mzmp8ci5,2025-10-30T01:26:23.844152+00:00,media/audio/senior/S85697/394ebcb1215c4f2faff17343011da352.json,audio/senior/394ebcb1215c4f2faff17343011da352.wav
S85697,repeat_senior,퍼터커 반복 발음 과제 (어르신),3,터,senior_repeat_1761787595093_t3jriks4m,2025-10-30T01:26:34.981827+00:00,media/audio/senior/S85697/a3ad30c01fc74fd0b30496c8a0b5a2ad.json,audio/senior/a3ad30c01fc74fd0b30496c8a0b5a2ad.wav
S85697,repeat_senior,퍼터커 반복 발음 과제 (어르신),7,퍼터커,senior_repeat_1761787607870_cjiycj81z,2025-10-30T01:26:47.760724+00:00,media/audio/senior/S85697/a0c3617a9cef4fa69291bfa677b007fb.json,audio/senior/a0c3617a9cef4fa69291bfa677b007fb.wav
S85697,repeat_senior,퍼터커 반복 발음 과제 (어르신),1,퍼,senior_repeat_1761787589161_va72n5wkz,2025-10-30T01:26:29.058535+00:00,media/audio/senior/S85697/d6094f6439254f9ab4ed5b2e15369049.json,audio/senior/d6094f6439254f9ab4ed5b2e15369049.wav
S85697,repeat_senior,퍼터커 반복 발음 과제 (어르신),5,커,senior_repeat_1761787602356_lexrarvll,2025-10-30T01:26:42.253340+00:00,media/audio/senior/S85697/05d7721bb6624accb900a9c98dfc86f6.json,audio/senior/05d7721bb6624accb900a9c98dfc86f6.wav
S85697,repeat_senior,퍼터커 반복 발음 과제 (어르신),6,퍼터커,senior_repeat_1761787605288_gkbvtcr5v,2025-10-30T01:26:45.184666+00:00,media/audio/senior/S85697/f47ddcf74f9f4de9aafebbb30cb57c5d.json,audio/senior/f47ddcf74f9f4de9aafebbb30cb57c5d.wav
S85697,a_repeat_senior,아 반복 발음 과제 (어르신),,,session_1761787568397_hlng0ek813g,2025-10-30T01:26:08.344739+00:00,media/audio/senior/S85697/3d54129464d841098cd65da75680c2a2.json,audio/senior/3d54129464d841098cd65da75680c2a2.wav
S85697,a_repeat_senior,아 반복 발음 과제 (어르신),,,session_1761787571290_epqlq7rm0br,2025-10-30T01:26:11.185898+00:00,media/audio/senior/S85697/fa626875fdd74cb785a2d9ed47621eef.json,audio/senior/fa626875fdd74cb785a2d9ed47621eef.wav
S85697,repeat_senior,퍼터커 반복 발음 과제 (어르신),2,터,senior_repeat_1761787592181_veoxy25bc,2025-10-30T01:26:32.082711+00:00,media/audio/senior/S85697/41d7986bf7fc410e9b5a6be85d637f4b.json,audio/senior/41d7986bf7fc410e9b5a6be85d637f4b.wav
S93076,repeat_senior,퍼터커 반복 발음 과제 (어르신),5,커,senior_repeat_1764292353989_2ncsfjgi6,2025-11-28T01:12:32.306332+00:00,media/audio/senior/S93076/38b77b99d0e9426fb2ad6356775aa8f8.json,audio/senior/S93076/38b77b99d0e9426fb2ad6356775aa8f8.wav
S93076,repeat_senior,퍼터커 반복 발음 과제 (어르신),0,퍼,senior_repeat_1764292297199_rbkuyo40c,2025-11-28T01:11:35.482722+00:00,media/audio/senior/S93076/431a819405954c2889e184fd47e0f06a.json,audio/senior/S93076/431a819405954c2889e184fd47e0f06a.wav
S93076,repeat_senior,퍼터커 반복 발음 과제 (어르신),7,퍼터커,senior_repeat_1764292377635_eh06wb9ol,2025-11-28T01:12:55.951975+00:00,media/audio/senior/S93076/0bce19eb362747b5b389c86df4ab6233.json,audio/senior/S93076/0bce19eb362747b5b389c86df4ab6233.wav
S93076,repeat_senior,퍼터커 반복 발음 과제 (어르신),4,커,senior_repeat_1764292343039_hh1ravx97,2025-11-28T01:12:21.347891+00:00,media/audio/senior/S93076/f9699a34971d4ccc9a5decb74ac70737.json,audio/senior/S93076/f9699a34971d4ccc9a5decb74ac70737.wav
S93076,a_repeat_senior,아 반복 발음 과제 (어르신),,,session_1764292279080_q5uedh0q4l,2025-11-28T01:11:17.381479+00:00,media/audio/senior/S93076/7e89b21a83cb4a33b93eb4f2fdbdc5ab.json,audio/senior/S93076/7e89b21a83cb4a33b93eb4f2fdbdc5ab.wav
S93076,repeat_senior,퍼터커 반복 발음 과제 (어르신),2,터,senior_repeat_1764292319919_j3n1r9vgk,2025-11-28T01:11:58.236054+00:00,media/audio/senior/S93076/f748c1d978b047cea714d02a7df99a9c.json,audio/senior/S93076/f748c1d978b047cea714d02a7df99a9c.wav
S93076,repeat_senior,퍼터커 반복 발음 과제 (어르신),3,터,senior_repeat_1764292330547_57ke99q73,2025-11-28T01:12:08.866728+00:00,media/audio/senior/S93076/0f9e31313364401faf5af72f361fd909.json,audio/senior/S93076/0f9e31313364401faf5af72f361fd909.wav
S93076,repeat_senior,퍼터커 반복 발음 과제 (어르신),1,퍼,senior_repeat_1764292307643_66ks5p9v3,2025-11-28T01:11:45.935235+00:00,media/audio/senior/S93076/e27fd672834a4515ba91eb0aa093d5be.json,audio/senior/S93076/e27fd672834a4515ba91eb0aa093d5be.wav
S93076,repeat_senior,퍼터커 반복 발음 과제 (어르신),6,퍼터커,senior_repeat_1764292366683_il7cqkjoz,2025-11-28T01:12:45.016771+00:00,media/audio/senior/S93076/502673e5ed3449f3b469be635433e2d2.json,audio/senior/S93076/502673e5ed3449f3b469be635433e2d2.wav
S93076,a_repeat_senior,아 반복 발음 과제 (어르신),,,session_1764292267264_z983th92lo,2025-11-28T01:11:05.679320+00:00,media/audio/senior/S93076/90961f9b80c440fd9dccf28b97d9c0ec.json,audio/senior/S93076/90961f9b80c440fd9dccf28b97d9c0ec.wav
S32521,a_repeat_senior,아 반복 발음 과제 (어르신),,,session_1769481829107_qqca847lsh,2026-01-27T02:43:50.037879+00:00,media/audio/senior/S32521/6a59edfcd90549eba7a56e10e6776162.json,audio/senior/S32521/6a59edfcd90549eba7a56e10e6776162.wav
S32521,repeat_senior,퍼터커 반복 발음 과제 (어르신),6,퍼터커,senior_repeat_1769482040027_90u7rsusq,2026-01-27T02:47:21.524868+00:00,media/audio/senior/S32521/a9c405f2809f49f2b51ed3ae1573b6b4.json,audio/senior/S32521/a9c405f2809f49f2b51ed3ae1573b6b4.wav
S32521,repeat_senior,퍼터커 반복 발음 과제 (어르신),2,터,senior_repeat_1769481946543_6lfom2yxh,2026-01-27T02:45:47.453771+00:00,media/audio/senior/S32521/7ac6604faa844852a9b76ac1af60c889.json,audio/senior/S32521/7ac6604faa844852a9b76ac1af60c889.wav
S32521,repeat_senior,퍼터커 반복 발음 과제 (어르신),4,커,senior_repeat_1769481990483_o79cq772k,2026-01-27T02:46:31.450489+00:00,media/audio/senior/S32521/eb0f68f0006642f1baf1856ba94838ab.json,audio/senior/S32521/eb0f68f0006642f1baf1856ba94838ab.wav
S32521,repeat_senior,퍼터커 반복 발음 과제 (어르신),3,터,senior_repeat_1769481969880_dbq12l0va,2026-01-27T02:46:10.697269+00:00,media/audio/senior/S32521/386fcd42569a421f9bdde5afc0bebc7d.json,audio/senior/S32521/386fcd42569a421f9bdde5afc0bebc7d.wav
S32521,repeat_senior,퍼터커 반복 발음 과제 (어르신),7,퍼터커,senior_repeat_1769482068508_x3h7gmlnp,2026-01-27T02:47:49.616511+00:00,media/audio/senior/S32521/0cdfa56d9ea248c8ac5b26d0a0f62873.json,audio/senior/S32521/0cdfa56d9ea248c8ac5b26d0a0f62873.wav
S32521,repeat_senior,퍼터커 반복 발음 과제 (어르신),1,퍼,senior_repeat_1769481923715_tdggxlyyf,2026-01-27T02:45:24.689386+00:00,media/audio/senior/S32521/77777477678a4aec9905848eaba8c7f8.json,audio/senior/S32521/77777477678a4aec9905848eaba8c7f8.wav
S32521,a_repeat_senior,아 반복 발음 과제 (어르신),,,session_1769481862290_4rsmx5d1nuh,2026-01-27T02:44:23.346475+00:00,media/audio/senior/S32521/bc122decc96e4f74b7b4b111d4120b80.json,audio/senior/S32521/bc122decc96e4f74b7b4b111d4120b80.wav
S32521,repeat_senior,퍼터커 반복 발음 과제 (어르신),5,커,senior_repeat_1769482011321_4vuo1xgqf,2026-01-27T02:46:52.176302+00:00,media/audio/senior/S32521/468214d912cc43aaa67d32bce34c5e09.json,audio/senior/S32521/468214d912cc43aaa67d32bce34c5e09.wav
S32521,repeat_senior,퍼터커 반복 발음 과제 (어르신),0,퍼,senior_repeat_1769481898819_6ovwz95ma,2026-01-27T02:44:59.695147+00:00,media/audio/senior/S32521/9d50e9d399834417aae82bf3a870a6a6.json,audio/senior/S32521/9d50e9d399834417aae82bf3a870a6a6.wav
S05701,a_repeat_senior,아 반복 발음 과제 (어르신),,,session_1764394883752_eua750v4b5s,2025-11-29T05:41:23.875501+00:00,media/audio/senior/S05701/c31c38c5a6c24da68eeedca475093431.json,audio/senior/S05701/c31c38c5a6c24da68eeedca475093431.wav
S05701,repeat_senior,퍼터커 반복 발음 과제 (어르신),6,퍼터커,senior_repeat_1764394965780_5frx80xnc,2025-11-29T05:42:45.914335+00:00,media/audio/senior/S05701/4fc0ddcd74b64ecca37431e04d96b47e.json,audio/senior/S05701/4fc0ddcd74b64ecca37431e04d96b47e.wav
S05701,a_repeat_senior,아 반복 발음 과제 (어르신),,,session_1764394867159_hc6vmxw08f,2025-11-29T05:41:07.308277+00:00,media/audio/senior/S05701/a6bc426b14e8446090ef2b6cca6f9df0.json,audio/senior/S05701/a6bc426b14e8446090ef2b6cca6f9df0.wav
S05701,repeat_senior,퍼터커 반복 발음 과제 (어르신),2,터,senior_repeat_1764394922582_to8feo1vw,2025-11-29T05:42:02.679813+00:00,media/audio/senior/S05701/855d867bca12418e895fa5f89d80d890.json,audio/senior/S05701/855d867bca12418e895fa5f89d80d890.wav
S05701,repeat_senior,퍼터커 반복 발음 과제 (어르신),5,커,senior_repeat_1764394954476_e7y8n02m6,2025-11-29T05:42:34.573219+00:00,media/audio/senior/S05701/1dd9d24edab5427fa574eb666ccbb77e.json,audio/senior/S05701/1dd9d24edab5427fa574eb666ccbb77e.wav
S05701,repeat_senior,퍼터커 반복 발음 과제 (어르신),0,퍼,senior_repeat_1764394901468_zyrffpxxz,2025-11-29T05:41:41.600761+00:00,media/audio/senior/S05701/195f68eb0efe49a380adfd7fc9c55b1a.json,audio/senior/S05701/195f68eb0efe49a380adfd7fc9c55b1a.wav
S05701,repeat_senior,퍼터커 반복 발음 과제 (어르신),7,퍼터커,senior_repeat_1764394974361_54dc38mcq,2025-11-29T05:42:54.471254+00:00,media/audio/senior/S05701/4fc44dc9fffe47f29685164d4a161e8c.json,audio/senior/S05701/4fc44dc9fffe47f29685164d4a161e8c.wav
S05701,repeat_senior,퍼터커 반복 발음 과제 (어르신),3,터,senior_repeat_1764394934532_8rlqf201y,2025-11-29T05:42:14.631399+00:00,media/audio/senior/S05701/f59d1fd997dc433caeb4fd7cc110e83f.json,audio/senior/S05701/f59d1fd997dc433caeb4fd7cc110e83f.wav
S05701,repeat_senior,퍼터커 반복 발음 과제 (어르신),4,커,senior_repeat_1764394945125_bvohbjrkb,2025-11-29T05:42:25.226726+00:00,media/audio/senior/S05701/6ad3fae6acf8434599690ac83a23cdbf.json,audio/senior/S05701/6ad3fae6acf8434599690ac83a23cdbf.wav
S05701,repeat_senior,퍼터커 반복 발음 과제 (어르신),1,퍼,senior_repeat_1764394912043_oiqhvpe75,2025-11-29T05:41:52.148348+00:00,media/audio/senior/S05701/8fc0451a96d84f3da2edfb859f225f28.json,audio/senior/S05701/8fc0451a96d84f3da2edfb859f225f28.wav
S34818,repeat_senior,퍼터커 반복 발음 과제 (어르신),1,퍼,senior_repeat_1765024979852_wiwzdieva,2025-12-06T12:42:59.691680+00:00,media/audio/senior/S34818/ffdba8d68f404d56bf5f9fb192853fd7.json,audio/senior/S34818/ffdba8d68f404d56bf5f9fb192853fd7.wav
S34818,a_repeat_senior,아 반복 발음 과제 (어르신),,,session_1765024944890_mnhtmefh0zd,2025-12-06T12:42:24.747463+00:00,media/audio/senior/S34818/b1df7efdf258400c8e117d69edb1e7ca.json,audio/senior/S34818/b1df7efdf258400c8e117d69edb1e7ca.wav
S34818,repeat_senior,퍼터커 반복 발음 과제 (어르신),4,커,senior_repeat_1765025034825_88nwhu6dd,2025-12-06T12:43:54.674661+00:00,media/audio/senior/S34818/34b37255be8d44b58a567653e24199af.json,audio/senior/S34818/34b37255be8d44b58a567653e24199af.wav
S34818,a_repeat_senior,아 반복 발음 과제 (어르신),,,session_1765024928100_rxvzwa2ofxm,2025-12-06T12:42:08.011708+00:00,media/audio/senior/S34818/68393f3023274d62911a8ed26cacde98.json,audio/senior/S34818/68393f3023274d62911a8ed26cacde98.wav
S34818,repeat_senior,퍼터커 반복 발음 과제 (어르신),3,터,senior_repeat_1765025016707_i9qjpmlgn,2025-12-06T12:43:36.559345+00:00,media/audio/senior/S34818/d730199007ca41c7b7c4d5fe27e8414a.json,audio/senior/S34818/d730199007ca41c7b7c4d5fe27e8414a.wav
S34818,repeat_senior,퍼터커 반복 발음 과제 (어르신),0,퍼,senior_repeat_1765024966358_kbrabvl7t,2025-12-06T12:42:46.202282+00:00,media/audio/senior/S34818/2643948643a242c7ba2bfb756a56aabb.json,audio/senior/S34818/2643948643a242c7ba2bfb756a56aabb.wav
S34818,repeat_senior,퍼터커 반복 발음 과제 (어르신),7,퍼터커,senior_repeat_1765025093943_q4q7478u6,2025-12-06T12:44:53.790241+00:00,media/audio/senior/S34818/57a0fa4c00bc4465aa8534689c982780.json,audio/senior/S34818/57a0fa4c00bc4465aa8534689c982780.wav
S34818,repeat_senior,퍼터커 반복 발음 과제 (어르신),5,커,senior_repeat_1765025051036_6juy4xtpa,2025-12-06T12:44:10.897761+00:00,media/audio/senior/S34818/20b507820bb04229821f972be84e171f.json,audio/senior/S34818/20b507820bb04229821f972be84e171f.wav
S34818,repeat_senior,퍼터커 반복 발음 과제 (어르신),2,터,senior_repeat_1765024997580_hn19t9o73,2025-12-06T12:43:17.420228+00:00,media/audio/senior/S34818/c643b19f688c4eaaa7490bcd8556069e.json,audio/senior/S34818/c643b19f688c4eaaa7490bcd8556069e.wav
S34818,repeat_senior,퍼터커 반복 발음 과제 (어르신),6,퍼터커,senior_repeat_1765025074180_n7y0trn0p,2025-12-06T12:44:34.037736+00:00,media/audio/senior/S34818/6566f8dbfdf04ecd9ada4a25cdc5ba01.json,audio/senior/S34818/6566f8dbfdf04ecd9ada4a25cdc5ba01.wav
S77950,repeat_senior,퍼터커 반복 발음 과제 (어르신),6,퍼터커,senior_repeat_1769488138296_5370akvuk,2026-01-27T04:28:58.987536+00:00,media/audio/senior/S77950/61ce3473436b4a5f85a572888deb42c1.json,audio/senior/S77950/61ce3473436b4a5f85a572888deb42c1.wav
S77950,a_repeat_senior,아 반복 발음 과제 (어르신),,,session_1769487998571_dyr9ximmx4o,2026-01-27T04:26:39.422166+00:00,media/audio/senior/S77950/e1f3ccf102fa4f9a8eb71fb0bc58cbfb.json,audio/senior/S77950/e1f3ccf102fa4f9a8eb71fb0bc58cbfb.wav
S77950,repeat_senior,퍼터커 반복 발음 과제 (어르신),4,커,senior_repeat_1769488097323_8vvtubyha,2026-01-27T04:28:17.825172+00:00,media/audio/senior/S77950/72bde2daa8bb482aa1a4c2bb4678a361.json,audio/senior/S77950/72bde2daa8bb482aa1a4c2bb4678a361.wav
S77950,a_repeat_senior,아 반복 발음 과제 (어르신),,,session_1769487973138_g790fy4n5wh,2026-01-27T04:26:13.583344+00:00,media/audio/senior/S77950/4838c83033e14de9a54dcb976fcab82c.json,audio/senior/S77950/4838c83033e14de9a54dcb976fcab82c.wav
S77950,repeat_senior,퍼터커 반복 발음 과제 (어르신),7,퍼터커,senior_repeat_1769488149004_ta7onyls4,2026-01-27T04:29:09.463088+00:00,media/audio/senior/S77950/4aa43f97c67749b3850dcbf2ecdb9782.json,audio/senior/S77950/4aa43f97c67749b3850dcbf2ecdb9782.wav
S77950,repeat_senior,퍼터커 반복 발음 과제 (어르신),2,터,senior_repeat_1769488068494_y1yfyxqsp,2026-01-27T04:27:48.987407+00:00,media/audio/senior/S77950/6db1b320622942bb87badd7cf416c771.json,audio/senior/S77950/6db1b320622942bb87badd7cf416c771.wav
S77950,a_repeat_senior,아 반복 발음 과제 (어르신),,,session_1769487960997_m81sbd4qv3i,2026-01-27T04:26:01.739323+00:00,media/audio/senior/S77950/39f807efd4af494d92b1fffe0024f953.json,audio/senior/S77950/39f807efd4af494d92b1fffe0024f953.wav
S77950,repeat_senior,퍼터커 반복 발음 과제 (어르신),5,커,senior_repeat_1769488109017_bt1s8lu48,2026-01-27T04:28:29.763233+00:00,media/audio/senior/S77950/6d5a0bd61e8e4b4c95ed1f76bb13d093.json,audio/senior/S77950/6d5a0bd61e8e4b4c95ed1f76bb13d093.wav
S77950,repeat_senior,퍼터커 반복 발음 과제 (어르신),0,퍼,senior_repeat_1769488038997_6wk4kinyi,2026-01-27T04:27:19.503033+00:00,media/audio/senior/S77950/53aabcaa54504635b9fcacfdfa10d1e9.json,audio/senior/S77950/53aabcaa54504635b9fcacfdfa10d1e9.wav
S77950,repeat_senior,퍼터커 반복 발음 과제 (어르신),3,터,senior_repeat_1769488079024_029u82b69,2026-01-27T04:27:59.526198+00:00,media/audio/senior/S77950/fe42b44702c14fbda54db589cf2427aa.json,audio/senior/S77950/fe42b44702c14fbda54db589cf2427aa.wav
S77950,a_repeat_senior,아 반복 발음 과제 (어르신),,,session_1769488005659_8m9vzlwqrj6,2026-01-27T04:26:46.116711+00:00,media/audio/senior/S77950/1a1db5d43b214a8eb5a35c7595e32f58.json,audio/senior/S77950/1a1db5d43b214a8eb5a35c7595e32f58.wav
S77950,repeat_senior,퍼터커 반복 발음 과제 (어르신),1,퍼,senior_repeat_1769488056416_jb8tc8w4v,2026-01-27T04:27:36.939055+00:00,media/audio/senior/S77950/d2e83bbb26164322953d08d781e7aaf8.json,audio/senior/S77950/d2e83bbb26164322953d08d781e7aaf8.wav
S19992,repeat_senior,퍼터커 반복 발음 과제 (어르신),4,커,senior_repeat_1764395531417_qo8smllxc,2025-11-29T05:52:11.405752+00:00,media/audio/senior/S19992/bb2e1ad13c574bf1930ad1cfbbffaf8a.json,audio/senior/S19992/bb2e1ad13c574bf1930ad1cfbbffaf8a.wav
S19992,repeat_senior,퍼터커 반복 발음 과제 (어르신),5,커,senior_repeat_1764395540869_chnvm8hyv,2025-11-29T05:52:20.858011+00:00,media/audio/senior/S19992/f239302f0e0d4a55ac1cf7962f79f1a8.json,audio/senior/S19992/f239302f0e0d4a55ac1cf7962f79f1a8.wav
S19992,repeat_senior,퍼터커 반복 발음 과제 (어르신),3,터,senior_repeat_1764395519301_a7ou8bu80,2025-11-29T05:51:59.289541+00:00,media/audio/senior/S19992/7155c7301aaa4f45a4e831459a9acc37.json,audio/senior/S19992/7155c7301aaa4f45a4e831459a9acc37.wav
S19992,repeat_senior,퍼터커 반복 발음 과제 (어르신),1,퍼,senior_repeat_1764395496719_c0zy2cxzw,2025-11-29T05:51:36.743465+00:00,media/audio/senior/S19992/e35c0d554a0c430bbfe3da05babacffb.json,audio/senior/S19992/e35c0d554a0c430bbfe3da05babacffb.wav
S19992,repeat_senior,퍼터커 반복 발음 과제 (어르신),6,퍼터커,senior_repeat_1764395566430_kgs9lfms1,2025-11-29T05:52:46.420135+00:00,media/audio/senior/S19992/dc1d9437cc1f44b993e0ca1de6c18760.json,audio/senior/S19992/dc1d9437cc1f44b993e0ca1de6c18760.wav
S19992,repeat_senior,퍼터커 반복 발음 과제 (어르신),7,퍼터커,senior_repeat_1764395576375_qfgyeq3cg,2025-11-29T05:52:56.366263+00:00,media/audio/senior/S19992/c12d22b6562a4519a93c3fcf3fb5ac6e.json,audio/senior/S19992/c12d22b6562a4519a93c3fcf3fb5ac6e.wav
S19992,repeat_senior,퍼터커 반복 발음 과제 (어르신),0,퍼,senior_repeat_1764395484740_u3upew6l4,2025-11-29T05:51:24.722952+00:00,media/audio/senior/S19992/f76f4d8c80fb4f0a98813a605d1fcc01.json,audio/senior/S19992/f76f4d8c80fb4f0a98813a605d1fcc01.wav
S19992,a_repeat_senior,아 반복 발음 과제 (어르신),,,session_1764395440640_hga61yibgop,2025-11-29T05:50:40.658782+00:00,media/audio/senior/S19992/0cdf07a9d60b4b6cb32ae8c2cadef412.json,audio/senior/S19992/0cdf07a9d60b4b6cb32ae8c2cadef412.wav
S19992,repeat_senior,퍼터커 반복 발음 과제 (어르신),2,터,senior_repeat_1764395507684_3lsrvyax3,2025-11-29T05:51:47.662165+00:00,media/audio/senior/S19992/ffe1ff4d2d9145e1ad4b4545a0426c69.json,audio/senior/S19992/ffe1ff4d2d9145e1ad4b4545a0426c69.wav
S19992,a_repeat_senior,아 반복 발음 과제 (어르신),,,session_1764395431027_v8tsj1npkzp,2025-11-29T05:50:31.029280+00:00,media/audio/senior/S19992/273ec731aa7f47e1831dc8ce2fcb0ca9.json,audio/senior/S19992/273ec731aa7f47e1831dc8ce2fcb0ca9.wav
S63214,a_repeat_senior,아 반복 발음 과제 (어르신),,,session_1764719489670_auu19br1278,2025-12-02T23:51:30.138303+00:00,media/audio/senior/S63214/005057babee04a02b6750f31155d11f4.json,audio/senior/S63214/005057babee04a02b6750f31155d11f4.wav
S63214,repeat_senior,퍼터커 반복 발음 과제 (어르신),1,퍼,senior_repeat_1764719364561_gcmsg6p7u,2025-12-02T23:49:24.944839+00:00,media/audio/senior/S63214/aed1dec665684a7e89f80298d2f6a0a8.json,audio/senior/S63214/aed1dec665684a7e89f80298d2f6a0a8.wav
S63214,a_repeat_senior,아 반복 발음 과제 (어르신),,,session_1764719465422_7dwnw9chpix,2025-12-02T23:51:05.830667+00:00,media/audio/senior/S63214/940ec369829641b6b922157888127f54.json,audio/senior/S63214/940ec369829641b6b922157888127f54.wav
S63214,repeat_senior,퍼터커 반복 발음 과제 (어르신),2,터,senior_repeat_1764719374823_u6jd8u5u2,2025-12-02T23:49:35.186575+00:00,media/audio/senior/S63214/7dfaf5ceb2c74907b574b77c61f10fc0.json,audio/senior/S63214/7dfaf5ceb2c74907b574b77c61f10fc0.wav
S63214,repeat_senior,퍼터커 반복 발음 과제 (어르신),4,커,senior_repeat_1764719395548_5i9q9gaiw,2025-12-02T23:49:55.904331+00:00,media/audio/senior/S63214/c766662a43eb4dcaa17fc872ac5247cb.json,audio/senior/S63214/c766662a43eb4dcaa17fc872ac5247cb.wav
S63214,repeat_senior,퍼터커 반복 발음 과제 (어르신),6,퍼터커,senior_repeat_1764719418176_2zqd2m3qg,2025-12-02T23:50:18.533025+00:00,media/audio/senior/S63214/f0b343536d734c64925b593992438367.json,audio/senior/S63214/f0b343536d734c64925b593992438367.wav
S63214,repeat_senior,퍼터커 반복 발음 과제 (어르신),7,퍼터커,senior_repeat_1764719428644_m1fox9vie,2025-12-02T23:50:28.965360+00:00,media/audio/senior/S63214/4f3db9ac6e7a46a1b21d7e450af5b791.json,audio/senior/S63214/4f3db9ac6e7a46a1b21d7e450af5b791.wav
S63214,repeat_senior,퍼터커 반복 발음 과제 (어르신),3,터,senior_repeat_1764719384821_702gkdkro,2025-12-02T23:49:45.151670+00:00,media/audio/senior/S63214/e98867ae144d4c2090bd653a5f07e124.json,audio/senior/S63214/e98867ae144d4c2090bd653a5f07e124.wav
S63214,repeat_senior,퍼터커 반복 발음 과제 (어르신),0,퍼,senior_repeat_1764719348725_r0po6nwf8,2025-12-02T23:49:09.354670+00:00,media/audio/senior/S63214/8ea90101ff6e4c798f438558131a63c3.json,audio/senior/S63214/8ea90101ff6e4c798f438558131a63c3.wav
S63214,repeat_senior,퍼터커 반복 발음 과제 (어르신),5,커,senior_repeat_1764719404810_127hp3w7m,2025-12-02T23:50:05.179743+00:00,media/audio/senior/S63214/2e49f356756a4296b6e5e4344a470c79.json,audio/senior/S63214/2e49f356756a4296b6e5e4344a470c79.wav
S49889,a_repeat_senior,아 반복 발음 과제 (어르신),,,session_1767074323410_xhf4nunri9q,2025-12-30T05:58:41.431413+00:00,media/audio/senior/S49889/b98a4a649f644e9281d07a389ff3b8a8.json,audio/senior/S49889/b98a4a649f644e9281d07a389ff3b8a8.wav
S49889,repeat_senior,퍼터커 반복 발음 과제 (어르신),0,퍼,senior_repeat_1767074343972_u83gn7627,2025-12-30T05:59:02.004219+00:00,media/audio/senior/S49889/a77810e7fb144b78a616a0c4a47a3c2e.json,audio/senior/S49889/a77810e7fb144b78a616a0c4a47a3c2e.wav
S49889,repeat_senior,퍼터커 반복 발음 과제 (어르신),2,터,senior_repeat_1767074366630_3tha4advx,2025-12-30T05:59:24.661624+00:00,media/audio/senior/S49889/bef531a2ce404664ba0c0e18c9e76408.json,audio/senior/S49889/bef531a2ce404664ba0c0e18c9e76408.wav
S49889,repeat_senior,퍼터커 반복 발음 과제 (어르신),6,퍼터커,senior_repeat_1767074412118_dwsgwu08e,2025-12-30T06:00:10.163103+00:00,media/audio/senior/S49889/7b830742d3614e00a441f9bd8120ceeb.json,audio/senior/S49889/7b830742d3614e00a441f9bd8120ceeb.wav
S49889,repeat_senior,퍼터커 반복 발음 과제 (어르신),4,커,senior_repeat_1767074388064_v7b7qbg6g,2025-12-30T05:59:46.087779+00:00,media/audio/senior/S49889/968d343965e04e32beeea2607a062fb9.json,audio/senior/S49889/968d343965e04e32beeea2607a062fb9.wav
S49889,repeat_senior,퍼터커 반복 발음 과제 (어르신),7,퍼터커,senior_repeat_1767074421872_87hr2cwp5,2025-12-30T06:00:19.905540+00:00,media/audio/senior/S49889/5d9f947fe74a4d28ba76015085b90b53.json,audio/senior/S49889/5d9f947fe74a4d28ba76015085b90b53.wav
S49889,repeat_senior,퍼터커 반복 발음 과제 (어르신),3,터,senior_repeat_1767074377515_dzzfku2rq,2025-12-30T05:59:35.543068+00:00,media/audio/senior/S49889/a599d109cbf54927af0a8ae254e34671.json,audio/senior/S49889/a599d109cbf54927af0a8ae254e34671.wav
S49889,repeat_senior,퍼터커 반복 발음 과제 (어르신),5,커,senior_repeat_1767074398437_dfwmwpgtz,2025-12-30T05:59:56.459393+00:00,media/audio/senior/S49889/a3e0655e4bba4303a5f04c8d42b1680e.json,audio/senior/S49889/a3e0655e4bba4303a5f04c8d42b1680e.wav
S49889,repeat_senior,퍼터커 반복 발음 과제 (어르신),1,퍼,senior_repeat_1767074354101_1jutrn6fh,2025-12-30T05:59:12.123352+00:00,media/audio/senior/S49889/6cbeabb200bb4ad289e91c79a048f768.json,audio/senior/S49889/6cbeabb200bb4ad289e91c79a048f768.wav
S49889,a_repeat_senior,아 반복 발음 과제 (어르신),,,session_1767074314259_3t2f76c22ld,2025-12-30T05:58:32.410457+00:00,media/audio/senior/S49889/723604f209394137b4d44ed3cc7700b8.json,audio/senior/S49889/723604f209394137b4d44ed3cc7700b8.wav
S58875,a_repeat_senior,아 반복 발음 과제 (어르신),,,session_1765094529000_qty1ikpp74,2025-12-07T08:02:09.448526+00:00,media/audio/senior/S58875/cbda299dc978419799116fd0706fed41.json,audio/senior/S58875/cbda299dc978419799116fd0706fed41.wav
S58875,repeat_senior,퍼터커 반복 발음 과제 (어르신),6,퍼터커,senior_repeat_1765094643723_803vou1pd,2025-12-07T08:04:04.130563+00:00,media/audio/senior/S58875/5d4467383aff406fae7ef7df7d5819dc.json,audio/senior/S58875/5d4467383aff406fae7ef7df7d5819dc.wav
S58875,repeat_senior,퍼터커 반복 발음 과제 (어르신),2,터,senior_repeat_1765094582136_j9vbc2f1h,2025-12-07T08:03:02.557375+00:00,media/audio/senior/S58875/42f75bf823524720af38ec39b579c1ca.json,audio/senior/S58875/42f75bf823524720af38ec39b579c1ca.wav
S58875,repeat_senior,퍼터커 반복 발음 과제 (어르신),7,퍼터커,senior_repeat_1765094658047_8fq8xe94d,2025-12-07T08:04:18.500195+00:00,media/audio/senior/S58875/0ba1df40aa514dc5bf482a25c9f4ca9b.json,audio/senior/S58875/0ba1df40aa514dc5bf482a25c9f4ca9b.wav
S58875,repeat_senior,퍼터커 반복 발음 과제 (어르신),1,퍼,senior_repeat_1765094567475_jnopwst6e,2025-12-07T08:02:47.889298+00:00,media/audio/senior/S58875/4fc2edc55a4f4f2fb9c695303a204830.json,audio/senior/S58875/4fc2edc55a4f4f2fb9c695303a204830.wav
S58875,repeat_senior,퍼터커 반복 발음 과제 (어르신),0,퍼,senior_repeat_1765094553445_52uspqc7g,2025-12-07T08:02:33.855959+00:00,media/audio/senior/S58875/5b5580d0ce4d4995872f8d9a60060571.json,audio/senior/S58875/5b5580d0ce4d4995872f8d9a60060571.wav
S58875,repeat_senior,퍼터커 반복 발음 과제 (어르신),5,커,senior_repeat_1765094624227_z6ppag3q2,2025-12-07T08:03:44.627586+00:00,media/audio/senior/S58875/bd9758bbe51340399a3fda6bee37f6a5.json,audio/senior/S58875/bd9758bbe51340399a3fda6bee37f6a5.wav
S58875,a_repeat_senior,아 반복 발음 과제 (어르신),,,session_1765094488961_lt2eysit3kf,2025-12-07T08:01:29.432835+00:00,media/audio/senior/S58875/ad2ba626f2414a7aa896dd2d0ec61ab2.json,audio/senior/S58875/ad2ba626f2414a7aa896dd2d0ec61ab2.wav
S58875,repeat_senior,퍼터커 반복 발음 과제 (어르신),4,커,senior_repeat_1765094612554_7mjwvbgqm,2025-12-07T08:03:33.009895+00:00,media/audio/senior/S58875/691ef07a5cac44e4ac9150e3c5f7539c.json,audio/senior/S58875/691ef07a5cac44e4ac9150e3c5f7539c.wav
S58875,repeat_senior,퍼터커 반복 발음 과제 (어르신),3,터,senior_repeat_1765094596517_8zcs7nxos,2025-12-07T08:03:16.960907+00:00,media/audio/senior/S58875/78882648e5774a40a172c479d8263bcc.json,audio/senior/S58875/78882648e5774a40a172c479d8263bcc.wav
S90695,repeat_senior,퍼터커 반복 발음 과제 (어르신),3,터,senior_repeat_1765675833956_iv2rd6hyu,2025-12-14T01:30:34.928471+00:00,media/audio/senior/S90695/d10ac2527e37450e84412a02d53da3ca.json,audio/senior/S90695/d10ac2527e37450e84412a02d53da3ca.wav
S90695,a_repeat_senior,아 반복 발음 과제 (어르신),,,session_1765675779120_8xgnn6zt6i,2025-12-14T01:29:39.912824+00:00,media/audio/senior/S90695/d06d38e108d44fea8bae565111512819.json,audio/senior/S90695/d06d38e108d44fea8bae565111512819.wav
S90695,repeat_senior,퍼터커 반복 발음 과제 (어르신),7,퍼터커,senior_repeat_1765675912181_mykeyux17,2025-12-14T01:31:52.977134+00:00,media/audio/senior/S90695/5da7f07edc9d49209aaf275b446bb389.json,audio/senior/S90695/5da7f07edc9d49209aaf275b446bb389.wav
S90695,repeat_senior,퍼터커 반복 발음 과제 (어르신),4,커,senior_repeat_1765675849239_v1et5qd74,2025-12-14T01:30:50.141949+00:00,media/audio/senior/S90695/3734b8e1d5b34a419508f8f05a7a0bd2.json,audio/senior/S90695/3734b8e1d5b34a419508f8f05a7a0bd2.wav
S90695,repeat_senior,퍼터커 반복 발음 과제 (어르신),2,터,senior_repeat_1765675821822_40ceyxxpu,2025-12-14T01:30:22.804107+00:00,media/audio/senior/S90695/83d9c10f39484bd2a453d81c94b40c58.json,audio/senior/S90695/83d9c10f39484bd2a453d81c94b40c58.wav
S90695,a_repeat_senior,아 반복 발음 과제 (어르신),,,session_1765675758196_sox7p0ebvw,2025-12-14T01:29:19.157605+00:00,media/audio/senior/S90695/06e2a3786a114c3f8c2fa0b1b068d26e.json,audio/senior/S90695/06e2a3786a114c3f8c2fa0b1b068d26e.wav
S90695,repeat_senior,퍼터커 반복 발음 과제 (어르신),0,퍼,senior_repeat_1765675795688_9em3lao4h,2025-12-14T01:29:56.381368+00:00,media/audio/senior/S90695/c3fbbd335c5a4ecf8c5b26eb3ea9c067.json,audio/senior/S90695/c3fbbd335c5a4ecf8c5b26eb3ea9c067.wav
S90695,repeat_senior,퍼터커 반복 발음 과제 (어르신),1,퍼,senior_repeat_1765675806664_d7y3ivtrw,2025-12-14T01:30:07.384236+00:00,media/audio/senior/S90695/5caf3ef64a6d44f48f49735a67f04e5b.json,audio/senior/S90695/5caf3ef64a6d44f48f49735a67f04e5b.wav
S90695,repeat_senior,퍼터커 반복 발음 과제 (어르신),6,퍼터커,senior_repeat_1765675897765_d4mlx66k5,2025-12-14T01:31:38.510128+00:00,media/audio/senior/S90695/46953628dbf841fb81d7652c42e65a90.json,audio/senior/S90695/46953628dbf841fb81d7652c42e65a90.wav
S90695,repeat_senior,퍼터커 반복 발음 과제 (어르신),5,커,senior_repeat_1765675868489_sqgr3td5o,2025-12-14T01:31:09.512626+00:00,media/audio/senior/S90695/3414ee9e7c464ee697d22337b232c025.json,audio/senior/S90695/3414ee9e7c464ee697d22337b232c025.wav
S2602081431,repeat_senior,퍼터커 반복 발음 과제 (어르신),0,퍼,senior_repeat_1770528842281_1ay24zu34,2026-02-08T05:34:02.800340+00:00,media/audio/senior/S2602081431/f3d31c5eaad747fc8c9908b71e123f4f.json,audio/senior/S2602081431/f3d31c5eaad747fc8c9908b71e123f4f.wav
S2602081431,repeat_senior,퍼터커 반복 발음 과제 (어르신),2,터,senior_repeat_1770528866834_ap5kfp9o9,2026-02-08T05:34:27.408438+00:00,media/audio/senior/S2602081431/ed07c3e0d43b4747a5963c459eb43b41.json,audio/senior/S2602081431/ed07c3e0d43b4747a5963c459eb43b41.wav
S2602081431,a_repeat_senior,아 반복 발음 과제 (어르신),,,session_1770528783163_1vm05xk3tes,2026-02-08T05:33:03.774039+00:00,media/audio/senior/S2602081431/5872eeae86264e198531413cda27e230.json,audio/senior/S2602081431/5872eeae86264e198531413cda27e230.wav
S2602081431,repeat_senior,퍼터커 반복 발음 과제 (어르신),7,퍼터커,senior_repeat_1770528923826_b86vjcolj,2026-02-08T05:35:24.353503+00:00,media/audio/senior/S2602081431/e6d86f1e965a461e9519f673c0196e2d.json,audio/senior/S2602081431/e6d86f1e965a461e9519f673c0196e2d.wav
S2602081431,repeat_senior,퍼터커 반복 발음 과제 (어르신),4,커,senior_repeat_1770528888417_s8e3wv08v,2026-02-08T05:34:48.927964+00:00,media/audio/senior/S2602081431/c9eb451caa664e9e9de330fb26247b65.json,audio/senior/S2602081431/c9eb451caa664e9e9de330fb26247b65.wav
S2602081431,repeat_senior,퍼터커 반복 발음 과제 (어르신),5,커,senior_repeat_1770528897919_tjuj5z9x5,2026-02-08T05:34:58.434942+00:00,media/audio/senior/S2602081431/45189f2588a74170a7d26e10caaa16e7.json,audio/senior/S2602081431/45189f2588a74170a7d26e10caaa16e7.wav
S2602081431,repeat_senior,퍼터커 반복 발음 과제 (어르신),1,퍼,senior_repeat_1770528852724_8htsv0e5z,2026-02-08T05:34:13.340351+00:00,media/audio/senior/S2602081431/ddc0234a0a71411792c48dbd49ba0d80.json,audio/senior/S2602081431/ddc0234a0a71411792c48dbd49ba0d80.wav
S2602081431,repeat_senior,퍼터커 반복 발음 과제 (어르신),6,퍼터커,senior_repeat_1770528912723_jrkyly8j8,2026-02-08T05:35:13.258921+00:00,media/audio/senior/S2602081431/6a3e1c50bcc64ee29fabfd31960049fa.json,audio/senior/S2602081431/6a3e1c50bcc64ee29fabfd31960049fa.wav
S2602081431,repeat_senior,퍼터커 반복 발음 과제 (어르신),3,터,senior_repeat_1770528877202_eb3lrbvli,2026-02-08T05:34:37.719571+00:00,media/audio/senior/S2602081431/fe93d6692cc74a7dbbdb5f87f384d185.json,audio/senior/S2602081431/fe93d6692cc74a7dbbdb5f87f384d185.wav
S2602081431,a_repeat_senior,아 반복 발음 과제 (어르신),,,session_1770528819091_mozi9otl5e,2026-02-08T05:33:39.668554+00:00,media/audio/senior/S2602081431/7167d17cfbe645cba58ecaf1727fcc1b.json,audio/senior/S2602081431/7167d17cfbe645cba58ecaf1727fcc1b.wav
S38118,repeat_senior,퍼터커 반복 발음 과제 (어르신),4,커,senior_repeat_1765679854367_qcdmexgil,2025-12-14T02:37:42.150097+00:00,media/audio/senior/S38118/a8898d59d6334f1ab0b3384ceb6c054a.json,audio/senior/S38118/a8898d59d6334f1ab0b3384ceb6c054a.wav
S38118,repeat_senior,퍼터커 반복 발음 과제 (어르신),6,퍼터커,senior_repeat_1765679896187_y2c9tv9ri,2025-12-14T02:38:17.521118+00:00,media/audio/senior/S38118/14e5106970f74c5a85273d4423514dd5.json,audio/senior/S38118/14e5106970f74c5a85273d4423514dd5.wav
S38118,a_repeat_senior,아 반복 발음 과제 (어르신),,,session_1765679727689_cqzmjpy36zr,2025-12-14T02:35:36.999502+00:00,media/audio/senior/S38118/170607d9b45d4d0abd8961eaeb7f9917.json,audio/senior/S38118/170607d9b45d4d0abd8961eaeb7f9917.wav
S38118,repeat_senior,퍼터커 반복 발음 과제 (어르신),1,퍼,senior_repeat_1765679791258_4wzsyen4e,2025-12-14T02:36:34.662774+00:00,media/audio/senior/S38118/e9a930a07d9e48f8be3d7b5fa62a4011.json,audio/senior/S38118/e9a930a07d9e48f8be3d7b5fa62a4011.wav
S38118,a_repeat_senior,아 반복 발음 과제 (어르신),,,session_1765679753731_fut36ntyyg8,2025-12-14T02:35:55.838430+00:00,media/audio/senior/S38118/e7fb95afe013498b98fb5b1034f7d097.json,audio/senior/S38118/e7fb95afe013498b98fb5b1034f7d097.wav
S38118,repeat_senior,퍼터커 반복 발음 과제 (어르신),2,터,senior_repeat_1765679826052_94117eioa,2025-12-14T02:37:07.702216+00:00,media/audio/senior/S38118/9a39544657644deaa8890d8d633bfae1.json,audio/senior/S38118/9a39544657644deaa8890d8d633bfae1.wav
S38118,repeat_senior,퍼터커 반복 발음 과제 (어르신),7,퍼터커,senior_repeat_1765679911283_flg7imeqk,2025-12-14T02:38:32.341977+00:00,media/audio/senior/S38118/ee4823b60a4f4625aa666fcde6d78f27.json,audio/senior/S38118/ee4823b60a4f4625aa666fcde6d78f27.wav
S38118,repeat_senior,퍼터커 반복 발음 과제 (어르신),5,커,senior_repeat_1765679875190_05potjve2,2025-12-14T02:38:02.713201+00:00,media/audio/senior/S38118/f2212d652b974a2bb9be264c0c5caced.json,audio/senior/S38118/f2212d652b974a2bb9be264c0c5caced.wav
S38118,repeat_senior,퍼터커 반복 발음 과제 (어르신),3,터,senior_repeat_1765679839771_5ej7evsnd,2025-12-14T02:37:20.756441+00:00,media/audio/senior/S38118/43efa83526aa48c6a86047c58375dab1.json,audio/senior/S38118/43efa83526aa48c6a86047c58375dab1.wav
S38118,repeat_senior,퍼터커 반복 발음 과제 (어르신),0,퍼,senior_repeat_1765679774344_xrv1aftbn,2025-12-14T02:36:19.190189+00:00,media/audio/senior/S38118/f619e225db454f27b7f732dbd3bf60b2.json,audio/senior/S38118/f619e225db454f27b7f732dbd3bf60b2.wav
S64143,a_repeat_senior,아 반복 발음 과제 (어르신),,,session_1769653797961_p59k4cekbjq,2026-01-29T02:30:13.242631+00:00,media/audio/senior/S64143/885f2f45d7c24240b84a0deb83c4558d.json,audio/senior/S64143/885f2f45d7c24240b84a0deb83c4558d.wav
S64143,a_repeat_senior,아 반복 발음 과제 (어르신),,,session_1769653833399_fpxfiopglgf,2026-01-29T02:31:05.697779+00:00,media/audio/senior/S64143/4e3ed92619b04a56a0fff8e8d4aad711.json,audio/senior/S64143/4e3ed92619b04a56a0fff8e8d4aad711.wav
S64143,a_repeat_senior,아 반복 발음 과제 (어르신),,,session_1769653763095_57aann3h45i,2026-01-29T02:30:12.981776+00:00,media/audio/senior/S64143/2119d3b55d1c499ea628f2f1154d2471.json,audio/senior/S64143/2119d3b55d1c499ea628f2f1154d2471.wav
S23593,repeat_senior,퍼터커 반복 발음 과제 (어르신),5,커,senior_repeat_1768297485084_zr69w4ur9,2026-01-13T09:44:42.943158+00:00,media/audio/senior/S23593/dc167bb8691643dd9ceb5ce1e48385a9.json,audio/senior/S23593/dc167bb8691643dd9ceb5ce1e48385a9.wav
S23593,repeat_senior,퍼터커 반복 발음 과제 (어르신),1,퍼,senior_repeat_1768297438012_u6btq7yf9,2026-01-13T09:43:56.055293+00:00,media/audio/senior/S23593/519a61d68e064dfc8b6b0143462c77cf.json,audio/senior/S23593/519a61d68e064dfc8b6b0143462c77cf.wav
S23593,repeat_senior,퍼터커 반복 발음 과제 (어르신),2,터,senior_repeat_1768297453132_mucjd0rim,2026-01-13T09:44:10.943986+00:00,media/audio/senior/S23593/a7d2a7ec7f0f44e5917b9cd2eb176579.json,audio/senior/S23593/a7d2a7ec7f0f44e5917b9cd2eb176579.wav
S23593,repeat_senior,퍼터커 반복 발음 과제 (어르신),0,퍼,senior_repeat_1768297426916_bfpxe6rfk,2026-01-13T09:43:45.092208+00:00,media/audio/senior/S23593/2c543f888173468ab6c49e8821b103f4.json,audio/senior/S23593/2c543f888173468ab6c49e8821b103f4.wav
S23593,repeat_senior,퍼터커 반복 발음 과제 (어르신),6,퍼터커,senior_repeat_1768297501537_s6pt6qved,2026-01-13T09:44:59.476059+00:00,media/audio/senior/S23593/9b4b6af86f7d42d8973b24486f4e32fa.json,audio/senior/S23593/9b4b6af86f7d42d8973b24486f4e32fa.wav
S23593,repeat_senior,퍼터커 반복 발음 과제 (어르신),4,커,senior_repeat_1768297474983_uomieh8n2,2026-01-13T09:44:32.803384+00:00,media/audio/senior/S23593/f709372d5a914a008b346f647c711952.json,audio/senior/S23593/f709372d5a914a008b346f647c711952.wav
S23593,a_repeat_senior,아 반복 발음 과제 (어르신),,,session_1768297398512_hksv7xwzt2f,2026-01-13T09:43:16.406583+00:00,media/audio/senior/S23593/4be9fbc0b279487ebe389f8ae722812a.json,audio/senior/S23593/4be9fbc0b279487ebe389f8ae722812a.wav
S23593,repeat_senior,퍼터커 반복 발음 과제 (어르신),7,퍼터커,senior_repeat_1768297514309_wdxccv0od,2026-01-13T09:45:12.415863+00:00,media/audio/senior/S23593/b4f514731060444ca9a7ec3cb5d81d2c.json,audio/senior/S23593/b4f514731060444ca9a7ec3cb5d81d2c.wav
S23593,a_repeat_senior,아 반복 발음 과제 (어르신),,,session_1768297373255_m6f7s12425m,2026-01-13T09:42:51.282924+00:00,media/audio/senior/S23593/4e750bd8d8734a3cb8dc89d60f4a86e3.json,audio/senior/S23593/4e750bd8d8734a3cb8dc89d60f4a86e3.wav
S23593,repeat_senior,퍼터커 반복 발음 과제 (어르신),3,터,senior_repeat_1768297463847_vvvp4n4nf,2026-01-13T09:44:21.652604+00:00,media/audio/senior/S23593/5e807d5a533147719feafa5097a7fe6c.json,audio/senior/S23593/5e807d5a533147719feafa5097a7fe6c.wav
S80979,repeat_senior,퍼터커 반복 발음 과제 (어르신),0,퍼,senior_repeat_1761652789354_r8cpfa8kf,2025-10-28T11:59:53.699451+00:00,media/audio/senior/S80979/6aac1b0530bb407eacd25bb92aa39b7d.json,audio/senior/6aac1b0530bb407eacd25bb92aa39b7d.wav
S68065,repeat_senior,퍼터커 반복 발음 과제 (어르신),6,퍼터커,senior_repeat_1769737252180_abdesw7e1,2026-01-30T01:40:49.858336+00:00,media/audio/senior/S68065/b1667106f6924affbdff919a76836af5.json,audio/senior/S68065/b1667106f6924affbdff919a76836af5.wav
S68065,repeat_senior,퍼터커 반복 발음 과제 (어르신),5,커,senior_repeat_1769737237723_qodlk6rpy,2026-01-30T01:40:35.400751+00:00,media/audio/senior/S68065/8bbb1c0587b5489db49a251fc1c02558.json,audio/senior/S68065/8bbb1c0587b5489db49a251fc1c02558.wav
S68065,a_repeat_senior,아 반복 발음 과제 (어르신),,,session_1769737135169_0k2u8od2kkv,2026-01-30T01:38:52.982289+00:00,media/audio/senior/S68065/8fe967a86ca94a90a6146d88f8e9e9ad.json,audio/senior/S68065/8fe967a86ca94a90a6146d88f8e9e9ad.wav
S68065,repeat_senior,퍼터커 반복 발음 과제 (어르신),2,터,senior_repeat_1769737199248_jhm319c89,2026-01-30T01:39:56.936796+00:00,media/audio/senior/S68065/81b5942bb6da4526b82d3d33a3af7c3e.json,audio/senior/S68065/81b5942bb6da4526b82d3d33a3af7c3e.wav
S68065,repeat_senior,퍼터커 반복 발음 과제 (어르신),3,터,senior_repeat_1769737208995_3wr7jjp6d,2026-01-30T01:40:06.693271+00:00,media/audio/senior/S68065/23edf2765a4048f89e5985239a8e9055.json,audio/senior/S68065/23edf2765a4048f89e5985239a8e9055.wav
S68065,repeat_senior,퍼터커 반복 발음 과제 (어르신),0,퍼,senior_repeat_1769737154395_1sl0nmar6,2026-01-30T01:39:12.146683+00:00,media/audio/senior/S68065/3758ec2c8f504edf8c8e1d871259384b.json,audio/senior/S68065/3758ec2c8f504edf8c8e1d871259384b.wav
S68065,a_repeat_senior,아 반복 발음 과제 (어르신),,,session_1769737124260_9s14xhxd3n,2026-01-30T01:38:42.012093+00:00,media/audio/senior/S68065/08ca2ed237764d79924bd23f7d161292.json,audio/senior/S68065/08ca2ed237764d79924bd23f7d161292.wav
S68065,repeat_senior,퍼터커 반복 발음 과제 (어르신),1,퍼,senior_repeat_1769737162403_obtqiz7bg,2026-01-30T01:39:20.108577+00:00,media/audio/senior/S68065/7df1401decff4d4dad3b557b4022bb9d.json,audio/senior/S68065/7df1401decff4d4dad3b557b4022bb9d.wav
S68065,repeat_senior,퍼터커 반복 발음 과제 (어르신),4,커,senior_repeat_1769737218926_azael4k66,2026-01-30T01:40:16.655963+00:00,media/audio/senior/S68065/d5df11a6286b46b4a3c7f214e9d28c87.json,audio/senior/S68065/d5df11a6286b46b4a3c7f214e9d28c87.wav
S68065,repeat_senior,퍼터커 반복 발음 과제 (어르신),7,퍼터커,senior_repeat_1769737262880_04m1df7ws,2026-01-30T01:41:00.608207+00:00,media/audio/senior/S68065/87032b2b59be43fabd636e594efe437a.json,audio/senior/S68065/87032b2b59be43fabd636e594efe437a.wav
S51674,repeat_senior,퍼터커 반복 발음 과제 (어르신),6,퍼터커,senior_repeat_1763109580880_omewak9bg,2025-11-14T08:39:40.798026+00:00,media/audio/senior/S51674/349c55757d564710a11616801eb1c185.json,audio/senior/349c55757d564710a11616801eb1c185.wav
S51674,repeat_senior,퍼터커 반복 발음 과제 (어르신),0,퍼,senior_repeat_1763109520640_f3v81h6hm,2025-11-14T08:38:40.552120+00:00,media/audio/senior/S51674/eee68eb2a64d43d084d98913c0309fc4.json,audio/senior/eee68eb2a64d43d084d98913c0309fc4.wav
S51674,repeat_senior,퍼터커 반복 발음 과제 (어르신),1,퍼,senior_repeat_1763109529699_82cqdo8s5,2025-11-14T08:38:49.587800+00:00,media/audio/senior/S51674/52fceb0e2a11465da6619b7365042d47.json,audio/senior/52fceb0e2a11465da6619b7365042d47.wav
S51674,repeat_senior,퍼터커 반복 발음 과제 (어르신),5,커,senior_repeat_1763109568566_v4gdc0zl5,2025-11-14T08:39:28.427251+00:00,media/audio/senior/S51674/17bd0a6a75f249549deb2002fca55597.json,audio/senior/17bd0a6a75f249549deb2002fca55597.wav
S51674,a_repeat_senior,아 반복 발음 과제 (어르신),,,session_1763109497497_vktre3cgkaf,2025-11-14T08:38:17.647447+00:00,media/audio/senior/S51674/a641a738ba1f4ff79a4932c46bcfbbdf.json,audio/senior/a641a738ba1f4ff79a4932c46bcfbbdf.wav
S51674,repeat_senior,퍼터커 반복 발음 과제 (어르신),3,터,senior_repeat_1763109550100_4e1ymcq15,2025-11-14T08:39:09.999397+00:00,media/audio/senior/S51674/4f54e9462f2b489aa2025bab630d9b4a.json,audio/senior/4f54e9462f2b489aa2025bab630d9b4a.wav
S51674,repeat_senior,퍼터커 반복 발음 과제 (어르신),4,커,senior_repeat_1763109560774_cka4nt3m1,2025-11-14T08:39:20.879942+00:00,media/audio/senior/S51674/b59f5958d144493a9de37016c614fc60.json,audio/senior/b59f5958d144493a9de37016c614fc60.wav
S51674,repeat_senior,퍼터커 반복 발음 과제 (어르신),2,터,senior_repeat_1763109539974_b8pg6deod,2025-11-14T08:38:59.823414+00:00,media/audio/senior/S51674/0ab15b290fa14617b710a171c06d432a.json,audio/senior/0ab15b290fa14617b710a171c06d432a.wav
S51674,repeat_senior,퍼터커 반복 발음 과제 (어르신),7,퍼터커,senior_repeat_1763109592179_fu4udl0g3,2025-11-14T08:39:52.138317+00:00,media/audio/senior/S51674/a509f227f8924bd49a1b817039974f78.json,audio/senior/a509f227f8924bd49a1b817039974f78.wav
S51674,a_repeat_senior,아 반복 발음 과제 (어르신),,,session_1763109510622_f6ujzme41r,2025-11-14T08:38:30.674986+00:00,media/audio/senior/S51674/b07793b07b5f47e4be2d563aec02f31e.json,audio/senior/b07793b07b5f47e4be2d563aec02f31e.wav
S59736,repeat_senior,퍼터커 반복 발음 과제 (어르신),0,퍼,senior_repeat_1765281841082_nhcg17r19,2025-12-09T12:04:01.383560+00:00,media/audio/senior/S59736/98756a67210542729f76248c867d4c0e.json,audio/senior/S59736/98756a67210542729f76248c867d4c0e.wav
S59736,repeat_senior,퍼터커 반복 발음 과제 (어르신),1,퍼,senior_repeat_1765281852120_mjiaw6ra3,2025-12-09T12:04:12.420958+00:00,media/audio/senior/S59736/2509a1a2c302420a98ecbca6cb04a4cb.json,audio/senior/S59736/2509a1a2c302420a98ecbca6cb04a4cb.wav
S59736,a_repeat_senior,아 반복 발음 과제 (어르신),,,session_1765281820843_vot7hbqq0s,2025-12-09T12:03:41.157074+00:00,media/audio/senior/S59736/3f30879c30a345ec8e048a7e5142a85b.json,audio/senior/S59736/3f30879c30a345ec8e048a7e5142a85b.wav
S59736,a_repeat_senior,아 반복 발음 과제 (어르신),,,session_1765281807440_26ft4bm6t3,2025-12-09T12:03:27.857412+00:00,media/audio/senior/S59736/adf4690369284560acbfe9e0f50a5603.json,audio/senior/S59736/adf4690369284560acbfe9e0f50a5603.wav
S59736,repeat_senior,퍼터커 반복 발음 과제 (어르신),2,터,senior_repeat_1765281864965_a8qudhf0n,2025-12-09T12:04:25.261164+00:00,media/audio/senior/S59736/18d9915e70bf428d8798b16a98684c8b.json,audio/senior/S59736/18d9915e70bf428d8798b16a98684c8b.wav
S59736,repeat_senior,퍼터커 반복 발음 과제 (어르신),6,퍼터커,senior_repeat_1765281910717_r4p91igr9,2025-12-09T12:05:11.023468+00:00,media/audio/senior/S59736/a250ef29993e47519893010ae4dfb0bb.json,audio/senior/S59736/a250ef29993e47519893010ae4dfb0bb.wav
S59736,repeat_senior,퍼터커 반복 발음 과제 (어르신),4,커,senior_repeat_1765281886120_n6ac81hmc,2025-12-09T12:04:46.417824+00:00,media/audio/senior/S59736/489edbc61c9448a8913b85b261755e41.json,audio/senior/S59736/489edbc61c9448a8913b85b261755e41.wav
S59736,repeat_senior,퍼터커 반복 발음 과제 (어르신),5,커,senior_repeat_1765281896249_d37cnu0dh,2025-12-09T12:04:56.545779+00:00,media/audio/senior/S59736/6840b7988d924147a0a8e7e38db7cc98.json,audio/senior/S59736/6840b7988d924147a0a8e7e38db7cc98.wav
S59736,repeat_senior,퍼터커 반복 발음 과제 (어르신),3,터,senior_repeat_1765281875066_kkbdfd8lc,2025-12-09T12:04:35.362049+00:00,media/audio/senior/S59736/9543b3014c9d40049a689f2a3fb6bff6.json,audio/senior/S59736/9543b3014c9d40049a689f2a3fb6bff6.wav
S59736,repeat_senior,퍼터커 반복 발음 과제 (어르신),7,퍼터커,senior_repeat_1765281922252_1lb4eqrnz,2025-12-09T12:05:22.555921+00:00,media/audio/senior/S59736/f45e454f5c774df6988bcb4a9d61e52f.json,audio/senior/S59736/f45e454f5c774df6988bcb4a9d61e52f.wav
